line	legacy_line_name	sample_alias	library_name	collection_date	source_fastq_R1	source_fastq_R2	target_fastq_R1	target_fastq_R2
ISC_001.1	1002x6038_rep1	ISC_001.1_F10batch1	33H3	2024-11-04	01_unzip_raw_data/04_unzip_F10_batch1/plate_directories/375339/375339_CCGAAGCGCTTGCTAACTAT_S120_R1_001.fastq.gz	01_unzip_raw_data/04_unzip_F10_batch1/plate_directories/375339/375339_CCGAAGCGCTTGCTAACTAT_S120_R2_001.fastq.gz	03_rename_fastq_files/F10_batch1/_ISC_001.1_F10batch1_33H3_run1_R1.fastq.gz	03_rename_fastq_files/F10_batch1/_ISC_001.1_F10batch1_33H3_run1_R2.fastq.gz
ISC_002.2	1002x6038_rep2	ISC_002.2_F10batch1	33G3	2024-11-04	01_unzip_raw_data/04_unzip_F10_batch1/plate_directories/376780/376780_TCCGCCAATTCTCCGTGCTG_S23_R1_001.fastq.gz	01_unzip_raw_data/04_unzip_F10_batch1/plate_directories/376780/376780_TCCGCCAATTCTCCGTGCTG_S23_R2_001.fastq.gz	03_rename_fastq_files/F10_batch1/_ISC_002.2_F10batch1_33G3_run1_R1.fastq.gz	03_rename_fastq_files/F10_batch1/_ISC_002.2_F10batch1_33G3_run1_R2.fastq.gz
ISC_003.1	1002x6244_rep1	ISC_003.1_F10batch1	33B10	2024-11-04	01_unzip_raw_data/04_unzip_F10_batch1/plate_directories/376780/376780_GCACCACCAATGGTACTGAT_S74_R1_001.fastq.gz	01_unzip_raw_data/04_unzip_F10_batch1/plate_directories/376780/376780_GCACCACCAATGGTACTGAT_S74_R2_001.fastq.gz	03_rename_fastq_files/F10_batch1/_ISC_003.1_F10batch1_33B10_run1_R1.fastq.gz	03_rename_fastq_files/F10_batch1/_ISC_003.1_F10batch1_33B10_run1_R2.fastq.gz
ISC_004.2	1002x6244_rep2	ISC_004.2_F10batch1	33B11	2024-11-04	01_unzip_raw_data/04_unzip_F10_batch1/plate_directories/375338/375338_TTGTAACGGTCTCATAGCGA_S82_R1_001.fastq.gz	01_unzip_raw_data/04_unzip_F10_batch1/plate_directories/375338/375338_TTGTAACGGTCTCATAGCGA_S82_R2_001.fastq.gz	03_rename_fastq_files/F10_batch1/_ISC_004.2_F10batch1_33B11_run1_R1.fastq.gz	03_rename_fastq_files/F10_batch1/_ISC_004.2_F10batch1_33B11_run1_R2.fastq.gz
ISC_005.1	1061x6131_rep1	ISC_005.1_F10batch1	33E7	2024-11-04	01_unzip_raw_data/04_unzip_F10_batch1/plate_directories/376780/376780_GATTCTGAATAGCGGTGGAC_S53_R1_001.fastq.gz	01_unzip_raw_data/04_unzip_F10_batch1/plate_directories/376780/376780_GATTCTGAATAGCGGTGGAC_S53_R2_001.fastq.gz	03_rename_fastq_files/F10_batch1/_ISC_005.1_F10batch1_33E7_run1_R1.fastq.gz	03_rename_fastq_files/F10_batch1/_ISC_005.1_F10batch1_33E7_run1_R2.fastq.gz
ISC_006.2	1061x6131_rep2	ISC_006.2_F10batch1	33F4	2024-11-04	01_unzip_raw_data/04_unzip_F10_batch1/plate_directories/369396/369396_TGCCTGGTGGCTTATGGAAT_S30_R1_001.fastq.gz	01_unzip_raw_data/04_unzip_F10_batch1/plate_directories/369396/369396_TGCCTGGTGGCTTATGGAAT_S30_R2_001.fastq.gz	03_rename_fastq_files/F10_batch1/_ISC_006.2_F10batch1_33F4_run1_R1.fastq.gz	03_rename_fastq_files/F10_batch1/_ISC_006.2_F10batch1_33F4_run1_R2.fastq.gz
ISC_007.1	1062x6108_rep1	ISC_007.1_F10batch1	33C2	2024-11-04	01_unzip_raw_data/04_unzip_F10_batch1/plate_directories/369396/369396_GAACATACGGCATACACTGT_S11_R1_001.fastq.gz	01_unzip_raw_data/04_unzip_F10_batch1/plate_directories/369396/369396_GAACATACGGCATACACTGT_S11_R2_001.fastq.gz	03_rename_fastq_files/F10_batch1/_ISC_007.1_F10batch1_33C2_run1_R1.fastq.gz	03_rename_fastq_files/F10_batch1/_ISC_007.1_F10batch1_33C2_run1_R2.fastq.gz
ISC_008.2	1062x6108_rep2	ISC_008.2_F10batch1	33A2	2024-11-04	01_unzip_raw_data/04_unzip_F10_batch1/plate_directories/369396/369396_CTACTCAGTCGTTGATAGTG_S9_R1_001.fastq.gz	01_unzip_raw_data/04_unzip_F10_batch1/plate_directories/369396/369396_CTACTCAGTCGTTGATAGTG_S9_R2_001.fastq.gz	03_rename_fastq_files/F10_batch1/_ISC_008.2_F10batch1_33A2_run1_R1.fastq.gz	03_rename_fastq_files/F10_batch1/_ISC_008.2_F10batch1_33A2_run1_R2.fastq.gz
ISC_009.1	1063x1435_rep1	ISC_009.1_F10batch1	33D2	2024-11-04	01_unzip_raw_data/04_unzip_F10_batch1/plate_directories/369396/369396_CCTATGACTCGTGTGGCGCT_S12_R1_001.fastq.gz	01_unzip_raw_data/04_unzip_F10_batch1/plate_directories/369396/369396_CCTATGACTCGTGTGGCGCT_S12_R2_001.fastq.gz	03_rename_fastq_files/F10_batch1/_ISC_009.1_F10batch1_33D2_run1_R1.fastq.gz	03_rename_fastq_files/F10_batch1/_ISC_009.1_F10batch1_33D2_run1_R2.fastq.gz
ISC_010.2	1063x1435_rep2	ISC_010.2_F10batch1	33B8	2024-11-04	01_unzip_raw_data/04_unzip_F10_batch1/plate_directories/369396/369396_CCGAAGCGAGTACTAGTCAA_S58_R1_001.fastq.gz	01_unzip_raw_data/04_unzip_F10_batch1/plate_directories/369396/369396_CCGAAGCGAGTACTAGTCAA_S58_R2_001.fastq.gz	03_rename_fastq_files/F10_batch1/_ISC_010.2_F10batch1_33B8_run1_R1.fastq.gz	03_rename_fastq_files/F10_batch1/_ISC_010.2_F10batch1_33B8_run1_R2.fastq.gz
ISC_011.1	1137x1074_rep1	ISC_011.1_F10batch1	33F11	2024-11-04	01_unzip_raw_data/04_unzip_F10_batch1/plate_directories/369396/369396_GGAATTCCAAACGTCAATAC_S86_R1_001.fastq.gz	01_unzip_raw_data/04_unzip_F10_batch1/plate_directories/369396/369396_GGAATTCCAAACGTCAATAC_S86_R2_001.fastq.gz	03_rename_fastq_files/F10_batch1/_ISC_011.1_F10batch1_33F11_run1_R1.fastq.gz	03_rename_fastq_files/F10_batch1/_ISC_011.1_F10batch1_33F11_run1_R2.fastq.gz
ISC_012.2	1137x1074_rep2	ISC_012.2_F10batch1	33G5	2024-11-04	01_unzip_raw_data/04_unzip_F10_batch1/plate_directories/375339/375339_TGACGGCCGTAGTCAACCAT_S135_R1_001.fastq.gz	01_unzip_raw_data/04_unzip_F10_batch1/plate_directories/375339/375339_TGACGGCCGTAGTCAACCAT_S135_R2_001.fastq.gz	03_rename_fastq_files/F10_batch1/_ISC_012.2_F10batch1_33G5_run1_R1.fastq.gz	03_rename_fastq_files/F10_batch1/_ISC_012.2_F10batch1_33G5_run1_R2.fastq.gz
ISC_013.1	1137x6237_rep1	ISC_013.1_F10batch1	33G1	2024-11-04	01_unzip_raw_data/04_unzip_F10_batch1/plate_directories/376780/376780_TCCGTTATGTTTGTAGTGTA_S7_R1_001.fastq.gz	01_unzip_raw_data/04_unzip_F10_batch1/plate_directories/376780/376780_TCCGTTATGTTTGTAGTGTA_S7_R2_001.fastq.gz	03_rename_fastq_files/F10_batch1/_ISC_013.1_F10batch1_33G1_run1_R1.fastq.gz	03_rename_fastq_files/F10_batch1/_ISC_013.1_F10batch1_33G1_run1_R2.fastq.gz
ISC_014.2	1137x6237_rep2	ISC_014.2_F10batch1	33D5	2024-11-04	01_unzip_raw_data/04_unzip_F10_batch1/plate_directories/369396/369396_TACGGCCGGTTGGCAATATT_S36_R1_001.fastq.gz	01_unzip_raw_data/04_unzip_F10_batch1/plate_directories/369396/369396_TACGGCCGGTTGGCAATATT_S36_R2_001.fastq.gz	03_rename_fastq_files/F10_batch1/_ISC_014.2_F10batch1_33D5_run1_R1.fastq.gz	03_rename_fastq_files/F10_batch1/_ISC_014.2_F10batch1_33D5_run1_R2.fastq.gz
ISC_015.1	1158x6092_rep1	ISC_015.1_F10batch1	33E3	2024-11-04	01_unzip_raw_data/04_unzip_F10_batch1/plate_directories/369397/369397_CCGTGACCGACCGAACGTTG_S117_R1_001.fastq.gz	01_unzip_raw_data/04_unzip_F10_batch1/plate_directories/369397/369397_CCGTGACCGACCGAACGTTG_S117_R2_001.fastq.gz	03_rename_fastq_files/F10_batch1/_ISC_015.1_F10batch1_33E3_run1_R1.fastq.gz	03_rename_fastq_files/F10_batch1/_ISC_015.1_F10batch1_33E3_run1_R2.fastq.gz
ISC_016.2	1158x6092_rep2	ISC_016.2_F10batch1	33G8	2024-11-04	01_unzip_raw_data/04_unzip_F10_batch1/plate_directories/376780/376780_TCCGGACTAGGACGAACAAT_S63_R1_001.fastq.gz	01_unzip_raw_data/04_unzip_F10_batch1/plate_directories/376780/376780_TCCGGACTAGGACGAACAAT_S63_R2_001.fastq.gz	03_rename_fastq_files/F10_batch1/_ISC_016.2_F10batch1_33G8_run1_R1.fastq.gz	03_rename_fastq_files/F10_batch1/_ISC_016.2_F10batch1_33G8_run1_R2.fastq.gz
ISC_017.1	1254x6076_rep1	ISC_017.1_F10batch1	33E10	2024-11-04	01_unzip_raw_data/04_unzip_F10_batch1/plate_directories/369396/369396_GGATACCAGACGTTGCTTAC_S77_R1_001.fastq.gz	01_unzip_raw_data/04_unzip_F10_batch1/plate_directories/369396/369396_GGATACCAGACGTTGCTTAC_S77_R2_001.fastq.gz	03_rename_fastq_files/F10_batch1/_ISC_017.1_F10batch1_33E10_run1_R1.fastq.gz	03_rename_fastq_files/F10_batch1/_ISC_017.1_F10batch1_33E10_run1_R2.fastq.gz
ISC_019.1	1257x8334_rep1	ISC_019.1_F10batch1	33E8	2024-11-04	01_unzip_raw_data/04_unzip_F10_batch1/plate_directories/376780/376780_CTAGATTGCGAGATATGGCG_S61_R1_001.fastq.gz	01_unzip_raw_data/04_unzip_F10_batch1/plate_directories/376780/376780_CTAGATTGCGAGATATGGCG_S61_R2_001.fastq.gz	03_rename_fastq_files/F10_batch1/_ISC_019.1_F10batch1_33E8_run1_R1.fastq.gz	03_rename_fastq_files/F10_batch1/_ISC_019.1_F10batch1_33E8_run1_R2.fastq.gz
ISC_020.2	1257x8334_rep2	ISC_020.2_F10batch1	33F6	2024-11-04	01_unzip_raw_data/04_unzip_F10_batch1/plate_directories/376780/376780_ACAACTACTGAGTTATCACA_S46_R1_001.fastq.gz	01_unzip_raw_data/04_unzip_F10_batch1/plate_directories/376780/376780_ACAACTACTGAGTTATCACA_S46_R2_001.fastq.gz	03_rename_fastq_files/F10_batch1/_ISC_020.2_F10batch1_33F6_run1_R1.fastq.gz	03_rename_fastq_files/F10_batch1/_ISC_020.2_F10batch1_33F6_run1_R2.fastq.gz
ISC_021.1	1317x6276_rep1	ISC_021.1_F10batch1	33H4	2024-11-04	01_unzip_raw_data/04_unzip_F10_batch1/plate_directories/375339/375339_ACTCTATTGTATCGCATATG_S128_R1_001.fastq.gz	01_unzip_raw_data/04_unzip_F10_batch1/plate_directories/375339/375339_ACTCTATTGTATCGCATATG_S128_R2_001.fastq.gz	03_rename_fastq_files/F10_batch1/_ISC_021.1_F10batch1_33H4_run1_R1.fastq.gz	03_rename_fastq_files/F10_batch1/_ISC_021.1_F10batch1_33H4_run1_R2.fastq.gz
ISC_022.2	1317x6276_rep2	ISC_022.2_F10batch1	33H3	2024-11-04	01_unzip_raw_data/04_unzip_F10_batch1/plate_directories/376780/376780_AGGACAGGCCCATTCCAGCT_S24_R1_001.fastq.gz	01_unzip_raw_data/04_unzip_F10_batch1/plate_directories/376780/376780_AGGACAGGCCCATTCCAGCT_S24_R2_001.fastq.gz	03_rename_fastq_files/F10_batch1/_ISC_022.2_F10batch1_33H3_run1_R1.fastq.gz	03_rename_fastq_files/F10_batch1/_ISC_022.2_F10batch1_33H3_run1_R2.fastq.gz
ISC_023.1	1318x6035_rep1	ISC_023.1_F10batch1	33B12	2024-11-04	01_unzip_raw_data/04_unzip_F10_batch1/plate_directories/369396/369396_CGCTTGAAGTGAACCATGAA_S90_R1_001.fastq.gz	01_unzip_raw_data/04_unzip_F10_batch1/plate_directories/369396/369396_CGCTTGAAGTGAACCATGAA_S90_R2_001.fastq.gz	03_rename_fastq_files/F10_batch1/_ISC_023.1_F10batch1_33B12_run1_R1.fastq.gz	03_rename_fastq_files/F10_batch1/_ISC_023.1_F10batch1_33B12_run1_R2.fastq.gz
ISC_024.2	1318x6035_rep2	ISC_024.2_F10batch1	33D8	2024-11-04	01_unzip_raw_data/04_unzip_F10_batch1/plate_directories/375338/375338_TTCCAGGTAAACAGTTCCAG_S60_R1_001.fastq.gz	01_unzip_raw_data/04_unzip_F10_batch1/plate_directories/375338/375338_TTCCAGGTAAACAGTTCCAG_S60_R2_001.fastq.gz	03_rename_fastq_files/F10_batch1/_ISC_024.2_F10batch1_33D8_run1_R1.fastq.gz	03_rename_fastq_files/F10_batch1/_ISC_024.2_F10batch1_33D8_run1_R2.fastq.gz
ISC_025.1	1367x8256_rep1	ISC_025.1_F10batch1	33A1	2024-11-04	01_unzip_raw_data/04_unzip_F10_batch1/plate_directories/375338/375338_CGCTCAGTTCTCGTGGAGCG_S1_R1_001.fastq.gz	01_unzip_raw_data/04_unzip_F10_batch1/plate_directories/375338/375338_CGCTCAGTTCTCGTGGAGCG_S1_R2_001.fastq.gz	03_rename_fastq_files/F10_batch1/_ISC_025.1_F10batch1_33A1_run1_R1.fastq.gz	03_rename_fastq_files/F10_batch1/_ISC_025.1_F10batch1_33A1_run1_R2.fastq.gz
ISC_026.2	1367x8256_rep2	ISC_026.2_F10batch1	33C11	2024-11-04	01_unzip_raw_data/04_unzip_F10_batch1/plate_directories/376780/376780_TATCCGAGGCGGCCAATAAG_S83_R1_001.fastq.gz	01_unzip_raw_data/04_unzip_F10_batch1/plate_directories/376780/376780_TATCCGAGGCGGCCAATAAG_S83_R2_001.fastq.gz	03_rename_fastq_files/F10_batch1/_ISC_026.2_F10batch1_33C11_run1_R1.fastq.gz	03_rename_fastq_files/F10_batch1/_ISC_026.2_F10batch1_33C11_run1_R2.fastq.gz
ISC_027.1	1435x6240_rep1	ISC_027.1_F10batch1	33C4	2024-11-04	01_unzip_raw_data/04_unzip_F10_batch1/plate_directories/375339/375339_TTACAGTTAGACATGCATAT_S123_R1_001.fastq.gz	01_unzip_raw_data/04_unzip_F10_batch1/plate_directories/375339/375339_TTACAGTTAGACATGCATAT_S123_R2_001.fastq.gz	03_rename_fastq_files/F10_batch1/_ISC_027.1_F10batch1_33C4_run1_R1.fastq.gz	03_rename_fastq_files/F10_batch1/_ISC_027.1_F10batch1_33C4_run1_R2.fastq.gz
ISC_028.2	1435x6240_rep2	ISC_028.2_F10batch1	33E8	2024-11-04	01_unzip_raw_data/04_unzip_F10_batch1/plate_directories/375339/375339_TCTCAATACCGACGTTCGCG_S157_R1_001.fastq.gz	01_unzip_raw_data/04_unzip_F10_batch1/plate_directories/375339/375339_TCTCAATACCGACGTTCGCG_S157_R2_001.fastq.gz	03_rename_fastq_files/F10_batch1/_ISC_028.2_F10batch1_33E8_run1_R1.fastq.gz	03_rename_fastq_files/F10_batch1/_ISC_028.2_F10batch1_33E8_run1_R2.fastq.gz
ISC_029.1	1552x1158_rep1	ISC_029.1_F10batch1	33G4	2024-11-04	01_unzip_raw_data/04_unzip_F10_batch1/plate_directories/375339/375339_TAGCATAACCGCTATGCGCA_S127_R1_001.fastq.gz	01_unzip_raw_data/04_unzip_F10_batch1/plate_directories/375339/375339_TAGCATAACCGCTATGCGCA_S127_R2_001.fastq.gz	03_rename_fastq_files/F10_batch1/_ISC_029.1_F10batch1_33G4_run1_R1.fastq.gz	03_rename_fastq_files/F10_batch1/_ISC_029.1_F10batch1_33G4_run1_R2.fastq.gz
ISC_031.1	1585x9427_rep1	ISC_031.1_F10batch1	33A4	2024-11-04	01_unzip_raw_data/04_unzip_F10_batch1/plate_directories/376780/376780_AGAGAACCTAGGTTATGCTA_S25_R1_001.fastq.gz	01_unzip_raw_data/04_unzip_F10_batch1/plate_directories/376780/376780_AGAGAACCTAGGTTATGCTA_S25_R2_001.fastq.gz	03_rename_fastq_files/F10_batch1/_ISC_031.1_F10batch1_33A4_run1_R1.fastq.gz	03_rename_fastq_files/F10_batch1/_ISC_031.1_F10batch1_33A4_run1_R2.fastq.gz
ISC_032.2	1585x9427_rep2	ISC_032.2_F10batch1	33F1	2024-11-04	01_unzip_raw_data/04_unzip_F10_batch1/plate_directories/369397/369397_ATGGCGCCTGTCCACGGCCT_S102_R1_001.fastq.gz	01_unzip_raw_data/04_unzip_F10_batch1/plate_directories/369397/369397_ATGGCGCCTGTCCACGGCCT_S102_R2_001.fastq.gz	03_rename_fastq_files/F10_batch1/_ISC_032.2_F10batch1_33F1_run1_R1.fastq.gz	03_rename_fastq_files/F10_batch1/_ISC_032.2_F10batch1_33F1_run1_R2.fastq.gz
ISC_033.1	175x6913_rep1	ISC_033.1_F10batch1	33H11	2024-11-04	01_unzip_raw_data/04_unzip_F10_batch1/plate_directories/376780/376780_ATCCAGGTATCAACGTCAGC_S88_R1_001.fastq.gz	01_unzip_raw_data/04_unzip_F10_batch1/plate_directories/376780/376780_ATCCAGGTATCAACGTCAGC_S88_R2_001.fastq.gz	03_rename_fastq_files/F10_batch1/_ISC_033.1_F10batch1_33H11_run1_R1.fastq.gz	03_rename_fastq_files/F10_batch1/_ISC_033.1_F10batch1_33H11_run1_R2.fastq.gz
ISC_034.2	175x6913_rep2	ISC_034.2_F10batch1	33H9	2024-11-04	01_unzip_raw_data/04_unzip_F10_batch1/plate_directories/369396/369396_CCACCTGTGTTGAGCGTTGT_S72_R1_001.fastq.gz	01_unzip_raw_data/04_unzip_F10_batch1/plate_directories/369396/369396_CCACCTGTGTTGAGCGTTGT_S72_R2_001.fastq.gz	03_rename_fastq_files/F10_batch1/_ISC_034.2_F10batch1_33H9_run1_R1.fastq.gz	03_rename_fastq_files/F10_batch1/_ISC_034.2_F10batch1_33H9_run1_R2.fastq.gz
ISC_035.1	5829x9336_rep1	ISC_035.1_F10batch1	33E2	2024-11-04	01_unzip_raw_data/04_unzip_F10_batch1/plate_directories/375338/375338_TAATGGCAAGATCACGAAGG_S13_R1_001.fastq.gz	01_unzip_raw_data/04_unzip_F10_batch1/plate_directories/375338/375338_TAATGGCAAGATCACGAAGG_S13_R2_001.fastq.gz	03_rename_fastq_files/F10_batch1/_ISC_035.1_F10batch1_33E2_run1_R1.fastq.gz	03_rename_fastq_files/F10_batch1/_ISC_035.1_F10batch1_33E2_run1_R2.fastq.gz
ISC_036.2	5829x9336_rep2	ISC_036.2_F10batch1	33C8	2024-11-04	01_unzip_raw_data/04_unzip_F10_batch1/plate_directories/375339/375339_GCGTATTAATTGCGGTGTTG_S155_R1_001.fastq.gz	01_unzip_raw_data/04_unzip_F10_batch1/plate_directories/375339/375339_GCGTATTAATTGCGGTGTTG_S155_R2_001.fastq.gz	03_rename_fastq_files/F10_batch1/_ISC_036.2_F10batch1_33C8_run1_R1.fastq.gz	03_rename_fastq_files/F10_batch1/_ISC_036.2_F10batch1_33C8_run1_R2.fastq.gz
ISC_037.1	5830x6085_rep1	ISC_037.1_F10batch1	33A12	2024-11-04	01_unzip_raw_data/04_unzip_F10_batch1/plate_directories/375339/375339_TATCACTCTGAACGTTACAT_S185_R1_001.fastq.gz	01_unzip_raw_data/04_unzip_F10_batch1/plate_directories/375339/375339_TATCACTCTGAACGTTACAT_S185_R2_001.fastq.gz	03_rename_fastq_files/F10_batch1/_ISC_037.1_F10batch1_33A12_run1_R1.fastq.gz	03_rename_fastq_files/F10_batch1/_ISC_037.1_F10batch1_33A12_run1_R2.fastq.gz
ISC_038.2	5830x6085_rep2	ISC_038.2_F10batch1	33D9	2024-11-04	01_unzip_raw_data/04_unzip_F10_batch1/plate_directories/375339/375339_GGCGCCATTGACCGCGCAAT_S164_R1_001.fastq.gz	01_unzip_raw_data/04_unzip_F10_batch1/plate_directories/375339/375339_GGCGCCATTGACCGCGCAAT_S164_R2_001.fastq.gz	03_rename_fastq_files/F10_batch1/_ISC_038.2_F10batch1_33D9_run1_R1.fastq.gz	03_rename_fastq_files/F10_batch1/_ISC_038.2_F10batch1_33D9_run1_R2.fastq.gz
ISC_039.1	5831x8237_rep1	ISC_039.1_F10batch1	33E6	2024-11-04	01_unzip_raw_data/04_unzip_F10_batch1/plate_directories/375338/375338_TAGAATAACGCCATAAGGTT_S45_R1_001.fastq.gz	01_unzip_raw_data/04_unzip_F10_batch1/plate_directories/375338/375338_TAGAATAACGCCATAAGGTT_S45_R2_001.fastq.gz	03_rename_fastq_files/F10_batch1/_ISC_039.1_F10batch1_33E6_run1_R1.fastq.gz	03_rename_fastq_files/F10_batch1/_ISC_039.1_F10batch1_33E6_run1_R2.fastq.gz
ISC_040.2	5831x8237_rep2	ISC_040.2_F10batch1	33H1	2024-11-04	01_unzip_raw_data/04_unzip_F10_batch1/plate_directories/369396/369396_TGCCTTGATCCCTTGTTAAT_S8_R1_001.fastq.gz	01_unzip_raw_data/04_unzip_F10_batch1/plate_directories/369396/369396_TGCCTTGATCCCTTGTTAAT_S8_R2_001.fastq.gz	03_rename_fastq_files/F10_batch1/_ISC_040.2_F10batch1_33H1_run1_R1.fastq.gz	03_rename_fastq_files/F10_batch1/_ISC_040.2_F10batch1_33H1_run1_R2.fastq.gz
ISC_041.1	5835x9058_rep1	ISC_041.1_F10batch1	33F9	2024-11-04	01_unzip_raw_data/04_unzip_F10_batch1/plate_directories/369396/369396_ACGTCAATACGGAATTCCAA_S70_R1_001.fastq.gz	01_unzip_raw_data/04_unzip_F10_batch1/plate_directories/369396/369396_ACGTCAATACGGAATTCCAA_S70_R2_001.fastq.gz	03_rename_fastq_files/F10_batch1/_ISC_041.1_F10batch1_33F9_run1_R1.fastq.gz	03_rename_fastq_files/F10_batch1/_ISC_041.1_F10batch1_33F9_run1_R2.fastq.gz
ISC_042.2	5835x9058_rep2	ISC_042.2_F10batch1	33A2	2024-11-04	01_unzip_raw_data/04_unzip_F10_batch1/plate_directories/375339/375339_AACCGAGTTCGATCTCTGGA_S105_R1_001.fastq.gz	01_unzip_raw_data/04_unzip_F10_batch1/plate_directories/375339/375339_AACCGAGTTCGATCTCTGGA_S105_R2_001.fastq.gz	03_rename_fastq_files/F10_batch1/_ISC_042.2_F10batch1_33A2_run1_R1.fastq.gz	03_rename_fastq_files/F10_batch1/_ISC_042.2_F10batch1_33A2_run1_R2.fastq.gz
ISC_043.1	5856x9452_rep1	ISC_043.1_F10batch1	33F11	2024-11-04	01_unzip_raw_data/04_unzip_F10_batch1/plate_directories/376780/376780_AATTCTTGGATTGTCAACTT_S86_R1_001.fastq.gz	01_unzip_raw_data/04_unzip_F10_batch1/plate_directories/376780/376780_AATTCTTGGATTGTCAACTT_S86_R2_001.fastq.gz	03_rename_fastq_files/F10_batch1/_ISC_043.1_F10batch1_33F11_run1_R1.fastq.gz	03_rename_fastq_files/F10_batch1/_ISC_043.1_F10batch1_33F11_run1_R2.fastq.gz
ISC_044.2	5856x9452_rep2	ISC_044.2_F10batch1	33H6	2024-11-04	01_unzip_raw_data/04_unzip_F10_batch1/plate_directories/375339/375339_GGAAGGAGACTGGTGAGTCT_S144_R1_001.fastq.gz	01_unzip_raw_data/04_unzip_F10_batch1/plate_directories/375339/375339_GGAAGGAGACTGGTGAGTCT_S144_R2_001.fastq.gz	03_rename_fastq_files/F10_batch1/_ISC_044.2_F10batch1_33H6_run1_R1.fastq.gz	03_rename_fastq_files/F10_batch1/_ISC_044.2_F10batch1_33H6_run1_R2.fastq.gz
ISC_045.1	5865x8426_rep1	ISC_045.1_F10batch1	33G8	2024-11-04	01_unzip_raw_data/04_unzip_F10_batch1/plate_directories/375338/375338_ACCGCGCAATTTGGCTCCGC_S63_R1_001.fastq.gz	01_unzip_raw_data/04_unzip_F10_batch1/plate_directories/375338/375338_ACCGCGCAATTTGGCTCCGC_S63_R2_001.fastq.gz	03_rename_fastq_files/F10_batch1/_ISC_045.1_F10batch1_33G8_run1_R1.fastq.gz	03_rename_fastq_files/F10_batch1/_ISC_045.1_F10batch1_33G8_run1_R2.fastq.gz
ISC_046.2	5865x8426_rep2	ISC_046.2_F10batch1	33C10	2024-11-04	01_unzip_raw_data/04_unzip_F10_batch1/plate_directories/375339/375339_TAACCGGCGAGCTACATTAG_S171_R1_001.fastq.gz	01_unzip_raw_data/04_unzip_F10_batch1/plate_directories/375339/375339_TAACCGGCGAGCTACATTAG_S171_R2_001.fastq.gz	03_rename_fastq_files/F10_batch1/_ISC_046.2_F10batch1_33C10_run1_R1.fastq.gz	03_rename_fastq_files/F10_batch1/_ISC_046.2_F10batch1_33C10_run1_R2.fastq.gz
ISC_047.1	5867x6913_rep1	ISC_047.1_F10batch1	33B9	2024-11-04	01_unzip_raw_data/04_unzip_F10_batch1/plate_directories/375338/375338_GCGTTGGTATAATTGCTGCG_S66_R1_001.fastq.gz	01_unzip_raw_data/04_unzip_F10_batch1/plate_directories/375338/375338_GCGTTGGTATAATTGCTGCG_S66_R2_001.fastq.gz	03_rename_fastq_files/F10_batch1/_ISC_047.1_F10batch1_33B9_run1_R1.fastq.gz	03_rename_fastq_files/F10_batch1/_ISC_047.1_F10batch1_33B9_run1_R2.fastq.gz
ISC_048.2	5867x6913_rep2	ISC_048.2_F10batch1	33G7	2024-11-04	01_unzip_raw_data/04_unzip_F10_batch1/plate_directories/376780/376780_TTGTATCAGGACAGAGGCCA_S55_R1_001.fastq.gz	01_unzip_raw_data/04_unzip_F10_batch1/plate_directories/376780/376780_TTGTATCAGGACAGAGGCCA_S55_R2_001.fastq.gz	03_rename_fastq_files/F10_batch1/_ISC_048.2_F10batch1_33G7_run1_R1.fastq.gz	03_rename_fastq_files/F10_batch1/_ISC_048.2_F10batch1_33G7_run1_R2.fastq.gz
ISC_049.2	6011x6017_rep2	ISC_049.2_F10batch1	33F5	2024-11-04	01_unzip_raw_data/04_unzip_F10_batch1/plate_directories/375338/375338_CTGTCTGCACTACCATCCGT_S38_R1_001.fastq.gz	01_unzip_raw_data/04_unzip_F10_batch1/plate_directories/375338/375338_CTGTCTGCACTACCATCCGT_S38_R2_001.fastq.gz	03_rename_fastq_files/F10_batch1/_ISC_049.2_F10batch1_33F5_run1_R1.fastq.gz	03_rename_fastq_files/F10_batch1/_ISC_049.2_F10batch1_33F5_run1_R2.fastq.gz
ISC_050.1	6012x997_rep1	ISC_050.1_F10batch1	33A5	2024-11-04	01_unzip_raw_data/04_unzip_F10_batch1/plate_directories/375338/375338_CGTATAATCAGTCGATTACA_S33_R1_001.fastq.gz	01_unzip_raw_data/04_unzip_F10_batch1/plate_directories/375338/375338_CGTATAATCAGTCGATTACA_S33_R2_001.fastq.gz	03_rename_fastq_files/F10_batch1/_ISC_050.1_F10batch1_33A5_run1_R1.fastq.gz	03_rename_fastq_files/F10_batch1/_ISC_050.1_F10batch1_33A5_run1_R2.fastq.gz
ISC_051.2	6012x997_rep2	ISC_051.2_F10batch1	33C8	2024-11-04	01_unzip_raw_data/04_unzip_F10_batch1/plate_directories/375338/375338_GGACCAACAGATAGACCGTT_S59_R1_001.fastq.gz	01_unzip_raw_data/04_unzip_F10_batch1/plate_directories/375338/375338_GGACCAACAGATAGACCGTT_S59_R2_001.fastq.gz	03_rename_fastq_files/F10_batch1/_ISC_051.2_F10batch1_33C8_run1_R1.fastq.gz	03_rename_fastq_files/F10_batch1/_ISC_051.2_F10batch1_33C8_run1_R2.fastq.gz
ISC_052.1	6013x8241_rep1	ISC_052.1_F10batch1	33E5	2024-11-04	01_unzip_raw_data/04_unzip_F10_batch1/plate_directories/375338/375338_GTCGATTACAGATCACCGCG_S37_R1_001.fastq.gz	01_unzip_raw_data/04_unzip_F10_batch1/plate_directories/375338/375338_GTCGATTACAGATCACCGCG_S37_R2_001.fastq.gz	03_rename_fastq_files/F10_batch1/_ISC_052.1_F10batch1_33E5_run1_R1.fastq.gz	03_rename_fastq_files/F10_batch1/_ISC_052.1_F10batch1_33E5_run1_R2.fastq.gz
ISC_053.2	6013x8241_rep2	ISC_053.2_F10batch1	33A9	2024-11-04	01_unzip_raw_data/04_unzip_F10_batch1/plate_directories/375338/375338_AGACACATTAGTAAGGCATA_S65_R1_001.fastq.gz	01_unzip_raw_data/04_unzip_F10_batch1/plate_directories/375338/375338_AGACACATTAGTAAGGCATA_S65_R2_001.fastq.gz	03_rename_fastq_files/F10_batch1/_ISC_053.2_F10batch1_33A9_run1_R1.fastq.gz	03_rename_fastq_files/F10_batch1/_ISC_053.2_F10batch1_33A9_run1_R2.fastq.gz
ISC_055.2	6017x9392_rep2	ISC_055.2_F10batch1	33G12	2024-11-04	01_unzip_raw_data/04_unzip_F10_batch1/plate_directories/376780/376780_TTGAATGTTGCGCAATCTAG_S95_R1_001.fastq.gz	01_unzip_raw_data/04_unzip_F10_batch1/plate_directories/376780/376780_TTGAATGTTGCGCAATCTAG_S95_R2_001.fastq.gz	03_rename_fastq_files/F10_batch1/_ISC_055.2_F10batch1_33G12_run1_R1.fastq.gz	03_rename_fastq_files/F10_batch1/_ISC_055.2_F10batch1_33G12_run1_R2.fastq.gz
ISC_056.1	6019x6012_rep1	ISC_056.1_F10batch1	33F5	2024-11-04	01_unzip_raw_data/04_unzip_F10_batch1/plate_directories/375339/375339_GTGGTATCTGGCTACTATCT_S134_R1_001.fastq.gz	01_unzip_raw_data/04_unzip_F10_batch1/plate_directories/375339/375339_GTGGTATCTGGCTACTATCT_S134_R2_001.fastq.gz	03_rename_fastq_files/F10_batch1/_ISC_056.1_F10batch1_33F5_run1_R1.fastq.gz	03_rename_fastq_files/F10_batch1/_ISC_056.1_F10batch1_33F5_run1_R2.fastq.gz
ISC_057.2	6019x6012_rep2	ISC_057.2_F10batch1	33B12	2024-11-04	01_unzip_raw_data/04_unzip_F10_batch1/plate_directories/375339/375339_AGAATTCGCCCGGCAAGCTC_S186_R1_001.fastq.gz	01_unzip_raw_data/04_unzip_F10_batch1/plate_directories/375339/375339_AGAATTCGCCCGGCAAGCTC_S186_R2_001.fastq.gz	03_rename_fastq_files/F10_batch1/_ISC_057.2_F10batch1_33B12_run1_R1.fastq.gz	03_rename_fastq_files/F10_batch1/_ISC_057.2_F10batch1_33B12_run1_R2.fastq.gz
ISC_058.1	6020x6030_rep1	ISC_058.1_F10batch1	33D11	2024-11-04	01_unzip_raw_data/04_unzip_F10_batch1/plate_directories/369396/369396_GTCCACTTGTGCGCGATGTT_S84_R1_001.fastq.gz	01_unzip_raw_data/04_unzip_F10_batch1/plate_directories/369396/369396_GTCCACTTGTGCGCGATGTT_S84_R2_001.fastq.gz	03_rename_fastq_files/F10_batch1/_ISC_058.1_F10batch1_33D11_run1_R1.fastq.gz	03_rename_fastq_files/F10_batch1/_ISC_058.1_F10batch1_33D11_run1_R2.fastq.gz
ISC_059.2	6020x6030_rep2	ISC_059.2_F10batch1	33H12	2024-11-04	01_unzip_raw_data/04_unzip_F10_batch1/plate_directories/376780/376780_CCGGTAACACGAGTTGTACT_S96_R1_001.fastq.gz	01_unzip_raw_data/04_unzip_F10_batch1/plate_directories/376780/376780_CCGGTAACACGAGTTGTACT_S96_R2_001.fastq.gz	03_rename_fastq_files/F10_batch1/_ISC_059.2_F10batch1_33H12_run1_R1.fastq.gz	03_rename_fastq_files/F10_batch1/_ISC_059.2_F10batch1_33H12_run1_R2.fastq.gz
ISC_060.1	6021x9407_rep1	ISC_060.1_F10batch1	33F11	2024-11-04	01_unzip_raw_data/04_unzip_F10_batch1/plate_directories/375338/375338_GGAATTCCAAACGTCAATAC_S86_R1_001.fastq.gz	01_unzip_raw_data/04_unzip_F10_batch1/plate_directories/375338/375338_GGAATTCCAAACGTCAATAC_S86_R2_001.fastq.gz	03_rename_fastq_files/F10_batch1/_ISC_060.1_F10batch1_33F11_run1_R1.fastq.gz	03_rename_fastq_files/F10_batch1/_ISC_060.1_F10batch1_33F11_run1_R2.fastq.gz
ISC_061.2	6021x9407_rep2	ISC_061.2_F10batch1	33D3	2024-11-04	01_unzip_raw_data/04_unzip_F10_batch1/plate_directories/375338/375338_TCGGCCTATCCGCACATGGC_S20_R1_001.fastq.gz	01_unzip_raw_data/04_unzip_F10_batch1/plate_directories/375338/375338_TCGGCCTATCCGCACATGGC_S20_R2_001.fastq.gz	03_rename_fastq_files/F10_batch1/_ISC_061.2_F10batch1_33D3_run1_R1.fastq.gz	03_rename_fastq_files/F10_batch1/_ISC_061.2_F10batch1_33D3_run1_R2.fastq.gz
ISC_062.1	6023x9380_rep1	ISC_062.1_F10batch1	33D2	2024-11-04	01_unzip_raw_data/04_unzip_F10_batch1/plate_directories/375338/375338_CCTATGACTCGTGTGGCGCT_S12_R1_001.fastq.gz	01_unzip_raw_data/04_unzip_F10_batch1/plate_directories/375338/375338_CCTATGACTCGTGTGGCGCT_S12_R2_001.fastq.gz	03_rename_fastq_files/F10_batch1/_ISC_062.1_F10batch1_33D2_run1_R1.fastq.gz	03_rename_fastq_files/F10_batch1/_ISC_062.1_F10batch1_33D2_run1_R2.fastq.gz
ISC_063.1	6024x1367_rep1	ISC_063.1_F10batch1	33F7	2024-11-04	01_unzip_raw_data/04_unzip_F10_batch1/plate_directories/369396/369396_AAGCTTATGCTTCCGTCGCA_S54_R1_001.fastq.gz	01_unzip_raw_data/04_unzip_F10_batch1/plate_directories/369396/369396_AAGCTTATGCTTCCGTCGCA_S54_R2_001.fastq.gz	03_rename_fastq_files/F10_batch1/_ISC_063.1_F10batch1_33F7_run1_R1.fastq.gz	03_rename_fastq_files/F10_batch1/_ISC_063.1_F10batch1_33F7_run1_R2.fastq.gz
ISC_064.2	6024x1367_rep2	ISC_064.2_F10batch1	33A1	2024-11-04	01_unzip_raw_data/04_unzip_F10_batch1/plate_directories/369396/369396_CGCTCAGTTCTCGTGGAGCG_S1_R1_001.fastq.gz	01_unzip_raw_data/04_unzip_F10_batch1/plate_directories/369396/369396_CGCTCAGTTCTCGTGGAGCG_S1_R2_001.fastq.gz	03_rename_fastq_files/F10_batch1/_ISC_064.2_F10batch1_33A1_run1_R1.fastq.gz	03_rename_fastq_files/F10_batch1/_ISC_064.2_F10batch1_33A1_run1_R2.fastq.gz
ISC_065.1	6024x6124_rep1	ISC_065.1_F10batch1	33F7	2024-11-04	01_unzip_raw_data/04_unzip_F10_batch1/plate_directories/375339/375339_ATTATCCACTTACGCACGTA_S150_R1_001.fastq.gz	01_unzip_raw_data/04_unzip_F10_batch1/plate_directories/375339/375339_ATTATCCACTTACGCACGTA_S150_R2_001.fastq.gz	03_rename_fastq_files/F10_batch1/_ISC_065.1_F10batch1_33F7_run1_R1.fastq.gz	03_rename_fastq_files/F10_batch1/_ISC_065.1_F10batch1_33F7_run1_R2.fastq.gz
ISC_066.2	6024x6124_rep2	ISC_066.2_F10batch1	33D1	2024-11-04	01_unzip_raw_data/04_unzip_F10_batch1/plate_directories/376780/376780_TCAATGGAGAGCACTACAAC_S4_R1_001.fastq.gz	01_unzip_raw_data/04_unzip_F10_batch1/plate_directories/376780/376780_TCAATGGAGAGCACTACAAC_S4_R2_001.fastq.gz	03_rename_fastq_files/F10_batch1/_ISC_066.2_F10batch1_33D1_run1_R1.fastq.gz	03_rename_fastq_files/F10_batch1/_ISC_066.2_F10batch1_33D1_run1_R2.fastq.gz
ISC_067.1	6025x6046_rep1	ISC_067.1_F10batch1	33B4	2024-11-04	01_unzip_raw_data/04_unzip_F10_batch1/plate_directories/376780/376780_GATATTGTGTACCACACGGT_S26_R1_001.fastq.gz	01_unzip_raw_data/04_unzip_F10_batch1/plate_directories/376780/376780_GATATTGTGTACCACACGGT_S26_R2_001.fastq.gz	03_rename_fastq_files/F10_batch1/_ISC_067.1_F10batch1_33B4_run1_R1.fastq.gz	03_rename_fastq_files/F10_batch1/_ISC_067.1_F10batch1_33B4_run1_R2.fastq.gz
ISC_068.2	6025x6046_rep2	ISC_068.2_F10batch1	33A5	2024-11-04	01_unzip_raw_data/04_unzip_F10_batch1/plate_directories/369396/369396_CGTATAATCAGTCGATTACA_S33_R1_001.fastq.gz	01_unzip_raw_data/04_unzip_F10_batch1/plate_directories/369396/369396_CGTATAATCAGTCGATTACA_S33_R2_001.fastq.gz	03_rename_fastq_files/F10_batch1/_ISC_068.2_F10batch1_33A5_run1_R1.fastq.gz	03_rename_fastq_files/F10_batch1/_ISC_068.2_F10batch1_33A5_run1_R2.fastq.gz
ISC_069.1	6030x992_rep1	ISC_069.1_F10batch1	33D12	2024-11-04	01_unzip_raw_data/04_unzip_F10_batch1/plate_directories/369396/369396_ATACCAACGCACATACTTCC_S92_R1_001.fastq.gz	01_unzip_raw_data/04_unzip_F10_batch1/plate_directories/369396/369396_ATACCAACGCACATACTTCC_S92_R2_001.fastq.gz	03_rename_fastq_files/F10_batch1/_ISC_069.1_F10batch1_33D12_run1_R1.fastq.gz	03_rename_fastq_files/F10_batch1/_ISC_069.1_F10batch1_33D12_run1_R2.fastq.gz
ISC_070.2	6030x992_rep2	ISC_070.2_F10batch1	33H6	2024-11-04	01_unzip_raw_data/04_unzip_F10_batch1/plate_directories/376780/376780_AATCCAATTGCATGTAGAGG_S48_R1_001.fastq.gz	01_unzip_raw_data/04_unzip_F10_batch1/plate_directories/376780/376780_AATCCAATTGCATGTAGAGG_S48_R2_001.fastq.gz	03_rename_fastq_files/F10_batch1/_ISC_070.2_F10batch1_33H6_run1_R1.fastq.gz	03_rename_fastq_files/F10_batch1/_ISC_070.2_F10batch1_33H6_run1_R2.fastq.gz
ISC_071.1	6034x6231_rep1	ISC_071.1_F10batch1	33F1	2024-11-04	01_unzip_raw_data/04_unzip_F10_batch1/plate_directories/375338/375338_GCGCGATGTTGTCCACTTGT_S6_R1_001.fastq.gz	01_unzip_raw_data/04_unzip_F10_batch1/plate_directories/375338/375338_GCGCGATGTTGTCCACTTGT_S6_R2_001.fastq.gz	03_rename_fastq_files/F10_batch1/_ISC_071.1_F10batch1_33F1_run1_R1.fastq.gz	03_rename_fastq_files/F10_batch1/_ISC_071.1_F10batch1_33F1_run1_R2.fastq.gz
ISC_072.2	6034x6231_rep2	ISC_072.2_F10batch1	33F4	2024-11-04	01_unzip_raw_data/04_unzip_F10_batch1/plate_directories/375339/375339_CTATTACTACGAGTCTCTCC_S126_R1_001.fastq.gz	01_unzip_raw_data/04_unzip_F10_batch1/plate_directories/375339/375339_CTATTACTACGAGTCTCTCC_S126_R2_001.fastq.gz	03_rename_fastq_files/F10_batch1/_ISC_072.2_F10batch1_33F4_run1_R1.fastq.gz	03_rename_fastq_files/F10_batch1/_ISC_072.2_F10batch1_33F4_run1_R2.fastq.gz
ISC_073.1	6035x9433_rep1	ISC_073.1_F10batch1	33H9	2024-11-04	01_unzip_raw_data/04_unzip_F10_batch1/plate_directories/375338/375338_CCACCTGTGTTGAGCGTTGT_S72_R1_001.fastq.gz	01_unzip_raw_data/04_unzip_F10_batch1/plate_directories/375338/375338_CCACCTGTGTTGAGCGTTGT_S72_R2_001.fastq.gz	03_rename_fastq_files/F10_batch1/_ISC_073.1_F10batch1_33H9_run1_R1.fastq.gz	03_rename_fastq_files/F10_batch1/_ISC_073.1_F10batch1_33H9_run1_R2.fastq.gz
ISC_074.2	6035x9433_rep2	ISC_074.2_F10batch1	33F9	2024-11-04	01_unzip_raw_data/04_unzip_F10_batch1/plate_directories/376780/376780_CATATGCGATCCTTGAACGG_S70_R1_001.fastq.gz	01_unzip_raw_data/04_unzip_F10_batch1/plate_directories/376780/376780_CATATGCGATCCTTGAACGG_S70_R2_001.fastq.gz	03_rename_fastq_files/F10_batch1/_ISC_074.2_F10batch1_33F9_run1_R1.fastq.gz	03_rename_fastq_files/F10_batch1/_ISC_074.2_F10batch1_33F9_run1_R2.fastq.gz
ISC_076.2	6036x1318_rep2	ISC_076.2_F10batch1	33A1	2024-11-04	01_unzip_raw_data/04_unzip_F10_batch1/plate_directories/376780/376780_TGCCGGTCAGCCTGATACAA_S1_R1_001.fastq.gz	01_unzip_raw_data/04_unzip_F10_batch1/plate_directories/376780/376780_TGCCGGTCAGCCTGATACAA_S1_R2_001.fastq.gz	03_rename_fastq_files/F10_batch1/_ISC_076.2_F10batch1_33A1_run1_R1.fastq.gz	03_rename_fastq_files/F10_batch1/_ISC_076.2_F10batch1_33A1_run1_R2.fastq.gz
ISC_077.1	6036x6203_rep1	ISC_077.1_F10batch1	33G11	2024-11-04	01_unzip_raw_data/04_unzip_F10_batch1/plate_directories/376780/376780_TTCCTACAGCGGCGAATTCT_S87_R1_001.fastq.gz	01_unzip_raw_data/04_unzip_F10_batch1/plate_directories/376780/376780_TTCCTACAGCGGCGAATTCT_S87_R2_001.fastq.gz	03_rename_fastq_files/F10_batch1/_ISC_077.1_F10batch1_33G11_run1_R1.fastq.gz	03_rename_fastq_files/F10_batch1/_ISC_077.1_F10batch1_33G11_run1_R2.fastq.gz
ISC_078.2	6038x6039_rep2	ISC_078.2_F10batch1	33C7	2024-11-04	01_unzip_raw_data/04_unzip_F10_batch1/plate_directories/369396/369396_GACAGACAGGACTGTTGTGA_S51_R1_001.fastq.gz	01_unzip_raw_data/04_unzip_F10_batch1/plate_directories/369396/369396_GACAGACAGGACTGTTGTGA_S51_R2_001.fastq.gz	03_rename_fastq_files/F10_batch1/_ISC_078.2_F10batch1_33C7_run1_R1.fastq.gz	03_rename_fastq_files/F10_batch1/_ISC_078.2_F10batch1_33C7_run1_R2.fastq.gz
ISC_079.1	6039x5835_rep1	ISC_079.1_F10batch1	33E12	2024-11-04	01_unzip_raw_data/04_unzip_F10_batch1/plate_directories/375338/375338_CTGGATATGTTATGTGCAAT_S93_R1_001.fastq.gz	01_unzip_raw_data/04_unzip_F10_batch1/plate_directories/375338/375338_CTGGATATGTTATGTGCAAT_S93_R2_001.fastq.gz	03_rename_fastq_files/F10_batch1/_ISC_079.1_F10batch1_33E12_run1_R1.fastq.gz	03_rename_fastq_files/F10_batch1/_ISC_079.1_F10batch1_33E12_run1_R2.fastq.gz
ISC_080.2	6039x5835_rep2	ISC_080.2_F10batch1	33F3	2024-11-04	01_unzip_raw_data/04_unzip_F10_batch1/plate_directories/369396/369396_GAGCGCAATACTGTGTTAGG_S22_R1_001.fastq.gz	01_unzip_raw_data/04_unzip_F10_batch1/plate_directories/369396/369396_GAGCGCAATACTGTGTTAGG_S22_R2_001.fastq.gz	03_rename_fastq_files/F10_batch1/_ISC_080.2_F10batch1_33F3_run1_R1.fastq.gz	03_rename_fastq_files/F10_batch1/_ISC_080.2_F10batch1_33F3_run1_R2.fastq.gz
ISC_081.1	6040x6041_rep1	ISC_081.1_F10batch1	33A7	2024-11-04	01_unzip_raw_data/04_unzip_F10_batch1/plate_directories/369396/369396_GTGCAACACTCTGGTACACG_S49_R1_001.fastq.gz	01_unzip_raw_data/04_unzip_F10_batch1/plate_directories/369396/369396_GTGCAACACTCTGGTACACG_S49_R2_001.fastq.gz	03_rename_fastq_files/F10_batch1/_ISC_081.1_F10batch1_33A7_run1_R1.fastq.gz	03_rename_fastq_files/F10_batch1/_ISC_081.1_F10batch1_33A7_run1_R2.fastq.gz
ISC_082.2	6040x6041_rep2	ISC_082.2_F10batch1	33E4	2024-11-04	01_unzip_raw_data/04_unzip_F10_batch1/plate_directories/369396/369396_AGAGTGCGGCTCCGACCTCG_S29_R1_001.fastq.gz	01_unzip_raw_data/04_unzip_F10_batch1/plate_directories/369396/369396_AGAGTGCGGCTCCGACCTCG_S29_R2_001.fastq.gz	03_rename_fastq_files/F10_batch1/_ISC_082.2_F10batch1_33E4_run1_R1.fastq.gz	03_rename_fastq_files/F10_batch1/_ISC_082.2_F10batch1_33E4_run1_R2.fastq.gz
ISC_083.1	6041x6153_rep1	ISC_083.1_F10batch1	33G12	2024-11-04	01_unzip_raw_data/04_unzip_F10_batch1/plate_directories/375338/375338_GGTGGAATACATGTAGACAA_S95_R1_001.fastq.gz	01_unzip_raw_data/04_unzip_F10_batch1/plate_directories/375338/375338_GGTGGAATACATGTAGACAA_S95_R2_001.fastq.gz	03_rename_fastq_files/F10_batch1/_ISC_083.1_F10batch1_33G12_run1_R1.fastq.gz	03_rename_fastq_files/F10_batch1/_ISC_083.1_F10batch1_33G12_run1_R2.fastq.gz
ISC_084.2	6041x6153_rep2	ISC_084.2_F10batch1	33C2	2024-11-04	01_unzip_raw_data/04_unzip_F10_batch1/plate_directories/369397/369397_GAACGCAATAATCTTACTGT_S107_R1_001.fastq.gz	01_unzip_raw_data/04_unzip_F10_batch1/plate_directories/369397/369397_GAACGCAATAATCTTACTGT_S107_R2_001.fastq.gz	03_rename_fastq_files/F10_batch1/_ISC_084.2_F10batch1_33C2_run1_R1.fastq.gz	03_rename_fastq_files/F10_batch1/_ISC_084.2_F10batch1_33C2_run1_R2.fastq.gz
ISC_085.1	6043x9453_rep1	ISC_085.1_F10batch1	33E1	2024-11-04	01_unzip_raw_data/04_unzip_F10_batch1/plate_directories/369396/369396_TAATCTCGTCACATTATCCT_S5_R1_001.fastq.gz	01_unzip_raw_data/04_unzip_F10_batch1/plate_directories/369396/369396_TAATCTCGTCACATTATCCT_S5_R2_001.fastq.gz	03_rename_fastq_files/F10_batch1/_ISC_085.1_F10batch1_33E1_run1_R1.fastq.gz	03_rename_fastq_files/F10_batch1/_ISC_085.1_F10batch1_33E1_run1_R2.fastq.gz
ISC_086.2	6043x9453_rep2	ISC_086.2_F10batch1	33H5	2024-11-04	01_unzip_raw_data/04_unzip_F10_batch1/plate_directories/369396/369396_TGACTACATACGCACTAATG_S40_R1_001.fastq.gz	01_unzip_raw_data/04_unzip_F10_batch1/plate_directories/369396/369396_TGACTACATACGCACTAATG_S40_R2_001.fastq.gz	03_rename_fastq_files/F10_batch1/_ISC_086.2_F10batch1_33H5_run1_R1.fastq.gz	03_rename_fastq_files/F10_batch1/_ISC_086.2_F10batch1_33H5_run1_R2.fastq.gz
ISC_087.1	6046x6191_rep1	ISC_087.1_F10batch1	33D10	2024-11-04	01_unzip_raw_data/04_unzip_F10_batch1/plate_directories/369396/369396_GTAGAGTCAGACGGCCGTCA_S76_R1_001.fastq.gz	01_unzip_raw_data/04_unzip_F10_batch1/plate_directories/369396/369396_GTAGAGTCAGACGGCCGTCA_S76_R2_001.fastq.gz	03_rename_fastq_files/F10_batch1/_ISC_087.1_F10batch1_33D10_run1_R1.fastq.gz	03_rename_fastq_files/F10_batch1/_ISC_087.1_F10batch1_33D10_run1_R2.fastq.gz
ISC_088.2	6046x6191_rep2	ISC_088.2_F10batch1	33G8	2024-11-04	01_unzip_raw_data/04_unzip_F10_batch1/plate_directories/369396/369396_ACCGCGCAATTTGGCTCCGC_S63_R1_001.fastq.gz	01_unzip_raw_data/04_unzip_F10_batch1/plate_directories/369396/369396_ACCGCGCAATTTGGCTCCGC_S63_R2_001.fastq.gz	03_rename_fastq_files/F10_batch1/_ISC_088.2_F10batch1_33G8_run1_R1.fastq.gz	03_rename_fastq_files/F10_batch1/_ISC_088.2_F10batch1_33G8_run1_R2.fastq.gz
ISC_089.1	6064x9404_rep1	ISC_089.1_F10batch1	33E2	2024-11-04	01_unzip_raw_data/04_unzip_F10_batch1/plate_directories/369397/369397_GGTAGAATTAGTAGCCATCA_S109_R1_001.fastq.gz	01_unzip_raw_data/04_unzip_F10_batch1/plate_directories/369397/369397_GGTAGAATTAGTAGCCATCA_S109_R2_001.fastq.gz	03_rename_fastq_files/F10_batch1/_ISC_089.1_F10batch1_33E2_run1_R1.fastq.gz	03_rename_fastq_files/F10_batch1/_ISC_089.1_F10batch1_33E2_run1_R2.fastq.gz
ISC_090.2	6064x9404_rep2	ISC_090.2_F10batch1	33D2	2024-11-04	01_unzip_raw_data/04_unzip_F10_batch1/plate_directories/375339/375339_GTAACTGAAGGGAGTCGCGA_S108_R1_001.fastq.gz	01_unzip_raw_data/04_unzip_F10_batch1/plate_directories/375339/375339_GTAACTGAAGGGAGTCGCGA_S108_R2_001.fastq.gz	03_rename_fastq_files/F10_batch1/_ISC_090.2_F10batch1_33D2_run1_R1.fastq.gz	03_rename_fastq_files/F10_batch1/_ISC_090.2_F10batch1_33D2_run1_R2.fastq.gz
ISC_091.1	6069x9470_rep1	ISC_091.1_F10batch1	33H4	2024-11-04	01_unzip_raw_data/04_unzip_F10_batch1/plate_directories/369396/369396_CATACACTGTGAACATACGG_S32_R1_001.fastq.gz	01_unzip_raw_data/04_unzip_F10_batch1/plate_directories/369396/369396_CATACACTGTGAACATACGG_S32_R2_001.fastq.gz	03_rename_fastq_files/F10_batch1/_ISC_091.1_F10batch1_33H4_run1_R1.fastq.gz	03_rename_fastq_files/F10_batch1/_ISC_091.1_F10batch1_33H4_run1_R2.fastq.gz
ISC_092.2	6069x9470_rep2	ISC_092.2_F10batch1	33C6	2024-11-04	01_unzip_raw_data/04_unzip_F10_batch1/plate_directories/375339/375339_CTCCACTAATTGTACTTGTT_S139_R1_001.fastq.gz	01_unzip_raw_data/04_unzip_F10_batch1/plate_directories/375339/375339_CTCCACTAATTGTACTTGTT_S139_R2_001.fastq.gz	03_rename_fastq_files/F10_batch1/_ISC_092.2_F10batch1_33C6_run1_R1.fastq.gz	03_rename_fastq_files/F10_batch1/_ISC_092.2_F10batch1_33C6_run1_R2.fastq.gz
ISC_093.1	6070x6019_rep1	ISC_093.1_F10batch1	33A7	2024-11-04	01_unzip_raw_data/04_unzip_F10_batch1/plate_directories/376780/376780_TATGATGGCCGATTGTCATA_S49_R1_001.fastq.gz	01_unzip_raw_data/04_unzip_F10_batch1/plate_directories/376780/376780_TATGATGGCCGATTGTCATA_S49_R2_001.fastq.gz	03_rename_fastq_files/F10_batch1/_ISC_093.1_F10batch1_33A7_run1_R1.fastq.gz	03_rename_fastq_files/F10_batch1/_ISC_093.1_F10batch1_33A7_run1_R2.fastq.gz
ISC_094.2	6070x6019_rep2	ISC_094.2_F10batch1	33E3	2024-11-04	01_unzip_raw_data/04_unzip_F10_batch1/plate_directories/369396/369396_AGTCAACCATGGCCTGTCCT_S21_R1_001.fastq.gz	01_unzip_raw_data/04_unzip_F10_batch1/plate_directories/369396/369396_AGTCAACCATGGCCTGTCCT_S21_R2_001.fastq.gz	03_rename_fastq_files/F10_batch1/_ISC_094.2_F10batch1_33E3_run1_R1.fastq.gz	03_rename_fastq_files/F10_batch1/_ISC_094.2_F10batch1_33E3_run1_R2.fastq.gz
ISC_095.1	6071x6145_rep1	ISC_095.1_F10batch1	33H5	2024-11-04	01_unzip_raw_data/04_unzip_F10_batch1/plate_directories/376780/376780_CCAGGCACCAACGCTAATTA_S40_R1_001.fastq.gz	01_unzip_raw_data/04_unzip_F10_batch1/plate_directories/376780/376780_CCAGGCACCAACGCTAATTA_S40_R2_001.fastq.gz	03_rename_fastq_files/F10_batch1/_ISC_095.1_F10batch1_33H5_run1_R1.fastq.gz	03_rename_fastq_files/F10_batch1/_ISC_095.1_F10batch1_33H5_run1_R2.fastq.gz
ISC_096.2	6071x6145_rep2	ISC_096.2_F10batch1	33F2	2024-11-04	01_unzip_raw_data/04_unzip_F10_batch1/plate_directories/369396/369396_GTGCCGCTTCCGGCTCTACT_S14_R1_001.fastq.gz	01_unzip_raw_data/04_unzip_F10_batch1/plate_directories/369396/369396_GTGCCGCTTCCGGCTCTACT_S14_R2_001.fastq.gz	03_rename_fastq_files/F10_batch1/_ISC_096.2_F10batch1_33F2_run1_R1.fastq.gz	03_rename_fastq_files/F10_batch1/_ISC_096.2_F10batch1_33F2_run1_R2.fastq.gz
ISC_097.2	6073x9476_rep2	ISC_097.2_F10batch1	33B10	2024-11-04	01_unzip_raw_data/04_unzip_F10_batch1/plate_directories/375338/375338_ACCTTATGAATGTTAGAAGG_S74_R1_001.fastq.gz	01_unzip_raw_data/04_unzip_F10_batch1/plate_directories/375338/375338_ACCTTATGAATGTTAGAAGG_S74_R2_001.fastq.gz	03_rename_fastq_files/F10_batch1/_ISC_097.2_F10batch1_33B10_run1_R1.fastq.gz	03_rename_fastq_files/F10_batch1/_ISC_097.2_F10batch1_33B10_run1_R2.fastq.gz
ISC_098.1	6074x9421_rep1	ISC_098.1_F10batch1	33D6	2024-11-04	01_unzip_raw_data/04_unzip_F10_batch1/plate_directories/376780/376780_TACGTGAAGGCGGTTATTAG_S44_R1_001.fastq.gz	01_unzip_raw_data/04_unzip_F10_batch1/plate_directories/376780/376780_TACGTGAAGGCGGTTATTAG_S44_R2_001.fastq.gz	03_rename_fastq_files/F10_batch1/_ISC_098.1_F10batch1_33D6_run1_R1.fastq.gz	03_rename_fastq_files/F10_batch1/_ISC_098.1_F10batch1_33D6_run1_R2.fastq.gz
ISC_099.2	6074x9421_rep2	ISC_099.2_F10batch1	33G3	2024-11-04	01_unzip_raw_data/04_unzip_F10_batch1/plate_directories/375338/375338_AACAAGGCGTTAAGGAACGT_S23_R1_001.fastq.gz	01_unzip_raw_data/04_unzip_F10_batch1/plate_directories/375338/375338_AACAAGGCGTTAAGGAACGT_S23_R2_001.fastq.gz	03_rename_fastq_files/F10_batch1/_ISC_099.2_F10batch1_33G3_run1_R1.fastq.gz	03_rename_fastq_files/F10_batch1/_ISC_099.2_F10batch1_33G3_run1_R2.fastq.gz
ISC_100.1	6076x1254_rep1	ISC_100.1_F10batch1	33G12	2024-11-04	01_unzip_raw_data/04_unzip_F10_batch1/plate_directories/375339/375339_ATTGGCTTCTTGGCTCGCAG_S191_R1_001.fastq.gz	01_unzip_raw_data/04_unzip_F10_batch1/plate_directories/375339/375339_ATTGGCTTCTTGGCTCGCAG_S191_R2_001.fastq.gz	03_rename_fastq_files/F10_batch1/_ISC_100.1_F10batch1_33G12_run1_R1.fastq.gz	03_rename_fastq_files/F10_batch1/_ISC_100.1_F10batch1_33G12_run1_R2.fastq.gz
ISC_101.2	6076x1254_rep2	ISC_101.2_F10batch1	33H10	2024-11-04	01_unzip_raw_data/04_unzip_F10_batch1/plate_directories/375339/375339_TATAACAGCTTCGCGTATAA_S176_R1_001.fastq.gz	01_unzip_raw_data/04_unzip_F10_batch1/plate_directories/375339/375339_TATAACAGCTTCGCGTATAA_S176_R2_001.fastq.gz	03_rename_fastq_files/F10_batch1/_ISC_101.2_F10batch1_33H10_run1_R1.fastq.gz	03_rename_fastq_files/F10_batch1/_ISC_101.2_F10batch1_33H10_run1_R2.fastq.gz
ISC_102.1	6085x9409_rep1	ISC_102.1_F10batch1	33E7	2024-11-04	01_unzip_raw_data/04_unzip_F10_batch1/plate_directories/375338/375338_TTACAATTCCAGCACATCCT_S53_R1_001.fastq.gz	01_unzip_raw_data/04_unzip_F10_batch1/plate_directories/375338/375338_TTACAATTCCAGCACATCCT_S53_R2_001.fastq.gz	03_rename_fastq_files/F10_batch1/_ISC_102.1_F10batch1_33E7_run1_R1.fastq.gz	03_rename_fastq_files/F10_batch1/_ISC_102.1_F10batch1_33E7_run1_R2.fastq.gz
ISC_103.2	6085x9409_rep2	ISC_103.2_F10batch1	33B1	2024-11-04	01_unzip_raw_data/04_unzip_F10_batch1/plate_directories/369396/369396_TATCTGACCTCTACAAGATA_S2_R1_001.fastq.gz	01_unzip_raw_data/04_unzip_F10_batch1/plate_directories/369396/369396_TATCTGACCTCTACAAGATA_S2_R2_001.fastq.gz	03_rename_fastq_files/F10_batch1/_ISC_103.2_F10batch1_33B1_run1_R1.fastq.gz	03_rename_fastq_files/F10_batch1/_ISC_103.2_F10batch1_33B1_run1_R2.fastq.gz
ISC_104.1	6086x8222_rep1	ISC_104.1_F10batch1	33H3	2024-11-04	01_unzip_raw_data/04_unzip_F10_batch1/plate_directories/375338/375338_GTATGTAGAACTAACTGTAA_S24_R1_001.fastq.gz	01_unzip_raw_data/04_unzip_F10_batch1/plate_directories/375338/375338_GTATGTAGAACTAACTGTAA_S24_R2_001.fastq.gz	03_rename_fastq_files/F10_batch1/_ISC_104.1_F10batch1_33H3_run1_R1.fastq.gz	03_rename_fastq_files/F10_batch1/_ISC_104.1_F10batch1_33H3_run1_R2.fastq.gz
ISC_105.2	6086x8222_rep2	ISC_105.2_F10batch1	33G1	2024-11-04	01_unzip_raw_data/04_unzip_F10_batch1/plate_directories/369397/369397_TCCGTTATGTTTGTAGTGTA_S103_R1_001.fastq.gz	01_unzip_raw_data/04_unzip_F10_batch1/plate_directories/369397/369397_TCCGTTATGTTTGTAGTGTA_S103_R2_001.fastq.gz	03_rename_fastq_files/F10_batch1/_ISC_105.2_F10batch1_33G1_run1_R1.fastq.gz	03_rename_fastq_files/F10_batch1/_ISC_105.2_F10batch1_33G1_run1_R2.fastq.gz
ISC_106.1	6088x9386_rep1	ISC_106.1_F10batch1	33B6	2024-11-04	01_unzip_raw_data/04_unzip_F10_batch1/plate_directories/376780/376780_GGCCAATATTCGGTCCGATA_S42_R1_001.fastq.gz	01_unzip_raw_data/04_unzip_F10_batch1/plate_directories/376780/376780_GGCCAATATTCGGTCCGATA_S42_R2_001.fastq.gz	03_rename_fastq_files/F10_batch1/_ISC_106.1_F10batch1_33B6_run1_R1.fastq.gz	03_rename_fastq_files/F10_batch1/_ISC_106.1_F10batch1_33B6_run1_R2.fastq.gz
ISC_108.1	6090x9416_rep1	ISC_108.1_F10batch1	33B11	2024-11-04	01_unzip_raw_data/04_unzip_F10_batch1/plate_directories/369396/369396_TTGTAACGGTCTCATAGCGA_S82_R1_001.fastq.gz	01_unzip_raw_data/04_unzip_F10_batch1/plate_directories/369396/369396_TTGTAACGGTCTCATAGCGA_S82_R2_001.fastq.gz	03_rename_fastq_files/F10_batch1/_ISC_108.1_F10batch1_33B11_run1_R1.fastq.gz	03_rename_fastq_files/F10_batch1/_ISC_108.1_F10batch1_33B11_run1_R2.fastq.gz
ISC_109.2	6090x9416_rep2	ISC_109.2_F10batch1	33D6	2024-11-04	01_unzip_raw_data/04_unzip_F10_batch1/plate_directories/375338/375338_TGGCTCGCAGAATCCGGCCA_S44_R1_001.fastq.gz	01_unzip_raw_data/04_unzip_F10_batch1/plate_directories/375338/375338_TGGCTCGCAGAATCCGGCCA_S44_R2_001.fastq.gz	03_rename_fastq_files/F10_batch1/_ISC_109.2_F10batch1_33D6_run1_R1.fastq.gz	03_rename_fastq_files/F10_batch1/_ISC_109.2_F10batch1_33D6_run1_R2.fastq.gz
ISC_110.1	6092x6125_rep1	ISC_110.1_F10batch1	33D2	2024-11-04	01_unzip_raw_data/04_unzip_F10_batch1/plate_directories/376780/376780_AGTACTCATGATGTCGTGGT_S12_R1_001.fastq.gz	01_unzip_raw_data/04_unzip_F10_batch1/plate_directories/376780/376780_AGTACTCATGATGTCGTGGT_S12_R2_001.fastq.gz	03_rename_fastq_files/F10_batch1/_ISC_110.1_F10batch1_33D2_run1_R1.fastq.gz	03_rename_fastq_files/F10_batch1/_ISC_110.1_F10batch1_33D2_run1_R2.fastq.gz
ISC_111.2	6092x6125_rep2	ISC_111.2_F10batch1	33A11	2024-11-04	01_unzip_raw_data/04_unzip_F10_batch1/plate_directories/376780/376780_CTCGAATATAGAGATGTCGA_S81_R1_001.fastq.gz	01_unzip_raw_data/04_unzip_F10_batch1/plate_directories/376780/376780_CTCGAATATAGAGATGTCGA_S81_R2_001.fastq.gz	03_rename_fastq_files/F10_batch1/_ISC_111.2_F10batch1_33A11_run1_R1.fastq.gz	03_rename_fastq_files/F10_batch1/_ISC_111.2_F10batch1_33A11_run1_R2.fastq.gz
ISC_112.1	6094x9369_rep1	ISC_112.1_F10batch1	33F2	2024-11-04	01_unzip_raw_data/04_unzip_F10_batch1/plate_directories/375338/375338_GTGCCGCTTCCGGCTCTACT_S14_R1_001.fastq.gz	01_unzip_raw_data/04_unzip_F10_batch1/plate_directories/375338/375338_GTGCCGCTTCCGGCTCTACT_S14_R2_001.fastq.gz	03_rename_fastq_files/F10_batch1/_ISC_112.1_F10batch1_33F2_run1_R1.fastq.gz	03_rename_fastq_files/F10_batch1/_ISC_112.1_F10batch1_33F2_run1_R2.fastq.gz
ISC_113.2	6094x9369_rep2	ISC_113.2_F10batch1	33C12	2024-11-04	01_unzip_raw_data/04_unzip_F10_batch1/plate_directories/369396/369396_CGCCTTCTGAGGCCATCATA_S91_R1_001.fastq.gz	01_unzip_raw_data/04_unzip_F10_batch1/plate_directories/369396/369396_CGCCTTCTGAGGCCATCATA_S91_R2_001.fastq.gz	03_rename_fastq_files/F10_batch1/_ISC_113.2_F10batch1_33C12_run1_R1.fastq.gz	03_rename_fastq_files/F10_batch1/_ISC_113.2_F10batch1_33C12_run1_R2.fastq.gz
ISC_114.1	6097x1318_rep1	ISC_114.1_F10batch1	33B8	2024-11-04	01_unzip_raw_data/04_unzip_F10_batch1/plate_directories/376780/376780_GTTCGGAGTTCGCCTTCTGA_S58_R1_001.fastq.gz	01_unzip_raw_data/04_unzip_F10_batch1/plate_directories/376780/376780_GTTCGGAGTTCGCCTTCTGA_S58_R2_001.fastq.gz	03_rename_fastq_files/F10_batch1/_ISC_114.1_F10batch1_33B8_run1_R1.fastq.gz	03_rename_fastq_files/F10_batch1/_ISC_114.1_F10batch1_33B8_run1_R2.fastq.gz
ISC_116.1	6098x9451_rep1	ISC_116.1_F10batch1	33C5	2024-11-04	01_unzip_raw_data/04_unzip_F10_batch1/plate_directories/375339/375339_GCTTCATATTCGTTCAGCCT_S131_R1_001.fastq.gz	01_unzip_raw_data/04_unzip_F10_batch1/plate_directories/375339/375339_GCTTCATATTCGTTCAGCCT_S131_R2_001.fastq.gz	03_rename_fastq_files/F10_batch1/_ISC_116.1_F10batch1_33C5_run1_R1.fastq.gz	03_rename_fastq_files/F10_batch1/_ISC_116.1_F10batch1_33C5_run1_R2.fastq.gz
ISC_117.2	6098x9451_rep2	ISC_117.2_F10batch1	33F12	2024-11-04	01_unzip_raw_data/04_unzip_F10_batch1/plate_directories/375339/375339_CATAGTAAGGACCAAGTTAC_S190_R1_001.fastq.gz	01_unzip_raw_data/04_unzip_F10_batch1/plate_directories/375339/375339_CATAGTAAGGACCAAGTTAC_S190_R2_001.fastq.gz	03_rename_fastq_files/F10_batch1/_ISC_117.2_F10batch1_33F12_run1_R1.fastq.gz	03_rename_fastq_files/F10_batch1/_ISC_117.2_F10batch1_33F12_run1_R2.fastq.gz
ISC_118.2	6099x9394_rep2	ISC_118.2_F10batch1	33D6	2024-11-04	01_unzip_raw_data/04_unzip_F10_batch1/plate_directories/369396/369396_TGGCTCGCAGAATCCGGCCA_S44_R1_001.fastq.gz	01_unzip_raw_data/04_unzip_F10_batch1/plate_directories/369396/369396_TGGCTCGCAGAATCCGGCCA_S44_R2_001.fastq.gz	03_rename_fastq_files/F10_batch1/_ISC_118.2_F10batch1_33D6_run1_R1.fastq.gz	03_rename_fastq_files/F10_batch1/_ISC_118.2_F10batch1_33D6_run1_R2.fastq.gz
ISC_119.1	6100x6069_rep1	ISC_119.1_F10batch1	33D12	2024-11-04	01_unzip_raw_data/04_unzip_F10_batch1/plate_directories/375338/375338_ATACCAACGCACATACTTCC_S92_R1_001.fastq.gz	01_unzip_raw_data/04_unzip_F10_batch1/plate_directories/375338/375338_ATACCAACGCACATACTTCC_S92_R2_001.fastq.gz	03_rename_fastq_files/F10_batch1/_ISC_119.1_F10batch1_33D12_run1_R1.fastq.gz	03_rename_fastq_files/F10_batch1/_ISC_119.1_F10batch1_33D12_run1_R2.fastq.gz
ISC_120.2	6100x6069_rep2	ISC_120.2_F10batch1	33H2	2024-11-04	01_unzip_raw_data/04_unzip_F10_batch1/plate_directories/375339/375339_GATCGGATAAGTATCGGCCG_S112_R1_001.fastq.gz	01_unzip_raw_data/04_unzip_F10_batch1/plate_directories/375339/375339_GATCGGATAAGTATCGGCCG_S112_R2_001.fastq.gz	03_rename_fastq_files/F10_batch1/_ISC_120.2_F10batch1_33H2_run1_R1.fastq.gz	03_rename_fastq_files/F10_batch1/_ISC_120.2_F10batch1_33H2_run1_R2.fastq.gz
ISC_121.1	6104x6034_rep1	ISC_121.1_F10batch1	33D4	2024-11-04	01_unzip_raw_data/04_unzip_F10_batch1/plate_directories/375339/375339_CTAAGTACGCAACATACCTA_S124_R1_001.fastq.gz	01_unzip_raw_data/04_unzip_F10_batch1/plate_directories/375339/375339_CTAAGTACGCAACATACCTA_S124_R2_001.fastq.gz	03_rename_fastq_files/F10_batch1/_ISC_121.1_F10batch1_33D4_run1_R1.fastq.gz	03_rename_fastq_files/F10_batch1/_ISC_121.1_F10batch1_33D4_run1_R2.fastq.gz
ISC_122.2	6104x6034_rep2	ISC_122.2_F10batch1	33C1	2024-11-04	01_unzip_raw_data/04_unzip_F10_batch1/plate_directories/369397/369397_TCTCACACGCCGGACAGTGA_S99_R1_001.fastq.gz	01_unzip_raw_data/04_unzip_F10_batch1/plate_directories/369397/369397_TCTCACACGCCGGACAGTGA_S99_R2_001.fastq.gz	03_rename_fastq_files/F10_batch1/_ISC_122.2_F10batch1_33C1_run1_R1.fastq.gz	03_rename_fastq_files/F10_batch1/_ISC_122.2_F10batch1_33C1_run1_R2.fastq.gz
ISC_123.1	6105x5829_rep1	ISC_123.1_F10batch1	33A6	2024-11-04	01_unzip_raw_data/04_unzip_F10_batch1/plate_directories/375338/375338_ATTGCCGAGTGACAACTGAA_S41_R1_001.fastq.gz	01_unzip_raw_data/04_unzip_F10_batch1/plate_directories/375338/375338_ATTGCCGAGTGACAACTGAA_S41_R2_001.fastq.gz	03_rename_fastq_files/F10_batch1/_ISC_123.1_F10batch1_33A6_run1_R1.fastq.gz	03_rename_fastq_files/F10_batch1/_ISC_123.1_F10batch1_33A6_run1_R2.fastq.gz
ISC_124.2	6105x5829_rep2	ISC_124.2_F10batch1	33B2	2024-11-04	01_unzip_raw_data/04_unzip_F10_batch1/plate_directories/375339/375339_TGTGATAACTCAGGCGCCAT_S106_R1_001.fastq.gz	01_unzip_raw_data/04_unzip_F10_batch1/plate_directories/375339/375339_TGTGATAACTCAGGCGCCAT_S106_R2_001.fastq.gz	03_rename_fastq_files/F10_batch1/_ISC_124.2_F10batch1_33B2_run1_R1.fastq.gz	03_rename_fastq_files/F10_batch1/_ISC_124.2_F10batch1_33B2_run1_R2.fastq.gz
ISC_125.1	6106x6071_rep1	ISC_125.1_F10batch1	33A4	2024-11-04	01_unzip_raw_data/04_unzip_F10_batch1/plate_directories/375338/375338_TTCTATGGTTGGCGAGATGG_S25_R1_001.fastq.gz	01_unzip_raw_data/04_unzip_F10_batch1/plate_directories/375338/375338_TTCTATGGTTGGCGAGATGG_S25_R2_001.fastq.gz	03_rename_fastq_files/F10_batch1/_ISC_125.1_F10batch1_33A4_run1_R1.fastq.gz	03_rename_fastq_files/F10_batch1/_ISC_125.1_F10batch1_33A4_run1_R2.fastq.gz
ISC_126.2	6106x6071_rep2	ISC_126.2_F10batch1	33G1	2024-11-04	01_unzip_raw_data/04_unzip_F10_batch1/plate_directories/375339/375339_CGCACGACTGGGACCAACAG_S103_R1_001.fastq.gz	01_unzip_raw_data/04_unzip_F10_batch1/plate_directories/375339/375339_CGCACGACTGGGACCAACAG_S103_R2_001.fastq.gz	03_rename_fastq_files/F10_batch1/_ISC_126.2_F10batch1_33G1_run1_R1.fastq.gz	03_rename_fastq_files/F10_batch1/_ISC_126.2_F10batch1_33G1_run1_R2.fastq.gz
ISC_127.1	6107x6128_rep1	ISC_127.1_F10batch1	33C4	2024-11-04	01_unzip_raw_data/04_unzip_F10_batch1/plate_directories/376780/376780_CGTACAGGAATAGGTTCTCT_S27_R1_001.fastq.gz	01_unzip_raw_data/04_unzip_F10_batch1/plate_directories/376780/376780_CGTACAGGAATAGGTTCTCT_S27_R2_001.fastq.gz	03_rename_fastq_files/F10_batch1/_ISC_127.1_F10batch1_33C4_run1_R1.fastq.gz	03_rename_fastq_files/F10_batch1/_ISC_127.1_F10batch1_33C4_run1_R2.fastq.gz
ISC_128.2	6107x6128_rep2	ISC_128.2_F10batch1	33H8	2024-11-04	01_unzip_raw_data/04_unzip_F10_batch1/plate_directories/375338/375338_GTTCGCGCCAAACTGATACT_S64_R1_001.fastq.gz	01_unzip_raw_data/04_unzip_F10_batch1/plate_directories/375338/375338_GTTCGCGCCAAACTGATACT_S64_R2_001.fastq.gz	03_rename_fastq_files/F10_batch1/_ISC_128.2_F10batch1_33H8_run1_R1.fastq.gz	03_rename_fastq_files/F10_batch1/_ISC_128.2_F10batch1_33H8_run1_R2.fastq.gz
ISC_129.2	6108x6192_rep2	ISC_129.2_F10batch1	33G3	2024-11-04	01_unzip_raw_data/04_unzip_F10_batch1/plate_directories/375339/375339_CGCTTAGAATCAGAGTGATA_S119_R1_001.fastq.gz	01_unzip_raw_data/04_unzip_F10_batch1/plate_directories/375339/375339_CGCTTAGAATCAGAGTGATA_S119_R2_001.fastq.gz	03_rename_fastq_files/F10_batch1/_ISC_129.2_F10batch1_33G3_run1_R1.fastq.gz	03_rename_fastq_files/F10_batch1/_ISC_129.2_F10batch1_33G3_run1_R2.fastq.gz
ISC_130.1	6109x9343_rep1	ISC_130.1_F10batch1	33F4	2024-11-04	01_unzip_raw_data/04_unzip_F10_batch1/plate_directories/369397/369397_AGGAGGTATCCCAGTTGGCA_S126_R1_001.fastq.gz	01_unzip_raw_data/04_unzip_F10_batch1/plate_directories/369397/369397_AGGAGGTATCCCAGTTGGCA_S126_R2_001.fastq.gz	03_rename_fastq_files/F10_batch1/_ISC_130.1_F10batch1_33F4_run1_R1.fastq.gz	03_rename_fastq_files/F10_batch1/_ISC_130.1_F10batch1_33F4_run1_R2.fastq.gz
ISC_131.2	6109x9343_rep2	ISC_131.2_F10batch1	33B1	2024-11-04	01_unzip_raw_data/04_unzip_F10_batch1/plate_directories/375339/375339_CGAGGCCAAGGTGTTACCGG_S98_R1_001.fastq.gz	01_unzip_raw_data/04_unzip_F10_batch1/plate_directories/375339/375339_CGAGGCCAAGGTGTTACCGG_S98_R2_001.fastq.gz	03_rename_fastq_files/F10_batch1/_ISC_131.2_F10batch1_33B1_run1_R1.fastq.gz	03_rename_fastq_files/F10_batch1/_ISC_131.2_F10batch1_33B1_run1_R2.fastq.gz
ISC_132.1	6112x6166_rep1	ISC_132.1_F10batch1	33H7	2024-11-04	01_unzip_raw_data/04_unzip_F10_batch1/plate_directories/376780/376780_CACAGCGGTCATTCCTATTG_S56_R1_001.fastq.gz	01_unzip_raw_data/04_unzip_F10_batch1/plate_directories/376780/376780_CACAGCGGTCATTCCTATTG_S56_R2_001.fastq.gz	03_rename_fastq_files/F10_batch1/_ISC_132.1_F10batch1_33H7_run1_R1.fastq.gz	03_rename_fastq_files/F10_batch1/_ISC_132.1_F10batch1_33H7_run1_R2.fastq.gz
ISC_133.2	6112x6166_rep2	ISC_133.2_F10batch1	33B5	2024-11-04	01_unzip_raw_data/04_unzip_F10_batch1/plate_directories/375339/375339_CGCCATATCTGACCGGAGAT_S130_R1_001.fastq.gz	01_unzip_raw_data/04_unzip_F10_batch1/plate_directories/375339/375339_CGCCATATCTGACCGGAGAT_S130_R2_001.fastq.gz	03_rename_fastq_files/F10_batch1/_ISC_133.2_F10batch1_33B5_run1_R1.fastq.gz	03_rename_fastq_files/F10_batch1/_ISC_133.2_F10batch1_33B5_run1_R2.fastq.gz
ISC_134.1	6114x9381_rep1	ISC_134.1_F10batch1	33C4	2024-11-04	01_unzip_raw_data/04_unzip_F10_batch1/plate_directories/375338/375338_TGGATGCTTATCAATCCATT_S27_R1_001.fastq.gz	01_unzip_raw_data/04_unzip_F10_batch1/plate_directories/375338/375338_TGGATGCTTATCAATCCATT_S27_R2_001.fastq.gz	03_rename_fastq_files/F10_batch1/_ISC_134.1_F10batch1_33C4_run1_R1.fastq.gz	03_rename_fastq_files/F10_batch1/_ISC_134.1_F10batch1_33C4_run1_R2.fastq.gz
ISC_135.2	6114x9381_rep2	ISC_135.2_F10batch1	33C11	2024-11-04	01_unzip_raw_data/04_unzip_F10_batch1/plate_directories/375339/375339_AGCTAAGCGGATTAATACGC_S179_R1_001.fastq.gz	01_unzip_raw_data/04_unzip_F10_batch1/plate_directories/375339/375339_AGCTAAGCGGATTAATACGC_S179_R2_001.fastq.gz	03_rename_fastq_files/F10_batch1/_ISC_135.2_F10batch1_33C11_run1_R1.fastq.gz	03_rename_fastq_files/F10_batch1/_ISC_135.2_F10batch1_33C11_run1_R2.fastq.gz
ISC_136.1	6115x1585_rep1	ISC_136.1_F10batch1	33G7	2024-11-04	01_unzip_raw_data/04_unzip_F10_batch1/plate_directories/369396/369396_TATTCCTCAGCTTAACCACT_S55_R1_001.fastq.gz	01_unzip_raw_data/04_unzip_F10_batch1/plate_directories/369396/369396_TATTCCTCAGCTTAACCACT_S55_R2_001.fastq.gz	03_rename_fastq_files/F10_batch1/_ISC_136.1_F10batch1_33G7_run1_R1.fastq.gz	03_rename_fastq_files/F10_batch1/_ISC_136.1_F10batch1_33G7_run1_R2.fastq.gz
ISC_137.2	6115x1585_rep2	ISC_137.2_F10batch1	33D8	2024-11-04	01_unzip_raw_data/04_unzip_F10_batch1/plate_directories/375339/375339_GTTGTGACTAACATAACGGA_S156_R1_001.fastq.gz	01_unzip_raw_data/04_unzip_F10_batch1/plate_directories/375339/375339_GTTGTGACTAACATAACGGA_S156_R2_001.fastq.gz	03_rename_fastq_files/F10_batch1/_ISC_137.2_F10batch1_33D8_run1_R1.fastq.gz	03_rename_fastq_files/F10_batch1/_ISC_137.2_F10batch1_33D8_run1_R2.fastq.gz
ISC_138.1	6118x8227_rep1	ISC_138.1_F10batch1	33D3	2024-11-04	01_unzip_raw_data/04_unzip_F10_batch1/plate_directories/376780/376780_ATCGGCGAAGTCCAAGAATT_S20_R1_001.fastq.gz	01_unzip_raw_data/04_unzip_F10_batch1/plate_directories/376780/376780_ATCGGCGAAGTCCAAGAATT_S20_R2_001.fastq.gz	03_rename_fastq_files/F10_batch1/_ISC_138.1_F10batch1_33D3_run1_R1.fastq.gz	03_rename_fastq_files/F10_batch1/_ISC_138.1_F10batch1_33D3_run1_R2.fastq.gz
ISC_139.2	6118x8227_rep2	ISC_139.2_F10batch1	33F3	2024-11-04	01_unzip_raw_data/04_unzip_F10_batch1/plate_directories/376780/376780_ATACTTGTTCTAACCGCCGA_S22_R1_001.fastq.gz	01_unzip_raw_data/04_unzip_F10_batch1/plate_directories/376780/376780_ATACTTGTTCTAACCGCCGA_S22_R2_001.fastq.gz	03_rename_fastq_files/F10_batch1/_ISC_139.2_F10batch1_33F3_run1_R1.fastq.gz	03_rename_fastq_files/F10_batch1/_ISC_139.2_F10batch1_33F3_run1_R2.fastq.gz
ISC_140.2	6122x6252_rep2	ISC_140.2_F10batch1	33G3	2024-11-04	01_unzip_raw_data/04_unzip_F10_batch1/plate_directories/369397/369397_TCCGCCAATTCTCCGTGCTG_S119_R1_001.fastq.gz	01_unzip_raw_data/04_unzip_F10_batch1/plate_directories/369397/369397_TCCGCCAATTCTCCGTGCTG_S119_R2_001.fastq.gz	03_rename_fastq_files/F10_batch1/_ISC_140.2_F10batch1_33G3_run1_R1.fastq.gz	03_rename_fastq_files/F10_batch1/_ISC_140.2_F10batch1_33G3_run1_R2.fastq.gz
ISC_141.1	6124x6184_rep1	ISC_141.1_F10batch1	33A2	2024-11-04	01_unzip_raw_data/04_unzip_F10_batch1/plate_directories/375338/375338_CTACTCAGTCGTTGATAGTG_S9_R1_001.fastq.gz	01_unzip_raw_data/04_unzip_F10_batch1/plate_directories/375338/375338_CTACTCAGTCGTTGATAGTG_S9_R2_001.fastq.gz	03_rename_fastq_files/F10_batch1/_ISC_141.1_F10batch1_33A2_run1_R1.fastq.gz	03_rename_fastq_files/F10_batch1/_ISC_141.1_F10batch1_33A2_run1_R2.fastq.gz
ISC_142.2	6124x6184_rep2	ISC_142.2_F10batch1	33C7	2024-11-04	01_unzip_raw_data/04_unzip_F10_batch1/plate_directories/376780/376780_ACGTTCCTTAGACCGCTGTG_S51_R1_001.fastq.gz	01_unzip_raw_data/04_unzip_F10_batch1/plate_directories/376780/376780_ACGTTCCTTAGACCGCTGTG_S51_R2_001.fastq.gz	03_rename_fastq_files/F10_batch1/_ISC_142.2_F10batch1_33C7_run1_R1.fastq.gz	03_rename_fastq_files/F10_batch1/_ISC_142.2_F10batch1_33C7_run1_R2.fastq.gz
ISC_143.1	6125x6099_rep1	ISC_143.1_F10batch1	33F7	2024-11-04	01_unzip_raw_data/04_unzip_F10_batch1/plate_directories/375338/375338_AAGCTTATGCTTCCGTCGCA_S54_R1_001.fastq.gz	01_unzip_raw_data/04_unzip_F10_batch1/plate_directories/375338/375338_AAGCTTATGCTTCCGTCGCA_S54_R2_001.fastq.gz	03_rename_fastq_files/F10_batch1/_ISC_143.1_F10batch1_33F7_run1_R1.fastq.gz	03_rename_fastq_files/F10_batch1/_ISC_143.1_F10batch1_33F7_run1_R2.fastq.gz
ISC_145.1	6126x6172_rep1	ISC_145.1_F10batch1	33D10	2024-11-04	01_unzip_raw_data/04_unzip_F10_batch1/plate_directories/376780/376780_CCTCCGGTTGCATAACACCA_S76_R1_001.fastq.gz	01_unzip_raw_data/04_unzip_F10_batch1/plate_directories/376780/376780_CCTCCGGTTGCATAACACCA_S76_R2_001.fastq.gz	03_rename_fastq_files/F10_batch1/_ISC_145.1_F10batch1_33D10_run1_R1.fastq.gz	03_rename_fastq_files/F10_batch1/_ISC_145.1_F10batch1_33D10_run1_R2.fastq.gz
ISC_146.2	6126x6172_rep2	ISC_146.2_F10batch1	33F6	2024-11-04	01_unzip_raw_data/04_unzip_F10_batch1/plate_directories/375339/375339_TTCTTAACCATCTACATACC_S142_R1_001.fastq.gz	01_unzip_raw_data/04_unzip_F10_batch1/plate_directories/375339/375339_TTCTTAACCATCTACATACC_S142_R2_001.fastq.gz	03_rename_fastq_files/F10_batch1/_ISC_146.2_F10batch1_33F6_run1_R1.fastq.gz	03_rename_fastq_files/F10_batch1/_ISC_146.2_F10batch1_33F6_run1_R2.fastq.gz
ISC_147.1	6127x6918_rep1	ISC_147.1_F10batch1	33D10	2024-11-04	01_unzip_raw_data/04_unzip_F10_batch1/plate_directories/375339/375339_AAGAGAGTCTTACGAATCTT_S172_R1_001.fastq.gz	01_unzip_raw_data/04_unzip_F10_batch1/plate_directories/375339/375339_AAGAGAGTCTTACGAATCTT_S172_R2_001.fastq.gz	03_rename_fastq_files/F10_batch1/_ISC_147.1_F10batch1_33D10_run1_R1.fastq.gz	03_rename_fastq_files/F10_batch1/_ISC_147.1_F10batch1_33D10_run1_R2.fastq.gz
ISC_148.2	6127x6918_rep2	ISC_148.2_F10batch1	33G2	2024-11-04	01_unzip_raw_data/04_unzip_F10_batch1/plate_directories/369397/369397_ATTAACAAGGTGTTGTTCGT_S111_R1_001.fastq.gz	01_unzip_raw_data/04_unzip_F10_batch1/plate_directories/369397/369397_ATTAACAAGGTGTTGTTCGT_S111_R2_001.fastq.gz	03_rename_fastq_files/F10_batch1/_ISC_148.2_F10batch1_33G2_run1_R1.fastq.gz	03_rename_fastq_files/F10_batch1/_ISC_148.2_F10batch1_33G2_run1_R2.fastq.gz
ISC_149.1	6128x9413_rep1	ISC_149.1_F10batch1	33H10	2024-11-04	01_unzip_raw_data/04_unzip_F10_batch1/plate_directories/369396/369396_CTGGCTTGCCCAAGCATCCG_S80_R1_001.fastq.gz	01_unzip_raw_data/04_unzip_F10_batch1/plate_directories/369396/369396_CTGGCTTGCCCAAGCATCCG_S80_R2_001.fastq.gz	03_rename_fastq_files/F10_batch1/_ISC_149.1_F10batch1_33H10_run1_R1.fastq.gz	03_rename_fastq_files/F10_batch1/_ISC_149.1_F10batch1_33H10_run1_R2.fastq.gz
ISC_150.2	6128x9413_rep2	ISC_150.2_F10batch1	33F1	2024-11-04	01_unzip_raw_data/04_unzip_F10_batch1/plate_directories/376780/376780_ATGGCGCCTGTCCACGGCCT_S6_R1_001.fastq.gz	01_unzip_raw_data/04_unzip_F10_batch1/plate_directories/376780/376780_ATGGCGCCTGTCCACGGCCT_S6_R2_001.fastq.gz	03_rename_fastq_files/F10_batch1/_ISC_150.2_F10batch1_33F1_run1_R1.fastq.gz	03_rename_fastq_files/F10_batch1/_ISC_150.2_F10batch1_33F1_run1_R2.fastq.gz
ISC_152.2	6131x6113_rep2	ISC_152.2_F10batch1	33D2	2024-11-04	01_unzip_raw_data/04_unzip_F10_batch1/plate_directories/369397/369397_AGTACTCATGATGTCGTGGT_S108_R1_001.fastq.gz	01_unzip_raw_data/04_unzip_F10_batch1/plate_directories/369397/369397_AGTACTCATGATGTCGTGGT_S108_R2_001.fastq.gz	03_rename_fastq_files/F10_batch1/_ISC_152.2_F10batch1_33D2_run1_R1.fastq.gz	03_rename_fastq_files/F10_batch1/_ISC_152.2_F10batch1_33D2_run1_R2.fastq.gz
ISC_153.1	6132x6255_rep1	ISC_153.1_F10batch1	33F2	2024-11-04	01_unzip_raw_data/04_unzip_F10_batch1/plate_directories/376780/376780_TAATTAGCGTTGGTTAAGAA_S14_R1_001.fastq.gz	01_unzip_raw_data/04_unzip_F10_batch1/plate_directories/376780/376780_TAATTAGCGTTGGTTAAGAA_S14_R2_001.fastq.gz	03_rename_fastq_files/F10_batch1/_ISC_153.1_F10batch1_33F2_run1_R1.fastq.gz	03_rename_fastq_files/F10_batch1/_ISC_153.1_F10batch1_33F2_run1_R2.fastq.gz
ISC_154.2	6132x6255_rep2	ISC_154.2_F10batch1	33C3	2024-11-04	01_unzip_raw_data/04_unzip_F10_batch1/plate_directories/376780/376780_AGGCAGCTCTCGGCTAACGT_S19_R1_001.fastq.gz	01_unzip_raw_data/04_unzip_F10_batch1/plate_directories/376780/376780_AGGCAGCTCTCGGCTAACGT_S19_R2_001.fastq.gz	03_rename_fastq_files/F10_batch1/_ISC_154.2_F10batch1_33C3_run1_R1.fastq.gz	03_rename_fastq_files/F10_batch1/_ISC_154.2_F10batch1_33C3_run1_R2.fastq.gz
ISC_155.1	6133x6020_rep1	ISC_155.1_F10batch1	33E6	2024-11-04	01_unzip_raw_data/04_unzip_F10_batch1/plate_directories/375339/375339_ATAGGTCTTAGTCACCACAG_S141_R1_001.fastq.gz	01_unzip_raw_data/04_unzip_F10_batch1/plate_directories/375339/375339_ATAGGTCTTAGTCACCACAG_S141_R2_001.fastq.gz	03_rename_fastq_files/F10_batch1/_ISC_155.1_F10batch1_33E6_run1_R1.fastq.gz	03_rename_fastq_files/F10_batch1/_ISC_155.1_F10batch1_33E6_run1_R2.fastq.gz
ISC_156.2	6133x6020_rep2	ISC_156.2_F10batch1	33A12	2024-11-04	01_unzip_raw_data/04_unzip_F10_batch1/plate_directories/375338/375338_GCTTACGGACCGTGTATCTT_S89_R1_001.fastq.gz	01_unzip_raw_data/04_unzip_F10_batch1/plate_directories/375338/375338_GCTTACGGACCGTGTATCTT_S89_R2_001.fastq.gz	03_rename_fastq_files/F10_batch1/_ISC_156.2_F10batch1_33A12_run1_R1.fastq.gz	03_rename_fastq_files/F10_batch1/_ISC_156.2_F10batch1_33A12_run1_R2.fastq.gz
ISC_157.1	6133x6917_rep1	ISC_157.1_F10batch1	33E4	2024-11-04	01_unzip_raw_data/04_unzip_F10_batch1/plate_directories/369397/369397_AGGCCGTGGACTCGTGCGTT_S125_R1_001.fastq.gz	01_unzip_raw_data/04_unzip_F10_batch1/plate_directories/369397/369397_AGGCCGTGGACTCGTGCGTT_S125_R2_001.fastq.gz	03_rename_fastq_files/F10_batch1/_ISC_157.1_F10batch1_33E4_run1_R1.fastq.gz	03_rename_fastq_files/F10_batch1/_ISC_157.1_F10batch1_33E4_run1_R2.fastq.gz
ISC_159.1	6134x6013_rep1	ISC_159.1_F10batch1	33F4	2024-11-04	01_unzip_raw_data/04_unzip_F10_batch1/plate_directories/375338/375338_TGCCTGGTGGCTTATGGAAT_S30_R1_001.fastq.gz	01_unzip_raw_data/04_unzip_F10_batch1/plate_directories/375338/375338_TGCCTGGTGGCTTATGGAAT_S30_R2_001.fastq.gz	03_rename_fastq_files/F10_batch1/_ISC_159.1_F10batch1_33F4_run1_R1.fastq.gz	03_rename_fastq_files/F10_batch1/_ISC_159.1_F10batch1_33F4_run1_R2.fastq.gz
ISC_160.2	6134x6013_rep2	ISC_160.2_F10batch1	33B10	2024-11-04	01_unzip_raw_data/04_unzip_F10_batch1/plate_directories/369396/369396_ACCTTATGAATGTTAGAAGG_S74_R1_001.fastq.gz	01_unzip_raw_data/04_unzip_F10_batch1/plate_directories/369396/369396_ACCTTATGAATGTTAGAAGG_S74_R2_001.fastq.gz	03_rename_fastq_files/F10_batch1/_ISC_160.2_F10batch1_33B10_run1_R1.fastq.gz	03_rename_fastq_files/F10_batch1/_ISC_160.2_F10batch1_33B10_run1_R2.fastq.gz
ISC_161.1	6136x6064_rep1	ISC_161.1_F10batch1	33H1	2024-11-04	01_unzip_raw_data/04_unzip_F10_batch1/plate_directories/375338/375338_TGCCTTGATCCCTTGTTAAT_S8_R1_001.fastq.gz	01_unzip_raw_data/04_unzip_F10_batch1/plate_directories/375338/375338_TGCCTTGATCCCTTGTTAAT_S8_R2_001.fastq.gz	03_rename_fastq_files/F10_batch1/_ISC_161.1_F10batch1_33H1_run1_R1.fastq.gz	03_rename_fastq_files/F10_batch1/_ISC_161.1_F10batch1_33H1_run1_R2.fastq.gz
ISC_162.2	6136x6064_rep2	ISC_162.2_F10batch1	33D7	2024-11-04	01_unzip_raw_data/04_unzip_F10_batch1/plate_directories/375338/375338_TCTTACATCAGTGCGTCCTT_S52_R1_001.fastq.gz	01_unzip_raw_data/04_unzip_F10_batch1/plate_directories/375338/375338_TCTTACATCAGTGCGTCCTT_S52_R2_001.fastq.gz	03_rename_fastq_files/F10_batch1/_ISC_162.2_F10batch1_33D7_run1_R1.fastq.gz	03_rename_fastq_files/F10_batch1/_ISC_162.2_F10batch1_33D7_run1_R2.fastq.gz
ISC_163.1	6137x5867_rep1	ISC_163.1_F10batch1	33A1	2024-11-04	01_unzip_raw_data/04_unzip_F10_batch1/plate_directories/369397/369397_TGCCGGTCAGCCTGATACAA_S97_R1_001.fastq.gz	01_unzip_raw_data/04_unzip_F10_batch1/plate_directories/369397/369397_TGCCGGTCAGCCTGATACAA_S97_R2_001.fastq.gz	03_rename_fastq_files/F10_batch1/_ISC_163.1_F10batch1_33A1_run1_R1.fastq.gz	03_rename_fastq_files/F10_batch1/_ISC_163.1_F10batch1_33A1_run1_R2.fastq.gz
ISC_164.2	6137x5867_rep2	ISC_164.2_F10batch1	33G5	2024-11-04	01_unzip_raw_data/04_unzip_F10_batch1/plate_directories/375338/375338_CAGCCGATTGGCTGTAGGAA_S39_R1_001.fastq.gz	01_unzip_raw_data/04_unzip_F10_batch1/plate_directories/375338/375338_CAGCCGATTGGCTGTAGGAA_S39_R2_001.fastq.gz	03_rename_fastq_files/F10_batch1/_ISC_164.2_F10batch1_33G5_run1_R1.fastq.gz	03_rename_fastq_files/F10_batch1/_ISC_164.2_F10batch1_33G5_run1_R2.fastq.gz
ISC_165.1	6138x6122_rep1	ISC_165.1_F10batch1	33E2	2024-11-04	01_unzip_raw_data/04_unzip_F10_batch1/plate_directories/375339/375339_TCCTCGGACTAACGCCAGAG_S109_R1_001.fastq.gz	01_unzip_raw_data/04_unzip_F10_batch1/plate_directories/375339/375339_TCCTCGGACTAACGCCAGAG_S109_R2_001.fastq.gz	03_rename_fastq_files/F10_batch1/_ISC_165.1_F10batch1_33E2_run1_R1.fastq.gz	03_rename_fastq_files/F10_batch1/_ISC_165.1_F10batch1_33E2_run1_R2.fastq.gz
ISC_166.2	6138x6122_rep2	ISC_166.2_F10batch1	33C6	2024-11-04	01_unzip_raw_data/04_unzip_F10_batch1/plate_directories/369396/369396_GGCGAGATGGTTCTATGGTT_S43_R1_001.fastq.gz	01_unzip_raw_data/04_unzip_F10_batch1/plate_directories/369396/369396_GGCGAGATGGTTCTATGGTT_S43_R2_001.fastq.gz	03_rename_fastq_files/F10_batch1/_ISC_166.2_F10batch1_33C6_run1_R1.fastq.gz	03_rename_fastq_files/F10_batch1/_ISC_166.2_F10batch1_33C6_run1_R2.fastq.gz
ISC_167.1	6140x9388_rep1	ISC_167.1_F10batch1	33D9	2024-11-04	01_unzip_raw_data/04_unzip_F10_batch1/plate_directories/376780/376780_CGTGTACCAGAGGATAAGTT_S68_R1_001.fastq.gz	01_unzip_raw_data/04_unzip_F10_batch1/plate_directories/376780/376780_CGTGTACCAGAGGATAAGTT_S68_R2_001.fastq.gz	03_rename_fastq_files/F10_batch1/_ISC_167.1_F10batch1_33D9_run1_R1.fastq.gz	03_rename_fastq_files/F10_batch1/_ISC_167.1_F10batch1_33D9_run1_R2.fastq.gz
ISC_168.2	6140x9388_rep2	ISC_168.2_F10batch1	33D4	2024-11-04	01_unzip_raw_data/04_unzip_F10_batch1/plate_directories/376780/376780_CTGCGTTACCTATGGCTCGA_S28_R1_001.fastq.gz	01_unzip_raw_data/04_unzip_F10_batch1/plate_directories/376780/376780_CTGCGTTACCTATGGCTCGA_S28_R2_001.fastq.gz	03_rename_fastq_files/F10_batch1/_ISC_168.2_F10batch1_33D4_run1_R1.fastq.gz	03_rename_fastq_files/F10_batch1/_ISC_168.2_F10batch1_33D4_run1_R2.fastq.gz
ISC_169.1	6142x7517_rep1	ISC_169.1_F10batch1	33H7	2024-11-04	01_unzip_raw_data/04_unzip_F10_batch1/plate_directories/369396/369396_CTCGTGCGTTGCCTCGGATA_S56_R1_001.fastq.gz	01_unzip_raw_data/04_unzip_F10_batch1/plate_directories/369396/369396_CTCGTGCGTTGCCTCGGATA_S56_R2_001.fastq.gz	03_rename_fastq_files/F10_batch1/_ISC_169.1_F10batch1_33H7_run1_R1.fastq.gz	03_rename_fastq_files/F10_batch1/_ISC_169.1_F10batch1_33H7_run1_R2.fastq.gz
ISC_170.2	6142x7517_rep2	ISC_170.2_F10batch1	33A9	2024-11-04	01_unzip_raw_data/04_unzip_F10_batch1/plate_directories/375339/375339_GTAACAATCTCTCTGTATAC_S161_R1_001.fastq.gz	01_unzip_raw_data/04_unzip_F10_batch1/plate_directories/375339/375339_GTAACAATCTCTCTGTATAC_S161_R2_001.fastq.gz	03_rename_fastq_files/F10_batch1/_ISC_170.2_F10batch1_33A9_run1_R1.fastq.gz	03_rename_fastq_files/F10_batch1/_ISC_170.2_F10batch1_33A9_run1_R2.fastq.gz
ISC_171.1	6145x8247_rep1	ISC_171.1_F10batch1	33B12	2024-11-04	01_unzip_raw_data/04_unzip_F10_batch1/plate_directories/376780/376780_GTAACTTGGTCGCCATACCT_S90_R1_001.fastq.gz	01_unzip_raw_data/04_unzip_F10_batch1/plate_directories/376780/376780_GTAACTTGGTCGCCATACCT_S90_R2_001.fastq.gz	03_rename_fastq_files/F10_batch1/_ISC_171.1_F10batch1_33B12_run1_R1.fastq.gz	03_rename_fastq_files/F10_batch1/_ISC_171.1_F10batch1_33B12_run1_R2.fastq.gz
ISC_172.2	6145x8247_rep2	ISC_172.2_F10batch1	33F3	2024-11-04	01_unzip_raw_data/04_unzip_F10_batch1/plate_directories/369397/369397_ATACTTGTTCTAACCGCCGA_S118_R1_001.fastq.gz	01_unzip_raw_data/04_unzip_F10_batch1/plate_directories/369397/369397_ATACTTGTTCTAACCGCCGA_S118_R2_001.fastq.gz	03_rename_fastq_files/F10_batch1/_ISC_172.2_F10batch1_33F3_run1_R1.fastq.gz	03_rename_fastq_files/F10_batch1/_ISC_172.2_F10batch1_33F3_run1_R2.fastq.gz
ISC_173.1	6148x6138_rep1	ISC_173.1_F10batch1	33C3	2024-11-04	01_unzip_raw_data/04_unzip_F10_batch1/plate_directories/375338/375338_CTAATGATGGGGTTGCCTCT_S19_R1_001.fastq.gz	01_unzip_raw_data/04_unzip_F10_batch1/plate_directories/375338/375338_CTAATGATGGGGTTGCCTCT_S19_R2_001.fastq.gz	03_rename_fastq_files/F10_batch1/_ISC_173.1_F10batch1_33C3_run1_R1.fastq.gz	03_rename_fastq_files/F10_batch1/_ISC_173.1_F10batch1_33C3_run1_R2.fastq.gz
ISC_174.2	6148x6138_rep2	ISC_174.2_F10batch1	33E9	2024-11-04	01_unzip_raw_data/04_unzip_F10_batch1/plate_directories/376780/376780_TTAACCTTCGAGGCCAGACA_S69_R1_001.fastq.gz	01_unzip_raw_data/04_unzip_F10_batch1/plate_directories/376780/376780_TTAACCTTCGAGGCCAGACA_S69_R2_001.fastq.gz	03_rename_fastq_files/F10_batch1/_ISC_174.2_F10batch1_33E9_run1_R1.fastq.gz	03_rename_fastq_files/F10_batch1/_ISC_174.2_F10batch1_33E9_run1_R2.fastq.gz
ISC_175.1	6149x9395_rep1	ISC_175.1_F10batch1	33B8	2024-11-04	01_unzip_raw_data/04_unzip_F10_batch1/plate_directories/375338/375338_CCGAAGCGAGTACTAGTCAA_S58_R1_001.fastq.gz	01_unzip_raw_data/04_unzip_F10_batch1/plate_directories/375338/375338_CCGAAGCGAGTACTAGTCAA_S58_R2_001.fastq.gz	03_rename_fastq_files/F10_batch1/_ISC_175.1_F10batch1_33B8_run1_R1.fastq.gz	03_rename_fastq_files/F10_batch1/_ISC_175.1_F10batch1_33B8_run1_R2.fastq.gz
ISC_176.2	6149x9395_rep2	ISC_176.2_F10batch1	33H2	2024-11-04	01_unzip_raw_data/04_unzip_F10_batch1/plate_directories/369397/369397_TGATGGCTACCCAACAACAT_S112_R1_001.fastq.gz	01_unzip_raw_data/04_unzip_F10_batch1/plate_directories/369397/369397_TGATGGCTACCCAACAACAT_S112_R2_001.fastq.gz	03_rename_fastq_files/F10_batch1/_ISC_176.2_F10batch1_33H2_run1_R1.fastq.gz	03_rename_fastq_files/F10_batch1/_ISC_176.2_F10batch1_33H2_run1_R2.fastq.gz
ISC_177.1	6150x6218_rep1	ISC_177.1_F10batch1	33D12	2024-11-04	01_unzip_raw_data/04_unzip_F10_batch1/plate_directories/375339/375339_AGCTGGAATGACGGAATGCG_S188_R1_001.fastq.gz	01_unzip_raw_data/04_unzip_F10_batch1/plate_directories/375339/375339_AGCTGGAATGACGGAATGCG_S188_R2_001.fastq.gz	03_rename_fastq_files/F10_batch1/_ISC_177.1_F10batch1_33D12_run1_R1.fastq.gz	03_rename_fastq_files/F10_batch1/_ISC_177.1_F10batch1_33D12_run1_R2.fastq.gz
ISC_178.2	6150x6218_rep2	ISC_178.2_F10batch1	33C3	2024-11-04	01_unzip_raw_data/04_unzip_F10_batch1/plate_directories/369397/369397_AGGCAGCTCTCGGCTAACGT_S115_R1_001.fastq.gz	01_unzip_raw_data/04_unzip_F10_batch1/plate_directories/369397/369397_AGGCAGCTCTCGGCTAACGT_S115_R2_001.fastq.gz	03_rename_fastq_files/F10_batch1/_ISC_178.2_F10batch1_33C3_run1_R1.fastq.gz	03_rename_fastq_files/F10_batch1/_ISC_178.2_F10batch1_33C3_run1_R2.fastq.gz
ISC_179.1	6151x9408_rep1	ISC_179.1_F10batch1	33D1	2024-11-04	01_unzip_raw_data/04_unzip_F10_batch1/plate_directories/369397/369397_TCAATGGAGAGCACTACAAC_S100_R1_001.fastq.gz	01_unzip_raw_data/04_unzip_F10_batch1/plate_directories/369397/369397_TCAATGGAGAGCACTACAAC_S100_R2_001.fastq.gz	03_rename_fastq_files/F10_batch1/_ISC_179.1_F10batch1_33D1_run1_R1.fastq.gz	03_rename_fastq_files/F10_batch1/_ISC_179.1_F10batch1_33D1_run1_R2.fastq.gz
ISC_180.2	6151x9408_rep2	ISC_180.2_F10batch1	33A5	2024-11-04	01_unzip_raw_data/04_unzip_F10_batch1/plate_directories/375339/375339_TAGTGGAAGCAGTACCTATA_S129_R1_001.fastq.gz	01_unzip_raw_data/04_unzip_F10_batch1/plate_directories/375339/375339_TAGTGGAAGCAGTACCTATA_S129_R2_001.fastq.gz	03_rename_fastq_files/F10_batch1/_ISC_180.2_F10batch1_33A5_run1_R1.fastq.gz	03_rename_fastq_files/F10_batch1/_ISC_180.2_F10batch1_33A5_run1_R2.fastq.gz
ISC_181.1	6154x6221_rep1	ISC_181.1_F10batch1	33H12	2024-11-04	01_unzip_raw_data/04_unzip_F10_batch1/plate_directories/369396/369396_TGGACGGAGGCACATCGGTG_S96_R1_001.fastq.gz	01_unzip_raw_data/04_unzip_F10_batch1/plate_directories/369396/369396_TGGACGGAGGCACATCGGTG_S96_R2_001.fastq.gz	03_rename_fastq_files/F10_batch1/_ISC_181.1_F10batch1_33H12_run1_R1.fastq.gz	03_rename_fastq_files/F10_batch1/_ISC_181.1_F10batch1_33H12_run1_R2.fastq.gz
ISC_182.2	6154x6221_rep2	ISC_182.2_F10batch1	33A1	2024-11-04	01_unzip_raw_data/04_unzip_F10_batch1/plate_directories/375339/375339_TCTCATGATAAACACGTGGA_S97_R1_001.fastq.gz	01_unzip_raw_data/04_unzip_F10_batch1/plate_directories/375339/375339_TCTCATGATAAACACGTGGA_S97_R2_001.fastq.gz	03_rename_fastq_files/F10_batch1/_ISC_182.2_F10batch1_33A1_run1_R1.fastq.gz	03_rename_fastq_files/F10_batch1/_ISC_182.2_F10batch1_33A1_run1_R2.fastq.gz
ISC_183.1	6163x6111_rep1	ISC_183.1_F10batch1	33B9	2024-11-04	01_unzip_raw_data/04_unzip_F10_batch1/plate_directories/376780/376780_TTAACGGTGTTCCTGACCGT_S66_R1_001.fastq.gz	01_unzip_raw_data/04_unzip_F10_batch1/plate_directories/376780/376780_TTAACGGTGTTCCTGACCGT_S66_R2_001.fastq.gz	03_rename_fastq_files/F10_batch1/_ISC_183.1_F10batch1_33B9_run1_R1.fastq.gz	03_rename_fastq_files/F10_batch1/_ISC_183.1_F10batch1_33B9_run1_R2.fastq.gz
ISC_184.2	6163x6111_rep2	ISC_184.2_F10batch1	33A10	2024-11-04	01_unzip_raw_data/04_unzip_F10_batch1/plate_directories/376780/376780_ATGTTGTTGGCAATCTATGA_S73_R1_001.fastq.gz	01_unzip_raw_data/04_unzip_F10_batch1/plate_directories/376780/376780_ATGTTGTTGGCAATCTATGA_S73_R2_001.fastq.gz	03_rename_fastq_files/F10_batch1/_ISC_184.2_F10batch1_33A10_run1_R1.fastq.gz	03_rename_fastq_files/F10_batch1/_ISC_184.2_F10batch1_33A10_run1_R2.fastq.gz
ISC_185.1	6163x9405_rep1	ISC_185.1_F10batch1	33A4	2024-11-04	01_unzip_raw_data/04_unzip_F10_batch1/plate_directories/375339/375339_CACTATCAACTCAGTTAATG_S121_R1_001.fastq.gz	01_unzip_raw_data/04_unzip_F10_batch1/plate_directories/375339/375339_CACTATCAACTCAGTTAATG_S121_R2_001.fastq.gz	03_rename_fastq_files/F10_batch1/_ISC_185.1_F10batch1_33A4_run1_R1.fastq.gz	03_rename_fastq_files/F10_batch1/_ISC_185.1_F10batch1_33A4_run1_R2.fastq.gz
ISC_186.2	6163x9405_rep2	ISC_186.2_F10batch1	33A11	2024-11-04	01_unzip_raw_data/04_unzip_F10_batch1/plate_directories/375339/375339_CCAATGATACGAGTGTGCCG_S177_R1_001.fastq.gz	01_unzip_raw_data/04_unzip_F10_batch1/plate_directories/375339/375339_CCAATGATACGAGTGTGCCG_S177_R2_001.fastq.gz	03_rename_fastq_files/F10_batch1/_ISC_186.2_F10batch1_33A11_run1_R1.fastq.gz	03_rename_fastq_files/F10_batch1/_ISC_186.2_F10batch1_33A11_run1_R2.fastq.gz
ISC_187.1	6166x7519_rep1	ISC_187.1_F10batch1	33E2	2024-11-04	01_unzip_raw_data/04_unzip_F10_batch1/plate_directories/376780/376780_GGTAGAATTAGTAGCCATCA_S13_R1_001.fastq.gz	01_unzip_raw_data/04_unzip_F10_batch1/plate_directories/376780/376780_GGTAGAATTAGTAGCCATCA_S13_R2_001.fastq.gz	03_rename_fastq_files/F10_batch1/_ISC_187.1_F10batch1_33E2_run1_R1.fastq.gz	03_rename_fastq_files/F10_batch1/_ISC_187.1_F10batch1_33E2_run1_R2.fastq.gz
ISC_188.2	6166x7519_rep2	ISC_188.2_F10batch1	33C10	2024-11-04	01_unzip_raw_data/04_unzip_F10_batch1/plate_directories/376780/376780_AGGCGTTCGCTTCATCCAAC_S75_R1_001.fastq.gz	01_unzip_raw_data/04_unzip_F10_batch1/plate_directories/376780/376780_AGGCGTTCGCTTCATCCAAC_S75_R2_001.fastq.gz	03_rename_fastq_files/F10_batch1/_ISC_188.2_F10batch1_33C10_run1_R1.fastq.gz	03_rename_fastq_files/F10_batch1/_ISC_188.2_F10batch1_33C10_run1_R2.fastq.gz
ISC_189.1	6169x8230_rep1	ISC_189.1_F10batch1	33B2	2024-11-04	01_unzip_raw_data/04_unzip_F10_batch1/plate_directories/375338/375338_TCGTCTGACTACCAGCGACA_S10_R1_001.fastq.gz	01_unzip_raw_data/04_unzip_F10_batch1/plate_directories/375338/375338_TCGTCTGACTACCAGCGACA_S10_R2_001.fastq.gz	03_rename_fastq_files/F10_batch1/_ISC_189.1_F10batch1_33B2_run1_R1.fastq.gz	03_rename_fastq_files/F10_batch1/_ISC_189.1_F10batch1_33B2_run1_R2.fastq.gz
ISC_190.2	6169x8230_rep2	ISC_190.2_F10batch1	33H9	2024-11-04	01_unzip_raw_data/04_unzip_F10_batch1/plate_directories/375339/375339_TCTTGTCGGCCCACCTGTGT_S168_R1_001.fastq.gz	01_unzip_raw_data/04_unzip_F10_batch1/plate_directories/375339/375339_TCTTGTCGGCCCACCTGTGT_S168_R2_001.fastq.gz	03_rename_fastq_files/F10_batch1/_ISC_190.2_F10batch1_33H9_run1_R1.fastq.gz	03_rename_fastq_files/F10_batch1/_ISC_190.2_F10batch1_33H9_run1_R2.fastq.gz
ISC_191.1	6171x6074_rep1	ISC_191.1_F10batch1	33H7	2024-11-04	01_unzip_raw_data/04_unzip_F10_batch1/plate_directories/375339/375339_TCCAGAGATCCTGCACTTCA_S152_R1_001.fastq.gz	01_unzip_raw_data/04_unzip_F10_batch1/plate_directories/375339/375339_TCCAGAGATCCTGCACTTCA_S152_R2_001.fastq.gz	03_rename_fastq_files/F10_batch1/_ISC_191.1_F10batch1_33H7_run1_R1.fastq.gz	03_rename_fastq_files/F10_batch1/_ISC_191.1_F10batch1_33H7_run1_R2.fastq.gz
ISC_192.2	6171x6074_rep2	ISC_192.2_F10batch1	33E4	2024-11-04	01_unzip_raw_data/04_unzip_F10_batch1/plate_directories/376780/376780_AGGCCGTGGACTCGTGCGTT_S29_R1_001.fastq.gz	01_unzip_raw_data/04_unzip_F10_batch1/plate_directories/376780/376780_AGGCCGTGGACTCGTGCGTT_S29_R2_001.fastq.gz	03_rename_fastq_files/F10_batch1/_ISC_192.2_F10batch1_33E4_run1_R1.fastq.gz	03_rename_fastq_files/F10_batch1/_ISC_192.2_F10batch1_33E4_run1_R2.fastq.gz
ISC_193.1	6172x6148_rep1	ISC_193.1_F10batch1	33H2	2024-11-04	01_unzip_raw_data/04_unzip_F10_batch1/plate_directories/375338/375338_GCCGTAACCGAAGACTATAG_S16_R1_001.fastq.gz	01_unzip_raw_data/04_unzip_F10_batch1/plate_directories/375338/375338_GCCGTAACCGAAGACTATAG_S16_R2_001.fastq.gz	03_rename_fastq_files/F10_batch1/_ISC_193.1_F10batch1_33H2_run1_R1.fastq.gz	03_rename_fastq_files/F10_batch1/_ISC_193.1_F10batch1_33H2_run1_R2.fastq.gz
ISC_194.2	6172x6148_rep2	ISC_194.2_F10batch1	33C9	2024-11-04	01_unzip_raw_data/04_unzip_F10_batch1/plate_directories/376780/376780_ACTTGTTATCCGCGCCTAGA_S67_R1_001.fastq.gz	01_unzip_raw_data/04_unzip_F10_batch1/plate_directories/376780/376780_ACTTGTTATCCGCGCCTAGA_S67_R2_001.fastq.gz	03_rename_fastq_files/F10_batch1/_ISC_194.2_F10batch1_33C9_run1_R1.fastq.gz	03_rename_fastq_files/F10_batch1/_ISC_194.2_F10batch1_33C9_run1_R2.fastq.gz
ISC_195.1	6173x9383_rep1	ISC_195.1_F10batch1	33B4	2024-11-04	01_unzip_raw_data/04_unzip_F10_batch1/plate_directories/369397/369397_GATATTGTGTACCACACGGT_S122_R1_001.fastq.gz	01_unzip_raw_data/04_unzip_F10_batch1/plate_directories/369397/369397_GATATTGTGTACCACACGGT_S122_R2_001.fastq.gz	03_rename_fastq_files/F10_batch1/_ISC_195.1_F10batch1_33B4_run1_R1.fastq.gz	03_rename_fastq_files/F10_batch1/_ISC_195.1_F10batch1_33B4_run1_R2.fastq.gz
ISC_196.2	6173x9383_rep2	ISC_196.2_F10batch1	33D1	2024-11-04	01_unzip_raw_data/04_unzip_F10_batch1/plate_directories/375338/375338_CTTATGGAATTGCCTGGTGG_S4_R1_001.fastq.gz	01_unzip_raw_data/04_unzip_F10_batch1/plate_directories/375338/375338_CTTATGGAATTGCCTGGTGG_S4_R2_001.fastq.gz	03_rename_fastq_files/F10_batch1/_ISC_196.2_F10batch1_33D1_run1_R1.fastq.gz	03_rename_fastq_files/F10_batch1/_ISC_196.2_F10batch1_33D1_run1_R2.fastq.gz
ISC_197.1	6177x6023_rep1	ISC_197.1_F10batch1	33F9	2024-11-04	01_unzip_raw_data/04_unzip_F10_batch1/plate_directories/375339/375339_TTAGACCATGTCCTAGGAAG_S166_R1_001.fastq.gz	01_unzip_raw_data/04_unzip_F10_batch1/plate_directories/375339/375339_TTAGACCATGTCCTAGGAAG_S166_R2_001.fastq.gz	03_rename_fastq_files/F10_batch1/_ISC_197.1_F10batch1_33F9_run1_R1.fastq.gz	03_rename_fastq_files/F10_batch1/_ISC_197.1_F10batch1_33F9_run1_R2.fastq.gz
ISC_198.2	6177x6023_rep2	ISC_198.2_F10batch1	33B6	2024-11-04	01_unzip_raw_data/04_unzip_F10_batch1/plate_directories/375338/375338_GCCATTAGACAGTGGTCAGG_S42_R1_001.fastq.gz	01_unzip_raw_data/04_unzip_F10_batch1/plate_directories/375338/375338_GCCATTAGACAGTGGTCAGG_S42_R2_001.fastq.gz	03_rename_fastq_files/F10_batch1/_ISC_198.2_F10batch1_33B6_run1_R1.fastq.gz	03_rename_fastq_files/F10_batch1/_ISC_198.2_F10batch1_33B6_run1_R2.fastq.gz
ISC_199.1	6180x1317_rep1	ISC_199.1_F10batch1	33D8	2024-11-04	01_unzip_raw_data/04_unzip_F10_batch1/plate_directories/369396/369396_TTCCAGGTAAACAGTTCCAG_S60_R1_001.fastq.gz	01_unzip_raw_data/04_unzip_F10_batch1/plate_directories/369396/369396_TTCCAGGTAAACAGTTCCAG_S60_R2_001.fastq.gz	03_rename_fastq_files/F10_batch1/_ISC_199.1_F10batch1_33D8_run1_R1.fastq.gz	03_rename_fastq_files/F10_batch1/_ISC_199.1_F10batch1_33D8_run1_R2.fastq.gz
ISC_200.2	6180x1317_rep2	ISC_200.2_F10batch1	33G6	2024-11-04	01_unzip_raw_data/04_unzip_F10_batch1/plate_directories/375339/375339_AAGGAAGAGTCACGTTAGGC_S143_R1_001.fastq.gz	01_unzip_raw_data/04_unzip_F10_batch1/plate_directories/375339/375339_AAGGAAGAGTCACGTTAGGC_S143_R2_001.fastq.gz	03_rename_fastq_files/F10_batch1/_ISC_200.2_F10batch1_33G6_run1_R1.fastq.gz	03_rename_fastq_files/F10_batch1/_ISC_200.2_F10batch1_33G6_run1_R2.fastq.gz
ISC_201.1	6184x6025_rep1	ISC_201.1_F10batch1	33C12	2024-11-04	01_unzip_raw_data/04_unzip_F10_batch1/plate_directories/375338/375338_CGCCTTCTGAGGCCATCATA_S91_R1_001.fastq.gz	01_unzip_raw_data/04_unzip_F10_batch1/plate_directories/375338/375338_CGCCTTCTGAGGCCATCATA_S91_R2_001.fastq.gz	03_rename_fastq_files/F10_batch1/_ISC_201.1_F10batch1_33C12_run1_R1.fastq.gz	03_rename_fastq_files/F10_batch1/_ISC_201.1_F10batch1_33C12_run1_R2.fastq.gz
ISC_202.2	6184x6025_rep2	ISC_202.2_F10batch1	33G2	2024-11-04	01_unzip_raw_data/04_unzip_F10_batch1/plate_directories/375339/375339_GAATATGCGGACGAGACTGA_S111_R1_001.fastq.gz	01_unzip_raw_data/04_unzip_F10_batch1/plate_directories/375339/375339_GAATATGCGGACGAGACTGA_S111_R2_001.fastq.gz	03_rename_fastq_files/F10_batch1/_ISC_202.2_F10batch1_33G2_run1_R1.fastq.gz	03_rename_fastq_files/F10_batch1/_ISC_202.2_F10batch1_33G2_run1_R2.fastq.gz
ISC_203.1	6189x6220_rep1	ISC_203.1_F10batch1	33F3	2024-11-04	01_unzip_raw_data/04_unzip_F10_batch1/plate_directories/375338/375338_GAGCGCAATACTGTGTTAGG_S22_R1_001.fastq.gz	01_unzip_raw_data/04_unzip_F10_batch1/plate_directories/375338/375338_GAGCGCAATACTGTGTTAGG_S22_R2_001.fastq.gz	03_rename_fastq_files/F10_batch1/_ISC_203.1_F10batch1_33F3_run1_R1.fastq.gz	03_rename_fastq_files/F10_batch1/_ISC_203.1_F10batch1_33F3_run1_R2.fastq.gz
ISC_204.2	6189x6220_rep2	ISC_204.2_F10batch1	33H4	2024-11-04	01_unzip_raw_data/04_unzip_F10_batch1/plate_directories/375338/375338_CATACACTGTGAACATACGG_S32_R1_001.fastq.gz	01_unzip_raw_data/04_unzip_F10_batch1/plate_directories/375338/375338_CATACACTGTGAACATACGG_S32_R2_001.fastq.gz	03_rename_fastq_files/F10_batch1/_ISC_204.2_F10batch1_33H4_run1_R1.fastq.gz	03_rename_fastq_files/F10_batch1/_ISC_204.2_F10batch1_33H4_run1_R2.fastq.gz
ISC_205.1	6191x6965_rep1	ISC_205.1_F10batch1	33A7	2024-11-04	01_unzip_raw_data/04_unzip_F10_batch1/plate_directories/375338/375338_GTGCAACACTCTGGTACACG_S49_R1_001.fastq.gz	01_unzip_raw_data/04_unzip_F10_batch1/plate_directories/375338/375338_GTGCAACACTCTGGTACACG_S49_R2_001.fastq.gz	03_rename_fastq_files/F10_batch1/_ISC_205.1_F10batch1_33A7_run1_R1.fastq.gz	03_rename_fastq_files/F10_batch1/_ISC_205.1_F10batch1_33A7_run1_R2.fastq.gz
ISC_206.2	6191x6965_rep2	ISC_206.2_F10batch1	33B7	2024-11-04	01_unzip_raw_data/04_unzip_F10_batch1/plate_directories/375339/375339_CCTGCAACCTGTAGAGTCAG_S146_R1_001.fastq.gz	01_unzip_raw_data/04_unzip_F10_batch1/plate_directories/375339/375339_CCTGCAACCTGTAGAGTCAG_S146_R2_001.fastq.gz	03_rename_fastq_files/F10_batch1/_ISC_206.2_F10batch1_33B7_run1_R1.fastq.gz	03_rename_fastq_files/F10_batch1/_ISC_206.2_F10batch1_33B7_run1_R2.fastq.gz
ISC_207.1	6192x1062_rep1	ISC_207.1_F10batch1	33H1	2024-11-04	01_unzip_raw_data/04_unzip_F10_batch1/plate_directories/375339/375339_GAGGTTAGACAATGTATTGC_S104_R1_001.fastq.gz	01_unzip_raw_data/04_unzip_F10_batch1/plate_directories/375339/375339_GAGGTTAGACAATGTATTGC_S104_R2_001.fastq.gz	03_rename_fastq_files/F10_batch1/_ISC_207.1_F10batch1_33H1_run1_R1.fastq.gz	03_rename_fastq_files/F10_batch1/_ISC_207.1_F10batch1_33H1_run1_R2.fastq.gz
ISC_208.2	6192x1062_rep2	ISC_208.2_F10batch1	33B3	2024-11-04	01_unzip_raw_data/04_unzip_F10_batch1/plate_directories/369397/369397_TAGAATTGGAGTTAATCTGA_S114_R1_001.fastq.gz	01_unzip_raw_data/04_unzip_F10_batch1/plate_directories/369397/369397_TAGAATTGGAGTTAATCTGA_S114_R2_001.fastq.gz	03_rename_fastq_files/F10_batch1/_ISC_208.2_F10batch1_33B3_run1_R1.fastq.gz	03_rename_fastq_files/F10_batch1/_ISC_208.2_F10batch1_33B3_run1_R2.fastq.gz
ISC_209.1	6193x6133_rep1	ISC_209.1_F10batch1	33B1	2024-11-04	01_unzip_raw_data/04_unzip_F10_batch1/plate_directories/375338/375338_TATCTGACCTCTACAAGATA_S2_R1_001.fastq.gz	01_unzip_raw_data/04_unzip_F10_batch1/plate_directories/375338/375338_TATCTGACCTCTACAAGATA_S2_R2_001.fastq.gz	03_rename_fastq_files/F10_batch1/_ISC_209.1_F10batch1_33B1_run1_R1.fastq.gz	03_rename_fastq_files/F10_batch1/_ISC_209.1_F10batch1_33B1_run1_R2.fastq.gz
ISC_210.2	6193x6133_rep2	ISC_210.2_F10batch1	33A8	2024-11-04	01_unzip_raw_data/04_unzip_F10_batch1/plate_directories/369396/369396_TTAGGATAGACGTCGACTGG_S57_R1_001.fastq.gz	01_unzip_raw_data/04_unzip_F10_batch1/plate_directories/369396/369396_TTAGGATAGACGTCGACTGG_S57_R2_001.fastq.gz	03_rename_fastq_files/F10_batch1/_ISC_210.2_F10batch1_33A8_run1_R1.fastq.gz	03_rename_fastq_files/F10_batch1/_ISC_210.2_F10batch1_33A8_run1_R2.fastq.gz
ISC_211.1	6193x9394_rep1	ISC_211.1_F10batch1	33B6	2024-11-04	01_unzip_raw_data/04_unzip_F10_batch1/plate_directories/375339/375339_CTGTGGTGACGACAGACAGG_S138_R1_001.fastq.gz	01_unzip_raw_data/04_unzip_F10_batch1/plate_directories/375339/375339_CTGTGGTGACGACAGACAGG_S138_R2_001.fastq.gz	03_rename_fastq_files/F10_batch1/_ISC_211.1_F10batch1_33B6_run1_R1.fastq.gz	03_rename_fastq_files/F10_batch1/_ISC_211.1_F10batch1_33B6_run1_R2.fastq.gz
ISC_212.2	6193x9394_rep2	ISC_212.2_F10batch1	33C5	2024-11-04	01_unzip_raw_data/04_unzip_F10_batch1/plate_directories/375338/375338_GCGAGTTACCAAGTTGGTGA_S35_R1_001.fastq.gz	01_unzip_raw_data/04_unzip_F10_batch1/plate_directories/375338/375338_GCGAGTTACCAAGTTGGTGA_S35_R2_001.fastq.gz	03_rename_fastq_files/F10_batch1/_ISC_212.2_F10batch1_33C5_run1_R1.fastq.gz	03_rename_fastq_files/F10_batch1/_ISC_212.2_F10batch1_33C5_run1_R2.fastq.gz
ISC_213.1	6194x1061_rep1	ISC_213.1_F10batch1	33D4	2024-11-04	01_unzip_raw_data/04_unzip_F10_batch1/plate_directories/369396/369396_ATGTCGTGGTTCGTATGCGG_S28_R1_001.fastq.gz	01_unzip_raw_data/04_unzip_F10_batch1/plate_directories/369396/369396_ATGTCGTGGTTCGTATGCGG_S28_R2_001.fastq.gz	03_rename_fastq_files/F10_batch1/_ISC_213.1_F10batch1_33D4_run1_R1.fastq.gz	03_rename_fastq_files/F10_batch1/_ISC_213.1_F10batch1_33D4_run1_R2.fastq.gz
ISC_214.2	6194x1061_rep2	ISC_214.2_F10batch1	33F12	2024-11-04	01_unzip_raw_data/04_unzip_F10_batch1/plate_directories/369396/369396_CAATCTATGAGATTAAGGTG_S94_R1_001.fastq.gz	01_unzip_raw_data/04_unzip_F10_batch1/plate_directories/369396/369396_CAATCTATGAGATTAAGGTG_S94_R2_001.fastq.gz	03_rename_fastq_files/F10_batch1/_ISC_214.2_F10batch1_33F12_run1_R1.fastq.gz	03_rename_fastq_files/F10_batch1/_ISC_214.2_F10batch1_33F12_run1_R2.fastq.gz
ISC_215.1	6195x1074_rep1	ISC_215.1_F10batch1	33F10	2024-11-04	01_unzip_raw_data/04_unzip_F10_batch1/plate_directories/375339/375339_AACTTATCCTGTACTGGCGT_S174_R1_001.fastq.gz	01_unzip_raw_data/04_unzip_F10_batch1/plate_directories/375339/375339_AACTTATCCTGTACTGGCGT_S174_R2_001.fastq.gz	03_rename_fastq_files/F10_batch1/_ISC_215.1_F10batch1_33F10_run1_R1.fastq.gz	03_rename_fastq_files/F10_batch1/_ISC_215.1_F10batch1_33F10_run1_R2.fastq.gz
ISC_216.2	6195x1074_rep2	ISC_216.2_F10batch1	33C10	2024-11-04	01_unzip_raw_data/04_unzip_F10_batch1/plate_directories/369396/369396_CGCTGCAGAGGATGGATGTA_S75_R1_001.fastq.gz	01_unzip_raw_data/04_unzip_F10_batch1/plate_directories/369396/369396_CGCTGCAGAGGATGGATGTA_S75_R2_001.fastq.gz	03_rename_fastq_files/F10_batch1/_ISC_216.2_F10batch1_33C10_run1_R1.fastq.gz	03_rename_fastq_files/F10_batch1/_ISC_216.2_F10batch1_33C10_run1_R2.fastq.gz
ISC_217.1	6197x6127_rep1	ISC_217.1_F10batch1	33D9	2024-11-04	01_unzip_raw_data/04_unzip_F10_batch1/plate_directories/375338/375338_TTGTTCCGTGAACCTAGCAC_S68_R1_001.fastq.gz	01_unzip_raw_data/04_unzip_F10_batch1/plate_directories/375338/375338_TTGTTCCGTGAACCTAGCAC_S68_R2_001.fastq.gz	03_rename_fastq_files/F10_batch1/_ISC_217.1_F10batch1_33D9_run1_R1.fastq.gz	03_rename_fastq_files/F10_batch1/_ISC_217.1_F10batch1_33D9_run1_R2.fastq.gz
ISC_218.2	6197x6127_rep2	ISC_218.2_F10batch1	33A8	2024-11-04	01_unzip_raw_data/04_unzip_F10_batch1/plate_directories/375339/375339_ATGTCCAGCACAGCGGACAA_S153_R1_001.fastq.gz	01_unzip_raw_data/04_unzip_F10_batch1/plate_directories/375339/375339_ATGTCCAGCACAGCGGACAA_S153_R2_001.fastq.gz	03_rename_fastq_files/F10_batch1/_ISC_218.2_F10batch1_33A8_run1_R1.fastq.gz	03_rename_fastq_files/F10_batch1/_ISC_218.2_F10batch1_33A8_run1_R2.fastq.gz
ISC_219.1	6198x6118_rep1	ISC_219.1_F10batch1	33D7	2024-11-04	01_unzip_raw_data/04_unzip_F10_batch1/plate_directories/376780/376780_CCGCGTATAGTAGGAACCGG_S52_R1_001.fastq.gz	01_unzip_raw_data/04_unzip_F10_batch1/plate_directories/376780/376780_CCGCGTATAGTAGGAACCGG_S52_R2_001.fastq.gz	03_rename_fastq_files/F10_batch1/_ISC_219.1_F10batch1_33D7_run1_R1.fastq.gz	03_rename_fastq_files/F10_batch1/_ISC_219.1_F10batch1_33D7_run1_R2.fastq.gz
ISC_220.2	6198x6118_rep2	ISC_220.2_F10batch1	33G1	2024-11-04	01_unzip_raw_data/04_unzip_F10_batch1/plate_directories/369396/369396_AGAGCACTAGTGGAACAGTA_S7_R1_001.fastq.gz	01_unzip_raw_data/04_unzip_F10_batch1/plate_directories/369396/369396_AGAGCACTAGTGGAACAGTA_S7_R2_001.fastq.gz	03_rename_fastq_files/F10_batch1/_ISC_220.2_F10batch1_33G1_run1_R1.fastq.gz	03_rename_fastq_files/F10_batch1/_ISC_220.2_F10batch1_33G1_run1_R2.fastq.gz
ISC_221.1	6201x9399_rep1	ISC_221.1_F10batch1	33G9	2024-11-04	01_unzip_raw_data/04_unzip_F10_batch1/plate_directories/375339/375339_CACACAGTATTTGAGCCTAA_S167_R1_001.fastq.gz	01_unzip_raw_data/04_unzip_F10_batch1/plate_directories/375339/375339_CACACAGTATTTGAGCCTAA_S167_R2_001.fastq.gz	03_rename_fastq_files/F10_batch1/_ISC_221.1_F10batch1_33G9_run1_R1.fastq.gz	03_rename_fastq_files/F10_batch1/_ISC_221.1_F10batch1_33G9_run1_R2.fastq.gz
ISC_222.2	6201x9399_rep2	ISC_222.2_F10batch1	33B3	2024-11-04	01_unzip_raw_data/04_unzip_F10_batch1/plate_directories/375338/375338_GGTTGCCTCTCTAATGATGG_S18_R1_001.fastq.gz	01_unzip_raw_data/04_unzip_F10_batch1/plate_directories/375338/375338_GGTTGCCTCTCTAATGATGG_S18_R2_001.fastq.gz	03_rename_fastq_files/F10_batch1/_ISC_222.2_F10batch1_33B3_run1_R1.fastq.gz	03_rename_fastq_files/F10_batch1/_ISC_222.2_F10batch1_33B3_run1_R2.fastq.gz
ISC_223.1	6202x9402_rep1	ISC_223.1_F10batch1	33E10	2024-11-04	01_unzip_raw_data/04_unzip_F10_batch1/plate_directories/375338/375338_GGATACCAGACGTTGCTTAC_S77_R1_001.fastq.gz	01_unzip_raw_data/04_unzip_F10_batch1/plate_directories/375338/375338_GGATACCAGACGTTGCTTAC_S77_R2_001.fastq.gz	03_rename_fastq_files/F10_batch1/_ISC_223.1_F10batch1_33E10_run1_R1.fastq.gz	03_rename_fastq_files/F10_batch1/_ISC_223.1_F10batch1_33E10_run1_R2.fastq.gz
ISC_224.2	6202x9402_rep2	ISC_224.2_F10batch1	33C11	2024-11-04	01_unzip_raw_data/04_unzip_F10_batch1/plate_directories/369396/369396_GTAAGGCATAAGACACATTA_S83_R1_001.fastq.gz	01_unzip_raw_data/04_unzip_F10_batch1/plate_directories/369396/369396_GTAAGGCATAAGACACATTA_S83_R2_001.fastq.gz	03_rename_fastq_files/F10_batch1/_ISC_224.2_F10batch1_33C11_run1_R1.fastq.gz	03_rename_fastq_files/F10_batch1/_ISC_224.2_F10batch1_33C11_run1_R2.fastq.gz
ISC_225.1	6203x9321_rep1	ISC_225.1_F10batch1	33A10	2024-11-04	01_unzip_raw_data/04_unzip_F10_batch1/plate_directories/375339/375339_TACCGCCTCGCCTCGCAACC_S169_R1_001.fastq.gz	01_unzip_raw_data/04_unzip_F10_batch1/plate_directories/375339/375339_TACCGCCTCGCCTCGCAACC_S169_R2_001.fastq.gz	03_rename_fastq_files/F10_batch1/_ISC_225.1_F10batch1_33A10_run1_R1.fastq.gz	03_rename_fastq_files/F10_batch1/_ISC_225.1_F10batch1_33A10_run1_R2.fastq.gz
ISC_226.2	6203x9321_rep2	ISC_226.2_F10batch1	33E11	2024-11-04	01_unzip_raw_data/04_unzip_F10_batch1/plate_directories/375338/375338_TTAGGTACCACATGAGTACT_S85_R1_001.fastq.gz	01_unzip_raw_data/04_unzip_F10_batch1/plate_directories/375338/375338_TTAGGTACCACATGAGTACT_S85_R2_001.fastq.gz	03_rename_fastq_files/F10_batch1/_ISC_226.2_F10batch1_33E11_run1_R1.fastq.gz	03_rename_fastq_files/F10_batch1/_ISC_226.2_F10batch1_33E11_run1_R2.fastq.gz
ISC_227.1	6209x6151_rep1	ISC_227.1_F10batch1	33F4	2024-11-04	01_unzip_raw_data/04_unzip_F10_batch1/plate_directories/376780/376780_AGGAGGTATCCCAGTTGGCA_S30_R1_001.fastq.gz	01_unzip_raw_data/04_unzip_F10_batch1/plate_directories/376780/376780_AGGAGGTATCCCAGTTGGCA_S30_R2_001.fastq.gz	03_rename_fastq_files/F10_batch1/_ISC_227.1_F10batch1_33F4_run1_R1.fastq.gz	03_rename_fastq_files/F10_batch1/_ISC_227.1_F10batch1_33F4_run1_R2.fastq.gz
ISC_228.2	6209x6151_rep2	ISC_228.2_F10batch1	33G2	2024-11-04	01_unzip_raw_data/04_unzip_F10_batch1/plate_directories/376780/376780_ATTAACAAGGTGTTGTTCGT_S15_R1_001.fastq.gz	01_unzip_raw_data/04_unzip_F10_batch1/plate_directories/376780/376780_ATTAACAAGGTGTTGTTCGT_S15_R2_001.fastq.gz	03_rename_fastq_files/F10_batch1/_ISC_228.2_F10batch1_33G2_run1_R1.fastq.gz	03_rename_fastq_files/F10_batch1/_ISC_228.2_F10batch1_33G2_run1_R2.fastq.gz
ISC_229.1	6210x6134_rep1	ISC_229.1_F10batch1	33B2	2024-11-04	01_unzip_raw_data/04_unzip_F10_batch1/plate_directories/369397/369397_TTCTGTAGAAGAGCGCAATA_S106_R1_001.fastq.gz	01_unzip_raw_data/04_unzip_F10_batch1/plate_directories/369397/369397_TTCTGTAGAAGAGCGCAATA_S106_R2_001.fastq.gz	03_rename_fastq_files/F10_batch1/_ISC_229.1_F10batch1_33B2_run1_R1.fastq.gz	03_rename_fastq_files/F10_batch1/_ISC_229.1_F10batch1_33B2_run1_R2.fastq.gz
ISC_230.2	6210x6134_rep2	ISC_230.2_F10batch1	33B9	2024-11-04	01_unzip_raw_data/04_unzip_F10_batch1/plate_directories/375339/375339_CAGCGGTAGAGCAACAGGTG_S162_R1_001.fastq.gz	01_unzip_raw_data/04_unzip_F10_batch1/plate_directories/375339/375339_CAGCGGTAGAGCAACAGGTG_S162_R2_001.fastq.gz	03_rename_fastq_files/F10_batch1/_ISC_230.2_F10batch1_33B9_run1_R1.fastq.gz	03_rename_fastq_files/F10_batch1/_ISC_230.2_F10batch1_33B9_run1_R2.fastq.gz
ISC_231.1	6216x6258_rep1	ISC_231.1_F10batch1	33H1	2024-11-04	01_unzip_raw_data/04_unzip_F10_batch1/plate_directories/369397/369397_GGTCTATTAACCACGACACG_S104_R1_001.fastq.gz	01_unzip_raw_data/04_unzip_F10_batch1/plate_directories/369397/369397_GGTCTATTAACCACGACACG_S104_R2_001.fastq.gz	03_rename_fastq_files/F10_batch1/_ISC_231.1_F10batch1_33H1_run1_R1.fastq.gz	03_rename_fastq_files/F10_batch1/_ISC_231.1_F10batch1_33H1_run1_R2.fastq.gz
ISC_233.1	6217x6126_rep1	ISC_233.1_F10batch1	33F12	2024-11-04	01_unzip_raw_data/04_unzip_F10_batch1/plate_directories/375338/375338_CAATCTATGAGATTAAGGTG_S94_R1_001.fastq.gz	01_unzip_raw_data/04_unzip_F10_batch1/plate_directories/375338/375338_CAATCTATGAGATTAAGGTG_S94_R2_001.fastq.gz	03_rename_fastq_files/F10_batch1/_ISC_233.1_F10batch1_33F12_run1_R1.fastq.gz	03_rename_fastq_files/F10_batch1/_ISC_233.1_F10batch1_33F12_run1_R2.fastq.gz
ISC_234.2	6217x6126_rep2	ISC_234.2_F10batch1	33F8	2024-11-04	01_unzip_raw_data/04_unzip_F10_batch1/plate_directories/376780/376780_CGATGCGGTTCCTGCTTGGT_S62_R1_001.fastq.gz	01_unzip_raw_data/04_unzip_F10_batch1/plate_directories/376780/376780_CGATGCGGTTCCTGCTTGGT_S62_R2_001.fastq.gz	03_rename_fastq_files/F10_batch1/_ISC_234.2_F10batch1_33F8_run1_R1.fastq.gz	03_rename_fastq_files/F10_batch1/_ISC_234.2_F10batch1_33F8_run1_R2.fastq.gz
ISC_235.1	6218x6043_rep1	ISC_235.1_F10batch1	33C4	2024-11-04	01_unzip_raw_data/04_unzip_F10_batch1/plate_directories/369397/369397_CGTACAGGAATAGGTTCTCT_S123_R1_001.fastq.gz	01_unzip_raw_data/04_unzip_F10_batch1/plate_directories/369397/369397_CGTACAGGAATAGGTTCTCT_S123_R2_001.fastq.gz	03_rename_fastq_files/F10_batch1/_ISC_235.1_F10batch1_33C4_run1_R1.fastq.gz	03_rename_fastq_files/F10_batch1/_ISC_235.1_F10batch1_33C4_run1_R2.fastq.gz
ISC_236.2	6218x6043_rep2	ISC_236.2_F10batch1	33D11	2024-11-04	01_unzip_raw_data/04_unzip_F10_batch1/plate_directories/376780/376780_CGCTGTCTCAATTACTCACC_S84_R1_001.fastq.gz	01_unzip_raw_data/04_unzip_F10_batch1/plate_directories/376780/376780_CGCTGTCTCAATTACTCACC_S84_R2_001.fastq.gz	03_rename_fastq_files/F10_batch1/_ISC_236.2_F10batch1_33D11_run1_R1.fastq.gz	03_rename_fastq_files/F10_batch1/_ISC_236.2_F10batch1_33D11_run1_R2.fastq.gz
ISC_237.1	6220x9339_rep1	ISC_237.1_F10batch1	33F9	2024-11-04	01_unzip_raw_data/04_unzip_F10_batch1/plate_directories/375338/375338_ACGTCAATACGGAATTCCAA_S70_R1_001.fastq.gz	01_unzip_raw_data/04_unzip_F10_batch1/plate_directories/375338/375338_ACGTCAATACGGAATTCCAA_S70_R2_001.fastq.gz	03_rename_fastq_files/F10_batch1/_ISC_237.1_F10batch1_33F9_run1_R1.fastq.gz	03_rename_fastq_files/F10_batch1/_ISC_237.1_F10batch1_33F9_run1_R2.fastq.gz
ISC_238.2	6220x9339_rep2	ISC_238.2_F10batch1	33G4	2024-11-04	01_unzip_raw_data/04_unzip_F10_batch1/plate_directories/376780/376780_GCTGACGTTGTGTTCGCATT_S31_R1_001.fastq.gz	01_unzip_raw_data/04_unzip_F10_batch1/plate_directories/376780/376780_GCTGACGTTGTGTTCGCATT_S31_R2_001.fastq.gz	03_rename_fastq_files/F10_batch1/_ISC_238.2_F10batch1_33G4_run1_R1.fastq.gz	03_rename_fastq_files/F10_batch1/_ISC_238.2_F10batch1_33G4_run1_R2.fastq.gz
ISC_239.1	6221x9455_rep1	ISC_239.1_F10batch1	33H4	2024-11-04	01_unzip_raw_data/04_unzip_F10_batch1/plate_directories/376780/376780_CTAATAACCGAACCGCATCG_S32_R1_001.fastq.gz	01_unzip_raw_data/04_unzip_F10_batch1/plate_directories/376780/376780_CTAATAACCGAACCGCATCG_S32_R2_001.fastq.gz	03_rename_fastq_files/F10_batch1/_ISC_239.1_F10batch1_33H4_run1_R1.fastq.gz	03_rename_fastq_files/F10_batch1/_ISC_239.1_F10batch1_33H4_run1_R2.fastq.gz
ISC_240.1	6231x6039_rep1	ISC_240.1_F10batch1	33H6	2024-11-04	01_unzip_raw_data/04_unzip_F10_batch1/plate_directories/375338/375338_AGTGCCACTGTAACAATAGG_S48_R1_001.fastq.gz	01_unzip_raw_data/04_unzip_F10_batch1/plate_directories/375338/375338_AGTGCCACTGTAACAATAGG_S48_R2_001.fastq.gz	03_rename_fastq_files/F10_batch1/_ISC_240.1_F10batch1_33H6_run1_R1.fastq.gz	03_rename_fastq_files/F10_batch1/_ISC_240.1_F10batch1_33H6_run1_R2.fastq.gz
ISC_241.2	6231x6039_rep2	ISC_241.2_F10batch1	33A10	2024-11-04	01_unzip_raw_data/04_unzip_F10_batch1/plate_directories/375338/375338_GTTCCGCAGGATCATAGGCT_S73_R1_001.fastq.gz	01_unzip_raw_data/04_unzip_F10_batch1/plate_directories/375338/375338_GTTCCGCAGGATCATAGGCT_S73_R2_001.fastq.gz	03_rename_fastq_files/F10_batch1/_ISC_241.2_F10batch1_33A10_run1_R1.fastq.gz	03_rename_fastq_files/F10_batch1/_ISC_241.2_F10batch1_33A10_run1_R2.fastq.gz
ISC_242.1	6237x6090_rep1	ISC_242.1_F10batch1	33B7	2024-11-04	01_unzip_raw_data/04_unzip_F10_batch1/plate_directories/369396/369396_ACATGGTGTCTCAACGTGTA_S50_R1_001.fastq.gz	01_unzip_raw_data/04_unzip_F10_batch1/plate_directories/369396/369396_ACATGGTGTCTCAACGTGTA_S50_R2_001.fastq.gz	03_rename_fastq_files/F10_batch1/_ISC_242.1_F10batch1_33B7_run1_R1.fastq.gz	03_rename_fastq_files/F10_batch1/_ISC_242.1_F10batch1_33B7_run1_R2.fastq.gz
ISC_243.2	6237x6090_rep2	ISC_243.2_F10batch1	33B3	2024-11-04	01_unzip_raw_data/04_unzip_F10_batch1/plate_directories/376780/376780_TAGAATTGGAGTTAATCTGA_S18_R1_001.fastq.gz	01_unzip_raw_data/04_unzip_F10_batch1/plate_directories/376780/376780_TAGAATTGGAGTTAATCTGA_S18_R2_001.fastq.gz	03_rename_fastq_files/F10_batch1/_ISC_243.2_F10batch1_33B3_run1_R1.fastq.gz	03_rename_fastq_files/F10_batch1/_ISC_243.2_F10batch1_33B3_run1_R2.fastq.gz
ISC_244.1	6238x6105_rep1	ISC_244.1_F10batch1	33H12	2024-11-04	01_unzip_raw_data/04_unzip_F10_batch1/plate_directories/375338/375338_TGGACGGAGGCACATCGGTG_S96_R1_001.fastq.gz	01_unzip_raw_data/04_unzip_F10_batch1/plate_directories/375338/375338_TGGACGGAGGCACATCGGTG_S96_R2_001.fastq.gz	03_rename_fastq_files/F10_batch1/_ISC_244.1_F10batch1_33H12_run1_R1.fastq.gz	03_rename_fastq_files/F10_batch1/_ISC_244.1_F10batch1_33H12_run1_R2.fastq.gz
ISC_245.2	6238x6105_rep2	ISC_245.2_F10batch1	33A2	2024-11-04	01_unzip_raw_data/04_unzip_F10_batch1/plate_directories/376780/376780_CAGCAATCGTTGTGATGTAT_S9_R1_001.fastq.gz	01_unzip_raw_data/04_unzip_F10_batch1/plate_directories/376780/376780_CAGCAATCGTTGTGATGTAT_S9_R2_001.fastq.gz	03_rename_fastq_files/F10_batch1/_ISC_245.2_F10batch1_33A2_run1_R1.fastq.gz	03_rename_fastq_files/F10_batch1/_ISC_245.2_F10batch1_33A2_run1_R2.fastq.gz
ISC_246.1	6240x5831_rep1	ISC_246.1_F10batch1	33A5	2024-11-04	01_unzip_raw_data/04_unzip_F10_batch1/plate_directories/376780/376780_TCTAGGCGCGCGAAGGTTAA_S33_R1_001.fastq.gz	01_unzip_raw_data/04_unzip_F10_batch1/plate_directories/376780/376780_TCTAGGCGCGCGAAGGTTAA_S33_R2_001.fastq.gz	03_rename_fastq_files/F10_batch1/_ISC_246.1_F10batch1_33A5_run1_R1.fastq.gz	03_rename_fastq_files/F10_batch1/_ISC_246.1_F10batch1_33A5_run1_R2.fastq.gz
ISC_247.2	6240x5831_rep2	ISC_247.2_F10batch1	33E1	2024-11-04	01_unzip_raw_data/04_unzip_F10_batch1/plate_directories/375338/375338_TAATCTCGTCACATTATCCT_S5_R1_001.fastq.gz	01_unzip_raw_data/04_unzip_F10_batch1/plate_directories/375338/375338_TAATCTCGTCACATTATCCT_S5_R2_001.fastq.gz	03_rename_fastq_files/F10_batch1/_ISC_247.2_F10batch1_33E1_run1_R1.fastq.gz	03_rename_fastq_files/F10_batch1/_ISC_247.2_F10batch1_33E1_run1_R2.fastq.gz
ISC_248.1	6241x1552_rep1	ISC_248.1_F10batch1	33F6	2024-11-04	01_unzip_raw_data/04_unzip_F10_batch1/plate_directories/375338/375338_TAATGGATCTATCTCTACCA_S46_R1_001.fastq.gz	01_unzip_raw_data/04_unzip_F10_batch1/plate_directories/375338/375338_TAATGGATCTATCTCTACCA_S46_R2_001.fastq.gz	03_rename_fastq_files/F10_batch1/_ISC_248.1_F10batch1_33F6_run1_R1.fastq.gz	03_rename_fastq_files/F10_batch1/_ISC_248.1_F10batch1_33F6_run1_R2.fastq.gz
ISC_249.2	6241x1552_rep2	ISC_249.2_F10batch1	33G11	2024-11-04	01_unzip_raw_data/04_unzip_F10_batch1/plate_directories/369396/369396_CATGTAGAGGGATACCTCCT_S87_R1_001.fastq.gz	01_unzip_raw_data/04_unzip_F10_batch1/plate_directories/369396/369396_CATGTAGAGGGATACCTCCT_S87_R2_001.fastq.gz	03_rename_fastq_files/F10_batch1/_ISC_249.2_F10batch1_33G11_run1_R1.fastq.gz	03_rename_fastq_files/F10_batch1/_ISC_249.2_F10batch1_33G11_run1_R2.fastq.gz
ISC_250.1	6243x6180_rep1	ISC_250.1_F10batch1	33C1	2024-11-04	01_unzip_raw_data/04_unzip_F10_batch1/plate_directories/375339/375339_TTCACGAGACAGATTGTTAC_S99_R1_001.fastq.gz	01_unzip_raw_data/04_unzip_F10_batch1/plate_directories/375339/375339_TTCACGAGACAGATTGTTAC_S99_R2_001.fastq.gz	03_rename_fastq_files/F10_batch1/_ISC_250.1_F10batch1_33C1_run1_R1.fastq.gz	03_rename_fastq_files/F10_batch1/_ISC_250.1_F10batch1_33C1_run1_R2.fastq.gz
ISC_251.2	6243x6180_rep2	ISC_251.2_F10batch1	33D3	2024-11-04	01_unzip_raw_data/04_unzip_F10_batch1/plate_directories/369397/369397_ATCGGCGAAGTCCAAGAATT_S116_R1_001.fastq.gz	01_unzip_raw_data/04_unzip_F10_batch1/plate_directories/369397/369397_ATCGGCGAAGTCCAAGAATT_S116_R2_001.fastq.gz	03_rename_fastq_files/F10_batch1/_ISC_251.2_F10batch1_33D3_run1_R1.fastq.gz	03_rename_fastq_files/F10_batch1/_ISC_251.2_F10batch1_33D3_run1_R2.fastq.gz
ISC_252.1	6244x6173_rep1	ISC_252.1_F10batch1	33A2	2024-11-04	01_unzip_raw_data/04_unzip_F10_batch1/plate_directories/369397/369397_CAGCAATCGTTGTGATGTAT_S105_R1_001.fastq.gz	01_unzip_raw_data/04_unzip_F10_batch1/plate_directories/369397/369397_CAGCAATCGTTGTGATGTAT_S105_R2_001.fastq.gz	03_rename_fastq_files/F10_batch1/_ISC_252.1_F10batch1_33A2_run1_R1.fastq.gz	03_rename_fastq_files/F10_batch1/_ISC_252.1_F10batch1_33A2_run1_R2.fastq.gz
ISC_253.2	6244x6173_rep2	ISC_253.2_F10batch1	33A6	2024-11-04	01_unzip_raw_data/04_unzip_F10_batch1/plate_directories/376780/376780_CCGGTTCCTATATATTCGAG_S41_R1_001.fastq.gz	01_unzip_raw_data/04_unzip_F10_batch1/plate_directories/376780/376780_CCGGTTCCTATATATTCGAG_S41_R2_001.fastq.gz	03_rename_fastq_files/F10_batch1/_ISC_253.2_F10batch1_33A6_run1_R1.fastq.gz	03_rename_fastq_files/F10_batch1/_ISC_253.2_F10batch1_33A6_run1_R2.fastq.gz
ISC_254.1	6252x6202_rep1	ISC_254.1_F10batch1	33E9	2024-11-04	01_unzip_raw_data/04_unzip_F10_batch1/plate_directories/375339/375339_AGCGAATTAGAGCCGGAACA_S165_R1_001.fastq.gz	01_unzip_raw_data/04_unzip_F10_batch1/plate_directories/375339/375339_AGCGAATTAGAGCCGGAACA_S165_R2_001.fastq.gz	03_rename_fastq_files/F10_batch1/_ISC_254.1_F10batch1_33E9_run1_R1.fastq.gz	03_rename_fastq_files/F10_batch1/_ISC_254.1_F10batch1_33E9_run1_R2.fastq.gz
ISC_255.2	6252x6202_rep2	ISC_255.2_F10batch1	33H7	2024-11-04	01_unzip_raw_data/04_unzip_F10_batch1/plate_directories/375338/375338_CTCGTGCGTTGCCTCGGATA_S56_R1_001.fastq.gz	01_unzip_raw_data/04_unzip_F10_batch1/plate_directories/375338/375338_CTCGTGCGTTGCCTCGGATA_S56_R2_001.fastq.gz	03_rename_fastq_files/F10_batch1/_ISC_255.2_F10batch1_33H7_run1_R1.fastq.gz	03_rename_fastq_files/F10_batch1/_ISC_255.2_F10batch1_33H7_run1_R2.fastq.gz
ISC_256.1	6255x6136_rep1	ISC_256.1_F10batch1	33G9	2024-11-04	01_unzip_raw_data/04_unzip_F10_batch1/plate_directories/376780/376780_AGCCTATGATCACCACCTAC_S71_R1_001.fastq.gz	01_unzip_raw_data/04_unzip_F10_batch1/plate_directories/376780/376780_AGCCTATGATCACCACCTAC_S71_R2_001.fastq.gz	03_rename_fastq_files/F10_batch1/_ISC_256.1_F10batch1_33G9_run1_R1.fastq.gz	03_rename_fastq_files/F10_batch1/_ISC_256.1_F10batch1_33G9_run1_R2.fastq.gz
ISC_257.2	6255x6136_rep2	ISC_257.2_F10batch1	33C12	2024-11-04	01_unzip_raw_data/04_unzip_F10_batch1/plate_directories/375339/375339_CCTGACCACTTCTTGGCTAT_S187_R1_001.fastq.gz	01_unzip_raw_data/04_unzip_F10_batch1/plate_directories/375339/375339_CCTGACCACTTCTTGGCTAT_S187_R2_001.fastq.gz	03_rename_fastq_files/F10_batch1/_ISC_257.2_F10batch1_33C12_run1_R1.fastq.gz	03_rename_fastq_files/F10_batch1/_ISC_257.2_F10batch1_33C12_run1_R2.fastq.gz
ISC_258.1	6258x1257_rep1	ISC_258.1_F10batch1	33E12	2024-11-04	01_unzip_raw_data/04_unzip_F10_batch1/plate_directories/376780/376780_CAACACCGCAGGCAGTAGCA_S93_R1_001.fastq.gz	01_unzip_raw_data/04_unzip_F10_batch1/plate_directories/376780/376780_CAACACCGCAGGCAGTAGCA_S93_R2_001.fastq.gz	03_rename_fastq_files/F10_batch1/_ISC_258.1_F10batch1_33E12_run1_R1.fastq.gz	03_rename_fastq_files/F10_batch1/_ISC_258.1_F10batch1_33E12_run1_R2.fastq.gz
ISC_259.2	6258x1257_rep2	ISC_259.2_F10batch1	33A9	2024-11-04	01_unzip_raw_data/04_unzip_F10_batch1/plate_directories/369396/369396_AGACACATTAGTAAGGCATA_S65_R1_001.fastq.gz	01_unzip_raw_data/04_unzip_F10_batch1/plate_directories/369396/369396_AGACACATTAGTAAGGCATA_S65_R2_001.fastq.gz	03_rename_fastq_files/F10_batch1/_ISC_259.2_F10batch1_33A9_run1_R1.fastq.gz	03_rename_fastq_files/F10_batch1/_ISC_259.2_F10batch1_33A9_run1_R2.fastq.gz
ISC_260.1	6276x9363_rep1	ISC_260.1_F10batch1	33D11	2024-11-04	01_unzip_raw_data/04_unzip_F10_batch1/plate_directories/375339/375339_CTTCCTAGGACCTAGAGTAT_S180_R1_001.fastq.gz	01_unzip_raw_data/04_unzip_F10_batch1/plate_directories/375339/375339_CTTCCTAGGACCTAGAGTAT_S180_R2_001.fastq.gz	03_rename_fastq_files/F10_batch1/_ISC_260.1_F10batch1_33D11_run1_R1.fastq.gz	03_rename_fastq_files/F10_batch1/_ISC_260.1_F10batch1_33D11_run1_R2.fastq.gz
ISC_261.2	6276x9363_rep2	ISC_261.2_F10batch1	33D4	2024-11-04	01_unzip_raw_data/04_unzip_F10_batch1/plate_directories/369397/369397_CTGCGTTACCTATGGCTCGA_S124_R1_001.fastq.gz	01_unzip_raw_data/04_unzip_F10_batch1/plate_directories/369397/369397_CTGCGTTACCTATGGCTCGA_S124_R2_001.fastq.gz	03_rename_fastq_files/F10_batch1/_ISC_261.2_F10batch1_33D4_run1_R1.fastq.gz	03_rename_fastq_files/F10_batch1/_ISC_261.2_F10batch1_33D4_run1_R2.fastq.gz
ISC_262.1	6284x5830_rep1	ISC_262.1_F10batch1	33D4	2024-11-04	01_unzip_raw_data/04_unzip_F10_batch1/plate_directories/375338/375338_ATGTCGTGGTTCGTATGCGG_S28_R1_001.fastq.gz	01_unzip_raw_data/04_unzip_F10_batch1/plate_directories/375338/375338_ATGTCGTGGTTCGTATGCGG_S28_R2_001.fastq.gz	03_rename_fastq_files/F10_batch1/_ISC_262.1_F10batch1_33D4_run1_R1.fastq.gz	03_rename_fastq_files/F10_batch1/_ISC_262.1_F10batch1_33D4_run1_R2.fastq.gz
ISC_263.2	6284x5830_rep2	ISC_263.2_F10batch1	33A12	2024-11-04	01_unzip_raw_data/04_unzip_F10_batch1/plate_directories/376780/376780_ACGGTCCAACTCTTACATCA_S89_R1_001.fastq.gz	01_unzip_raw_data/04_unzip_F10_batch1/plate_directories/376780/376780_ACGGTCCAACTCTTACATCA_S89_R2_001.fastq.gz	03_rename_fastq_files/F10_batch1/_ISC_263.2_F10batch1_33A12_run1_R1.fastq.gz	03_rename_fastq_files/F10_batch1/_ISC_263.2_F10batch1_33A12_run1_R2.fastq.gz
ISC_264.1	6413x8351_rep1	ISC_264.1_F10batch1	33G2	2024-11-04	01_unzip_raw_data/04_unzip_F10_batch1/plate_directories/375338/375338_CGGCAATGGAGAATGCACGA_S15_R1_001.fastq.gz	01_unzip_raw_data/04_unzip_F10_batch1/plate_directories/375338/375338_CGGCAATGGAGAATGCACGA_S15_R2_001.fastq.gz	03_rename_fastq_files/F10_batch1/_ISC_264.1_F10batch1_33G2_run1_R1.fastq.gz	03_rename_fastq_files/F10_batch1/_ISC_264.1_F10batch1_33G2_run1_R2.fastq.gz
ISC_265.2	6413x8351_rep2	ISC_265.2_F10batch1	33A11	2024-11-04	01_unzip_raw_data/04_unzip_F10_batch1/plate_directories/369396/369396_ACCAGCGACATCGTCTGACT_S81_R1_001.fastq.gz	01_unzip_raw_data/04_unzip_F10_batch1/plate_directories/369396/369396_ACCAGCGACATCGTCTGACT_S81_R2_001.fastq.gz	03_rename_fastq_files/F10_batch1/_ISC_265.2_F10batch1_33A11_run1_R1.fastq.gz	03_rename_fastq_files/F10_batch1/_ISC_265.2_F10batch1_33A11_run1_R2.fastq.gz
ISC_266.1	6913x6149_rep1	ISC_266.1_F10batch1	33H8	2024-11-04	01_unzip_raw_data/04_unzip_F10_batch1/plate_directories/376780/376780_GTGACGGAGCTGGCGGTCCA_S64_R1_001.fastq.gz	01_unzip_raw_data/04_unzip_F10_batch1/plate_directories/376780/376780_GTGACGGAGCTGGCGGTCCA_S64_R2_001.fastq.gz	03_rename_fastq_files/F10_batch1/_ISC_266.1_F10batch1_33H8_run1_R1.fastq.gz	03_rename_fastq_files/F10_batch1/_ISC_266.1_F10batch1_33H8_run1_R2.fastq.gz
ISC_267.2	6913x6149_rep2	ISC_267.2_F10batch1	33H5	2024-11-04	01_unzip_raw_data/04_unzip_F10_batch1/plate_directories/375338/375338_TGACTACATACGCACTAATG_S40_R1_001.fastq.gz	01_unzip_raw_data/04_unzip_F10_batch1/plate_directories/375338/375338_TGACTACATACGCACTAATG_S40_R2_001.fastq.gz	03_rename_fastq_files/F10_batch1/_ISC_267.2_F10batch1_33H5_run1_R1.fastq.gz	03_rename_fastq_files/F10_batch1/_ISC_267.2_F10batch1_33H5_run1_R2.fastq.gz
ISC_268.1	6917x6011_rep1	ISC_268.1_F10batch1	33H9	2024-11-04	01_unzip_raw_data/04_unzip_F10_batch1/plate_directories/376780/376780_TATGACAATCTTGCTTGTAT_S72_R1_001.fastq.gz	01_unzip_raw_data/04_unzip_F10_batch1/plate_directories/376780/376780_TATGACAATCTTGCTTGTAT_S72_R2_001.fastq.gz	03_rename_fastq_files/F10_batch1/_ISC_268.1_F10batch1_33H9_run1_R1.fastq.gz	03_rename_fastq_files/F10_batch1/_ISC_268.1_F10batch1_33H9_run1_R2.fastq.gz
ISC_269.2	6917x6011_rep2	ISC_269.2_F10batch1	33A8	2024-11-04	01_unzip_raw_data/04_unzip_F10_batch1/plate_directories/376780/376780_CCACGCTGAATATTCCTCAG_S57_R1_001.fastq.gz	01_unzip_raw_data/04_unzip_F10_batch1/plate_directories/376780/376780_CCACGCTGAATATTCCTCAG_S57_R2_001.fastq.gz	03_rename_fastq_files/F10_batch1/_ISC_269.2_F10batch1_33A8_run1_R1.fastq.gz	03_rename_fastq_files/F10_batch1/_ISC_269.2_F10batch1_33A8_run1_R2.fastq.gz
ISC_270.1	6918x9323_rep1	ISC_270.1_F10batch1	33H11	2024-11-04	01_unzip_raw_data/04_unzip_F10_batch1/plate_directories/375339/375339_AGATTAAGTGCACCTCTTGG_S184_R1_001.fastq.gz	01_unzip_raw_data/04_unzip_F10_batch1/plate_directories/375339/375339_AGATTAAGTGCACCTCTTGG_S184_R2_001.fastq.gz	03_rename_fastq_files/F10_batch1/_ISC_270.1_F10batch1_33H11_run1_R1.fastq.gz	03_rename_fastq_files/F10_batch1/_ISC_270.1_F10batch1_33H11_run1_R2.fastq.gz
ISC_271.2	6918x9323_rep2	ISC_271.2_F10batch1	33C1	2024-11-04	01_unzip_raw_data/04_unzip_F10_batch1/plate_directories/369396/369396_ATATGAGACGTATAGTAGCT_S3_R1_001.fastq.gz	01_unzip_raw_data/04_unzip_F10_batch1/plate_directories/369396/369396_ATATGAGACGTATAGTAGCT_S3_R2_001.fastq.gz	03_rename_fastq_files/F10_batch1/_ISC_271.2_F10batch1_33C1_run1_R1.fastq.gz	03_rename_fastq_files/F10_batch1/_ISC_271.2_F10batch1_33C1_run1_R2.fastq.gz
ISC_272.1	6965x9412_rep1	ISC_272.1_F10batch1	33H12	2024-11-04	01_unzip_raw_data/04_unzip_F10_batch1/plate_directories/375339/375339_GTACCGATTAAACTAACGTT_S192_R1_001.fastq.gz	01_unzip_raw_data/04_unzip_F10_batch1/plate_directories/375339/375339_GTACCGATTAAACTAACGTT_S192_R2_001.fastq.gz	03_rename_fastq_files/F10_batch1/_ISC_272.1_F10batch1_33H12_run1_R1.fastq.gz	03_rename_fastq_files/F10_batch1/_ISC_272.1_F10batch1_33H12_run1_R2.fastq.gz
ISC_273.2	6965x9412_rep2	ISC_273.2_F10batch1	33G8	2024-11-04	01_unzip_raw_data/04_unzip_F10_batch1/plate_directories/375339/375339_TCAGTCTCGTCACGGATTAT_S159_R1_001.fastq.gz	01_unzip_raw_data/04_unzip_F10_batch1/plate_directories/375339/375339_TCAGTCTCGTCACGGATTAT_S159_R2_001.fastq.gz	03_rename_fastq_files/F10_batch1/_ISC_273.2_F10batch1_33G8_run1_R1.fastq.gz	03_rename_fastq_files/F10_batch1/_ISC_273.2_F10batch1_33G8_run1_R2.fastq.gz
ISC_274.1	6974x6102_rep1	ISC_274.1_F10batch1	33G11	2024-11-04	01_unzip_raw_data/04_unzip_F10_batch1/plate_directories/375338/375338_CATGTAGAGGGATACCTCCT_S87_R1_001.fastq.gz	01_unzip_raw_data/04_unzip_F10_batch1/plate_directories/375338/375338_CATGTAGAGGGATACCTCCT_S87_R2_001.fastq.gz	03_rename_fastq_files/F10_batch1/_ISC_274.1_F10batch1_33G11_run1_R1.fastq.gz	03_rename_fastq_files/F10_batch1/_ISC_274.1_F10batch1_33G11_run1_R2.fastq.gz
ISC_275.2	6974x6102_rep2	ISC_275.2_F10batch1	33B4	2024-11-04	01_unzip_raw_data/04_unzip_F10_batch1/plate_directories/375339/375339_TTGCTCTATTGTGACCTTGA_S122_R1_001.fastq.gz	01_unzip_raw_data/04_unzip_F10_batch1/plate_directories/375339/375339_TTGCTCTATTGTGACCTTGA_S122_R2_001.fastq.gz	03_rename_fastq_files/F10_batch1/_ISC_275.2_F10batch1_33B4_run1_R1.fastq.gz	03_rename_fastq_files/F10_batch1/_ISC_275.2_F10batch1_33B4_run1_R2.fastq.gz
ISC_276.1	6974x6198_rep1	ISC_276.1_F10batch1	33A10	2024-11-04	01_unzip_raw_data/04_unzip_F10_batch1/plate_directories/369396/369396_GTTCCGCAGGATCATAGGCT_S73_R1_001.fastq.gz	01_unzip_raw_data/04_unzip_F10_batch1/plate_directories/369396/369396_GTTCCGCAGGATCATAGGCT_S73_R2_001.fastq.gz	03_rename_fastq_files/F10_batch1/_ISC_276.1_F10batch1_33A10_run1_R1.fastq.gz	03_rename_fastq_files/F10_batch1/_ISC_276.1_F10batch1_33A10_run1_R2.fastq.gz
ISC_277.2	6974x6198_rep2	ISC_277.2_F10batch1	33D7	2024-11-04	01_unzip_raw_data/04_unzip_F10_batch1/plate_directories/369396/369396_TCTTACATCAGTGCGTCCTT_S52_R1_001.fastq.gz	01_unzip_raw_data/04_unzip_F10_batch1/plate_directories/369396/369396_TCTTACATCAGTGCGTCCTT_S52_R2_001.fastq.gz	03_rename_fastq_files/F10_batch1/_ISC_277.2_F10batch1_33D7_run1_R1.fastq.gz	03_rename_fastq_files/F10_batch1/_ISC_277.2_F10batch1_33D7_run1_R2.fastq.gz
ISC_278.1	7517x6284_rep1	ISC_278.1_F10batch1	33F3	2024-11-04	01_unzip_raw_data/04_unzip_F10_batch1/plate_directories/375339/375339_TTATACGCGAGCCGTCTGTT_S118_R1_001.fastq.gz	01_unzip_raw_data/04_unzip_F10_batch1/plate_directories/375339/375339_TTATACGCGAGCCGTCTGTT_S118_R2_001.fastq.gz	03_rename_fastq_files/F10_batch1/_ISC_278.1_F10batch1_33F3_run1_R1.fastq.gz	03_rename_fastq_files/F10_batch1/_ISC_278.1_F10batch1_33F3_run1_R2.fastq.gz
ISC_279.2	7517x6284_rep2	ISC_279.2_F10batch1	33A6	2024-11-04	01_unzip_raw_data/04_unzip_F10_batch1/plate_directories/369396/369396_ATTGCCGAGTGACAACTGAA_S41_R1_001.fastq.gz	01_unzip_raw_data/04_unzip_F10_batch1/plate_directories/369396/369396_ATTGCCGAGTGACAACTGAA_S41_R2_001.fastq.gz	03_rename_fastq_files/F10_batch1/_ISC_279.2_F10batch1_33A6_run1_R1.fastq.gz	03_rename_fastq_files/F10_batch1/_ISC_279.2_F10batch1_33A6_run1_R2.fastq.gz
ISC_280.1	7519x6111_rep1	ISC_280.1_F10batch1	33F8	2024-11-04	01_unzip_raw_data/04_unzip_F10_batch1/plate_directories/375339/375339_AAGCATCTTGCATTCAACAA_S158_R1_001.fastq.gz	01_unzip_raw_data/04_unzip_F10_batch1/plate_directories/375339/375339_AAGCATCTTGCATTCAACAA_S158_R2_001.fastq.gz	03_rename_fastq_files/F10_batch1/_ISC_280.1_F10batch1_33F8_run1_R1.fastq.gz	03_rename_fastq_files/F10_batch1/_ISC_280.1_F10batch1_33F8_run1_R2.fastq.gz
ISC_281.2	7519x6111_rep2	ISC_281.2_F10batch1	33A6	2024-11-04	01_unzip_raw_data/04_unzip_F10_batch1/plate_directories/375339/375339_TACAAGACTTCAGGTGTTCA_S137_R1_001.fastq.gz	01_unzip_raw_data/04_unzip_F10_batch1/plate_directories/375339/375339_TACAAGACTTCAGGTGTTCA_S137_R2_001.fastq.gz	03_rename_fastq_files/F10_batch1/_ISC_281.2_F10batch1_33A6_run1_R1.fastq.gz	03_rename_fastq_files/F10_batch1/_ISC_281.2_F10batch1_33A6_run1_R2.fastq.gz
ISC_282.1	8222x6243_rep1	ISC_282.1_F10batch1	33E8	2024-11-04	01_unzip_raw_data/04_unzip_F10_batch1/plate_directories/375338/375338_TGATTAGCCAAGGCATGTAG_S61_R1_001.fastq.gz	01_unzip_raw_data/04_unzip_F10_batch1/plate_directories/375338/375338_TGATTAGCCAAGGCATGTAG_S61_R2_001.fastq.gz	03_rename_fastq_files/F10_batch1/_ISC_282.1_F10batch1_33E8_run1_R1.fastq.gz	03_rename_fastq_files/F10_batch1/_ISC_282.1_F10batch1_33E8_run1_R2.fastq.gz
ISC_283.2	8222x6243_rep2	ISC_283.2_F10batch1	33D9	2024-11-04	01_unzip_raw_data/04_unzip_F10_batch1/plate_directories/369396/369396_TTGTTCCGTGAACCTAGCAC_S68_R1_001.fastq.gz	01_unzip_raw_data/04_unzip_F10_batch1/plate_directories/369396/369396_TTGTTCCGTGAACCTAGCAC_S68_R2_001.fastq.gz	03_rename_fastq_files/F10_batch1/_ISC_283.2_F10batch1_33D9_run1_R1.fastq.gz	03_rename_fastq_files/F10_batch1/_ISC_283.2_F10batch1_33D9_run1_R2.fastq.gz
ISC_284.1	8227x6216_rep1	ISC_284.1_F10batch1	33H5	2024-11-04	01_unzip_raw_data/04_unzip_F10_batch1/plate_directories/375339/375339_CAGTAATTACCGAGGCGGTA_S136_R1_001.fastq.gz	01_unzip_raw_data/04_unzip_F10_batch1/plate_directories/375339/375339_CAGTAATTACCGAGGCGGTA_S136_R2_001.fastq.gz	03_rename_fastq_files/F10_batch1/_ISC_284.1_F10batch1_33H5_run1_R1.fastq.gz	03_rename_fastq_files/F10_batch1/_ISC_284.1_F10batch1_33H5_run1_R2.fastq.gz
ISC_285.2	8227x6216_rep2	ISC_285.2_F10batch1	33B5	2024-11-04	01_unzip_raw_data/04_unzip_F10_batch1/plate_directories/376780/376780_ATAGCCAAGAAGTGCCACTG_S34_R1_001.fastq.gz	01_unzip_raw_data/04_unzip_F10_batch1/plate_directories/376780/376780_ATAGCCAAGAAGTGCCACTG_S34_R2_001.fastq.gz	03_rename_fastq_files/F10_batch1/_ISC_285.2_F10batch1_33B5_run1_R1.fastq.gz	03_rename_fastq_files/F10_batch1/_ISC_285.2_F10batch1_33B5_run1_R2.fastq.gz
ISC_286.1	8230x6195_rep1	ISC_286.1_F10batch1	33A12	2024-11-04	01_unzip_raw_data/04_unzip_F10_batch1/plate_directories/369396/369396_GCTTACGGACCGTGTATCTT_S89_R1_001.fastq.gz	01_unzip_raw_data/04_unzip_F10_batch1/plate_directories/369396/369396_GCTTACGGACCGTGTATCTT_S89_R2_001.fastq.gz	03_rename_fastq_files/F10_batch1/_ISC_286.1_F10batch1_33A12_run1_R1.fastq.gz	03_rename_fastq_files/F10_batch1/_ISC_286.1_F10batch1_33A12_run1_R2.fastq.gz
ISC_287.2	8230x6195_rep2	ISC_287.2_F10batch1	33A3	2024-11-04	01_unzip_raw_data/04_unzip_F10_batch1/plate_directories/369396/369396_AACCATTCTCTCGGCAGCAA_S17_R1_001.fastq.gz	01_unzip_raw_data/04_unzip_F10_batch1/plate_directories/369396/369396_AACCATTCTCTCGGCAGCAA_S17_R2_001.fastq.gz	03_rename_fastq_files/F10_batch1/_ISC_287.2_F10batch1_33A3_run1_R1.fastq.gz	03_rename_fastq_files/F10_batch1/_ISC_287.2_F10batch1_33A3_run1_R2.fastq.gz
ISC_288.1	8231x8386_rep1	ISC_288.1_F10batch1	33C1	2024-11-04	01_unzip_raw_data/04_unzip_F10_batch1/plate_directories/375338/375338_ATATGAGACGTATAGTAGCT_S3_R1_001.fastq.gz	01_unzip_raw_data/04_unzip_F10_batch1/plate_directories/375338/375338_ATATGAGACGTATAGTAGCT_S3_R2_001.fastq.gz	03_rename_fastq_files/F10_batch1/_ISC_288.1_F10batch1_33C1_run1_R1.fastq.gz	03_rename_fastq_files/F10_batch1/_ISC_288.1_F10batch1_33C1_run1_R2.fastq.gz
ISC_289.2	8231x8386_rep2	ISC_289.2_F10batch1	33G9	2024-11-04	01_unzip_raw_data/04_unzip_F10_batch1/plate_directories/369396/369396_GGTGTACAAGAAGCGCGCTT_S71_R1_001.fastq.gz	01_unzip_raw_data/04_unzip_F10_batch1/plate_directories/369396/369396_GGTGTACAAGAAGCGCGCTT_S71_R2_001.fastq.gz	03_rename_fastq_files/F10_batch1/_ISC_289.2_F10batch1_33G9_run1_R1.fastq.gz	03_rename_fastq_files/F10_batch1/_ISC_289.2_F10batch1_33G9_run1_R2.fastq.gz
ISC_290.1	8237x6194_rep1	ISC_290.1_F10batch1	33E8	2024-11-04	01_unzip_raw_data/04_unzip_F10_batch1/plate_directories/369396/369396_TGATTAGCCAAGGCATGTAG_S61_R1_001.fastq.gz	01_unzip_raw_data/04_unzip_F10_batch1/plate_directories/369396/369396_TGATTAGCCAAGGCATGTAG_S61_R2_001.fastq.gz	03_rename_fastq_files/F10_batch1/_ISC_290.1_F10batch1_33E8_run1_R1.fastq.gz	03_rename_fastq_files/F10_batch1/_ISC_290.1_F10batch1_33E8_run1_R2.fastq.gz
ISC_291.2	8237x6194_rep2	ISC_291.2_F10batch1	33G6	2024-11-04	01_unzip_raw_data/04_unzip_F10_batch1/plate_directories/376780/376780_GTTGGATGAATTCCAGGTAA_S47_R1_001.fastq.gz	01_unzip_raw_data/04_unzip_F10_batch1/plate_directories/376780/376780_GTTGGATGAATTCCAGGTAA_S47_R2_001.fastq.gz	03_rename_fastq_files/F10_batch1/_ISC_291.2_F10batch1_33G6_run1_R1.fastq.gz	03_rename_fastq_files/F10_batch1/_ISC_291.2_F10batch1_33G6_run1_R2.fastq.gz
ISC_292.1	8240x6036_rep1	ISC_292.1_F10batch1	33E6	2024-11-04	01_unzip_raw_data/04_unzip_F10_batch1/plate_directories/376780/376780_CTTATTGGCCGATAACAAGT_S45_R1_001.fastq.gz	01_unzip_raw_data/04_unzip_F10_batch1/plate_directories/376780/376780_CTTATTGGCCGATAACAAGT_S45_R2_001.fastq.gz	03_rename_fastq_files/F10_batch1/_ISC_292.1_F10batch1_33E6_run1_R1.fastq.gz	03_rename_fastq_files/F10_batch1/_ISC_292.1_F10batch1_33E6_run1_R2.fastq.gz
ISC_293.2	8240x6036_rep2	ISC_293.2_F10batch1	33D7	2024-11-04	01_unzip_raw_data/04_unzip_F10_batch1/plate_directories/375339/375339_ATCCTCTCAATCCGCAAGGC_S148_R1_001.fastq.gz	01_unzip_raw_data/04_unzip_F10_batch1/plate_directories/375339/375339_ATCCTCTCAATCCGCAAGGC_S148_R2_001.fastq.gz	03_rename_fastq_files/F10_batch1/_ISC_293.2_F10batch1_33D7_run1_R1.fastq.gz	03_rename_fastq_files/F10_batch1/_ISC_293.2_F10batch1_33D7_run1_R2.fastq.gz
ISC_294.1	8241x1137_rep1	ISC_294.1_F10batch1	33A3	2024-11-04	01_unzip_raw_data/04_unzip_F10_batch1/plate_directories/375338/375338_AACCATTCTCTCGGCAGCAA_S17_R1_001.fastq.gz	01_unzip_raw_data/04_unzip_F10_batch1/plate_directories/375338/375338_AACCATTCTCTCGGCAGCAA_S17_R2_001.fastq.gz	03_rename_fastq_files/F10_batch1/_ISC_294.1_F10batch1_33A3_run1_R1.fastq.gz	03_rename_fastq_files/F10_batch1/_ISC_294.1_F10batch1_33A3_run1_R2.fastq.gz
ISC_295.2	8241x1137_rep2	ISC_295.2_F10batch1	33F1	2024-11-04	01_unzip_raw_data/04_unzip_F10_batch1/plate_directories/375339/375339_TAATTCTGCTTCTCATCAAT_S102_R1_001.fastq.gz	01_unzip_raw_data/04_unzip_F10_batch1/plate_directories/375339/375339_TAATTCTGCTTCTCATCAAT_S102_R2_001.fastq.gz	03_rename_fastq_files/F10_batch1/_ISC_295.2_F10batch1_33F1_run1_R1.fastq.gz	03_rename_fastq_files/F10_batch1/_ISC_295.2_F10batch1_33F1_run1_R2.fastq.gz
ISC_296.1	8242x6171_rep1	ISC_296.1_F10batch1	33G10	2024-11-04	01_unzip_raw_data/04_unzip_F10_batch1/plate_directories/376780/376780_GGACCAGTGGCGCGAGCCTA_S79_R1_001.fastq.gz	01_unzip_raw_data/04_unzip_F10_batch1/plate_directories/376780/376780_GGACCAGTGGCGCGAGCCTA_S79_R2_001.fastq.gz	03_rename_fastq_files/F10_batch1/_ISC_296.1_F10batch1_33G10_run1_R1.fastq.gz	03_rename_fastq_files/F10_batch1/_ISC_296.1_F10batch1_33G10_run1_R2.fastq.gz
ISC_297.2	8242x6171_rep2	ISC_297.2_F10batch1	33E11	2024-11-04	01_unzip_raw_data/04_unzip_F10_batch1/plate_directories/369396/369396_TTAGGTACCACATGAGTACT_S85_R1_001.fastq.gz	01_unzip_raw_data/04_unzip_F10_batch1/plate_directories/369396/369396_TTAGGTACCACATGAGTACT_S85_R2_001.fastq.gz	03_rename_fastq_files/F10_batch1/_ISC_297.2_F10batch1_33E11_run1_R1.fastq.gz	03_rename_fastq_files/F10_batch1/_ISC_297.2_F10batch1_33E11_run1_R2.fastq.gz
ISC_298.1	8247x6154_rep1	ISC_298.1_F10batch1	33C5	2024-11-04	01_unzip_raw_data/04_unzip_F10_batch1/plate_directories/369396/369396_GCGAGTTACCAAGTTGGTGA_S35_R1_001.fastq.gz	01_unzip_raw_data/04_unzip_F10_batch1/plate_directories/369396/369396_GCGAGTTACCAAGTTGGTGA_S35_R2_001.fastq.gz	03_rename_fastq_files/F10_batch1/_ISC_298.1_F10batch1_33C5_run1_R1.fastq.gz	03_rename_fastq_files/F10_batch1/_ISC_298.1_F10batch1_33C5_run1_R2.fastq.gz
ISC_299.2	8247x6154_rep2	ISC_299.2_F10batch1	33E11	2024-11-04	01_unzip_raw_data/04_unzip_F10_batch1/plate_directories/376780/376780_AATGCGAACAAATTGGCGGA_S85_R1_001.fastq.gz	01_unzip_raw_data/04_unzip_F10_batch1/plate_directories/376780/376780_AATGCGAACAAATTGGCGGA_S85_R2_001.fastq.gz	03_rename_fastq_files/F10_batch1/_ISC_299.2_F10batch1_33E11_run1_R1.fastq.gz	03_rename_fastq_files/F10_batch1/_ISC_299.2_F10batch1_33E11_run1_R2.fastq.gz
ISC_300.1	8256x8376_rep1	ISC_300.1_F10batch1	33F8	2024-11-04	01_unzip_raw_data/04_unzip_F10_batch1/plate_directories/375338/375338_TAACAGTGTTGCAAGTCTCA_S62_R1_001.fastq.gz	01_unzip_raw_data/04_unzip_F10_batch1/plate_directories/375338/375338_TAACAGTGTTGCAAGTCTCA_S62_R2_001.fastq.gz	03_rename_fastq_files/F10_batch1/_ISC_300.1_F10batch1_33F8_run1_R1.fastq.gz	03_rename_fastq_files/F10_batch1/_ISC_300.1_F10batch1_33F8_run1_R2.fastq.gz
ISC_301.2	8256x8376_rep2	ISC_301.2_F10batch1	33B8	2024-11-04	01_unzip_raw_data/04_unzip_F10_batch1/plate_directories/375339/375339_CAACGTTCGGGGATCCGCAT_S154_R1_001.fastq.gz	01_unzip_raw_data/04_unzip_F10_batch1/plate_directories/375339/375339_CAACGTTCGGGGATCCGCAT_S154_R2_001.fastq.gz	03_rename_fastq_files/F10_batch1/_ISC_301.2_F10batch1_33B8_run1_R1.fastq.gz	03_rename_fastq_files/F10_batch1/_ISC_301.2_F10batch1_33B8_run1_R2.fastq.gz
ISC_302.1	8258x6115_rep1	ISC_302.1_F10batch1	33D3	2024-11-04	01_unzip_raw_data/04_unzip_F10_batch1/plate_directories/369396/369396_TCGGCCTATCCGCACATGGC_S20_R1_001.fastq.gz	01_unzip_raw_data/04_unzip_F10_batch1/plate_directories/369396/369396_TCGGCCTATCCGCACATGGC_S20_R2_001.fastq.gz	03_rename_fastq_files/F10_batch1/_ISC_302.1_F10batch1_33D3_run1_R1.fastq.gz	03_rename_fastq_files/F10_batch1/_ISC_302.1_F10batch1_33D3_run1_R2.fastq.gz
ISC_303.2	8258x6115_rep2	ISC_303.2_F10batch1	33E4	2024-11-04	01_unzip_raw_data/04_unzip_F10_batch1/plate_directories/375338/375338_AGAGTGCGGCTCCGACCTCG_S29_R1_001.fastq.gz	01_unzip_raw_data/04_unzip_F10_batch1/plate_directories/375338/375338_AGAGTGCGGCTCCGACCTCG_S29_R2_001.fastq.gz	03_rename_fastq_files/F10_batch1/_ISC_303.2_F10batch1_33E4_run1_R1.fastq.gz	03_rename_fastq_files/F10_batch1/_ISC_303.2_F10batch1_33E4_run1_R2.fastq.gz
ISC_304.1	8259x6217_rep1	ISC_304.1_F10batch1	33C12	2024-11-04	01_unzip_raw_data/04_unzip_F10_batch1/plate_directories/376780/376780_AGCGCCACACCTAATGTCTT_S91_R1_001.fastq.gz	01_unzip_raw_data/04_unzip_F10_batch1/plate_directories/376780/376780_AGCGCCACACCTAATGTCTT_S91_R2_001.fastq.gz	03_rename_fastq_files/F10_batch1/_ISC_304.1_F10batch1_33C12_run1_R1.fastq.gz	03_rename_fastq_files/F10_batch1/_ISC_304.1_F10batch1_33C12_run1_R2.fastq.gz
ISC_305.2	8259x6217_rep2	ISC_305.2_F10batch1	33H8	2024-11-04	01_unzip_raw_data/04_unzip_F10_batch1/plate_directories/369396/369396_GTTCGCGCCAAACTGATACT_S64_R1_001.fastq.gz	01_unzip_raw_data/04_unzip_F10_batch1/plate_directories/369396/369396_GTTCGCGCCAAACTGATACT_S64_R2_001.fastq.gz	03_rename_fastq_files/F10_batch1/_ISC_305.2_F10batch1_33H8_run1_R1.fastq.gz	03_rename_fastq_files/F10_batch1/_ISC_305.2_F10batch1_33H8_run1_R2.fastq.gz
ISC_306.1	8283x9471_rep1	ISC_306.1_F10batch1	33C2	2024-11-04	01_unzip_raw_data/04_unzip_F10_batch1/plate_directories/375339/375339_AGTATGCTACTTAATAGACC_S107_R1_001.fastq.gz	01_unzip_raw_data/04_unzip_F10_batch1/plate_directories/375339/375339_AGTATGCTACTTAATAGACC_S107_R2_001.fastq.gz	03_rename_fastq_files/F10_batch1/_ISC_306.1_F10batch1_33C2_run1_R1.fastq.gz	03_rename_fastq_files/F10_batch1/_ISC_306.1_F10batch1_33C2_run1_R2.fastq.gz
ISC_307.2	8283x9471_rep2	ISC_307.2_F10batch1	33C6	2024-11-04	01_unzip_raw_data/04_unzip_F10_batch1/plate_directories/376780/376780_GAATACCTATACAATAGAGT_S43_R1_001.fastq.gz	01_unzip_raw_data/04_unzip_F10_batch1/plate_directories/376780/376780_GAATACCTATACAATAGAGT_S43_R2_001.fastq.gz	03_rename_fastq_files/F10_batch1/_ISC_307.2_F10batch1_33C6_run1_R1.fastq.gz	03_rename_fastq_files/F10_batch1/_ISC_307.2_F10batch1_33C6_run1_R2.fastq.gz
ISC_308.1	8307x9481_rep1	ISC_308.1_F10batch1	33G7	2024-11-04	01_unzip_raw_data/04_unzip_F10_batch1/plate_directories/375339/375339_ATGGCGTGCCCGCTTGAAGT_S151_R1_001.fastq.gz	01_unzip_raw_data/04_unzip_F10_batch1/plate_directories/375339/375339_ATGGCGTGCCCGCTTGAAGT_S151_R2_001.fastq.gz	03_rename_fastq_files/F10_batch1/_ISC_308.1_F10batch1_33G7_run1_R1.fastq.gz	03_rename_fastq_files/F10_batch1/_ISC_308.1_F10batch1_33G7_run1_R2.fastq.gz
ISC_309.2	8307x9481_rep2	ISC_309.2_F10batch1	33G12	2024-11-04	01_unzip_raw_data/04_unzip_F10_batch1/plate_directories/369396/369396_GGTGGAATACATGTAGACAA_S95_R1_001.fastq.gz	01_unzip_raw_data/04_unzip_F10_batch1/plate_directories/369396/369396_GGTGGAATACATGTAGACAA_S95_R2_001.fastq.gz	03_rename_fastq_files/F10_batch1/_ISC_309.2_F10batch1_33G12_run1_R1.fastq.gz	03_rename_fastq_files/F10_batch1/_ISC_309.2_F10batch1_33G12_run1_R2.fastq.gz
ISC_310.1	8334x8231_rep1	ISC_310.1_F10batch1	33B12	2024-11-04	01_unzip_raw_data/04_unzip_F10_batch1/plate_directories/375338/375338_CGCTTGAAGTGAACCATGAA_S90_R1_001.fastq.gz	01_unzip_raw_data/04_unzip_F10_batch1/plate_directories/375338/375338_CGCTTGAAGTGAACCATGAA_S90_R2_001.fastq.gz	03_rename_fastq_files/F10_batch1/_ISC_310.1_F10batch1_33B12_run1_R1.fastq.gz	03_rename_fastq_files/F10_batch1/_ISC_310.1_F10batch1_33B12_run1_R2.fastq.gz
ISC_311.2	8334x8231_rep2	ISC_311.2_F10batch1	33D1	2024-11-04	01_unzip_raw_data/04_unzip_F10_batch1/plate_directories/369396/369396_CTTATGGAATTGCCTGGTGG_S4_R1_001.fastq.gz	01_unzip_raw_data/04_unzip_F10_batch1/plate_directories/369396/369396_CTTATGGAATTGCCTGGTGG_S4_R2_001.fastq.gz	03_rename_fastq_files/F10_batch1/_ISC_311.2_F10batch1_33D1_run1_R1.fastq.gz	03_rename_fastq_files/F10_batch1/_ISC_311.2_F10batch1_33D1_run1_R2.fastq.gz
ISC_312.1	8351x6150_rep1	ISC_312.1_F10batch1	33C8	2024-11-04	01_unzip_raw_data/04_unzip_F10_batch1/plate_directories/369396/369396_GGACCAACAGATAGACCGTT_S59_R1_001.fastq.gz	01_unzip_raw_data/04_unzip_F10_batch1/plate_directories/369396/369396_GGACCAACAGATAGACCGTT_S59_R2_001.fastq.gz	03_rename_fastq_files/F10_batch1/_ISC_312.1_F10batch1_33C8_run1_R1.fastq.gz	03_rename_fastq_files/F10_batch1/_ISC_312.1_F10batch1_33C8_run1_R2.fastq.gz
ISC_313.2	8351x6150_rep2	ISC_313.2_F10batch1	33C11	2024-11-04	01_unzip_raw_data/04_unzip_F10_batch1/plate_directories/375338/375338_GTAAGGCATAAGACACATTA_S83_R1_001.fastq.gz	01_unzip_raw_data/04_unzip_F10_batch1/plate_directories/375338/375338_GTAAGGCATAAGACACATTA_S83_R2_001.fastq.gz	03_rename_fastq_files/F10_batch1/_ISC_313.2_F10batch1_33C11_run1_R1.fastq.gz	03_rename_fastq_files/F10_batch1/_ISC_313.2_F10batch1_33C11_run1_R2.fastq.gz
ISC_314.1	8369x6132_rep1	ISC_314.1_F10batch1	33E3	2024-11-04	01_unzip_raw_data/04_unzip_F10_batch1/plate_directories/375339/375339_TTAGGATATCTATACCATGG_S117_R1_001.fastq.gz	01_unzip_raw_data/04_unzip_F10_batch1/plate_directories/375339/375339_TTAGGATATCTATACCATGG_S117_R2_001.fastq.gz	03_rename_fastq_files/F10_batch1/_ISC_314.1_F10batch1_33E3_run1_R1.fastq.gz	03_rename_fastq_files/F10_batch1/_ISC_314.1_F10batch1_33E3_run1_R2.fastq.gz
ISC_315.2	8369x6132_rep2	ISC_315.2_F10batch1	33G10	2024-11-04	01_unzip_raw_data/04_unzip_F10_batch1/plate_directories/375339/375339_ATTATGTCTCAGTTAAGAGC_S175_R1_001.fastq.gz	01_unzip_raw_data/04_unzip_F10_batch1/plate_directories/375339/375339_ATTATGTCTCAGTTAAGAGC_S175_R2_001.fastq.gz	03_rename_fastq_files/F10_batch1/_ISC_315.2_F10batch1_33G10_run1_R1.fastq.gz	03_rename_fastq_files/F10_batch1/_ISC_315.2_F10batch1_33G10_run1_R2.fastq.gz
ISC_317.2	8376x6201_rep2	ISC_317.2_F10batch1	33D1	2024-11-04	01_unzip_raw_data/04_unzip_F10_batch1/plate_directories/375339/375339_GCGTGGATGGTTGACCAATG_S100_R1_001.fastq.gz	01_unzip_raw_data/04_unzip_F10_batch1/plate_directories/375339/375339_GCGTGGATGGTTGACCAATG_S100_R2_001.fastq.gz	03_rename_fastq_files/F10_batch1/_ISC_317.2_F10batch1_33D1_run1_R1.fastq.gz	03_rename_fastq_files/F10_batch1/_ISC_317.2_F10batch1_33D1_run1_R2.fastq.gz
ISC_318.1	8386x6241_rep1	ISC_318.1_F10batch1	33G5	2024-11-04	01_unzip_raw_data/04_unzip_F10_batch1/plate_directories/376780/376780_TGGCCTCTGTTGAGACAGCG_S39_R1_001.fastq.gz	01_unzip_raw_data/04_unzip_F10_batch1/plate_directories/376780/376780_TGGCCTCTGTTGAGACAGCG_S39_R2_001.fastq.gz	03_rename_fastq_files/F10_batch1/_ISC_318.1_F10batch1_33G5_run1_R1.fastq.gz	03_rename_fastq_files/F10_batch1/_ISC_318.1_F10batch1_33G5_run1_R2.fastq.gz
ISC_319.2	8386x6241_rep2	ISC_319.2_F10batch1	33F8	2024-11-04	01_unzip_raw_data/04_unzip_F10_batch1/plate_directories/369396/369396_TAACAGTGTTGCAAGTCTCA_S62_R1_001.fastq.gz	01_unzip_raw_data/04_unzip_F10_batch1/plate_directories/369396/369396_TAACAGTGTTGCAAGTCTCA_S62_R2_001.fastq.gz	03_rename_fastq_files/F10_batch1/_ISC_319.2_F10batch1_33F8_run1_R1.fastq.gz	03_rename_fastq_files/F10_batch1/_ISC_319.2_F10batch1_33F8_run1_R2.fastq.gz
ISC_320.1	8387x6238_rep1	ISC_320.1_F10batch1	33A3	2024-11-04	01_unzip_raw_data/04_unzip_F10_batch1/plate_directories/376780/376780_GAATTACAAGACCGGCTCAG_S17_R1_001.fastq.gz	01_unzip_raw_data/04_unzip_F10_batch1/plate_directories/376780/376780_GAATTACAAGACCGGCTCAG_S17_R2_001.fastq.gz	03_rename_fastq_files/F10_batch1/_ISC_320.1_F10batch1_33A3_run1_R1.fastq.gz	03_rename_fastq_files/F10_batch1/_ISC_320.1_F10batch1_33A3_run1_R2.fastq.gz
ISC_321.2	8387x6238_rep2	ISC_321.2_F10batch1	33F10	2024-11-04	01_unzip_raw_data/04_unzip_F10_batch1/plate_directories/376780/376780_ATTGTTCGTCTCTCTAGATT_S78_R1_001.fastq.gz	01_unzip_raw_data/04_unzip_F10_batch1/plate_directories/376780/376780_ATTGTTCGTCTCTCTAGATT_S78_R2_001.fastq.gz	03_rename_fastq_files/F10_batch1/_ISC_321.2_F10batch1_33F10_run1_R1.fastq.gz	03_rename_fastq_files/F10_batch1/_ISC_321.2_F10batch1_33F10_run1_R2.fastq.gz
ISC_322.1	8422x6209_rep1	ISC_322.1_F10batch1	33G11	2024-11-04	01_unzip_raw_data/04_unzip_F10_batch1/plate_directories/375339/375339_AACAAGTACAGGATATATCC_S183_R1_001.fastq.gz	01_unzip_raw_data/04_unzip_F10_batch1/plate_directories/375339/375339_AACAAGTACAGGATATATCC_S183_R2_001.fastq.gz	03_rename_fastq_files/F10_batch1/_ISC_322.1_F10batch1_33G11_run1_R1.fastq.gz	03_rename_fastq_files/F10_batch1/_ISC_322.1_F10batch1_33G11_run1_R2.fastq.gz
ISC_323.2	8422x6209_rep2	ISC_323.2_F10batch1	33H10	2024-11-04	01_unzip_raw_data/04_unzip_F10_batch1/plate_directories/375338/375338_CTGGCTTGCCCAAGCATCCG_S80_R1_001.fastq.gz	01_unzip_raw_data/04_unzip_F10_batch1/plate_directories/375338/375338_CTGGCTTGCCCAAGCATCCG_S80_R2_001.fastq.gz	03_rename_fastq_files/F10_batch1/_ISC_323.2_F10batch1_33H10_run1_R1.fastq.gz	03_rename_fastq_files/F10_batch1/_ISC_323.2_F10batch1_33H10_run1_R2.fastq.gz
ISC_324.1	8423x8240_rep1	ISC_324.1_F10batch1	33G4	2024-11-04	01_unzip_raw_data/04_unzip_F10_batch1/plate_directories/375338/375338_TGCGTGTCACGCTTACGGAC_S31_R1_001.fastq.gz	01_unzip_raw_data/04_unzip_F10_batch1/plate_directories/375338/375338_TGCGTGTCACGCTTACGGAC_S31_R2_001.fastq.gz	03_rename_fastq_files/F10_batch1/_ISC_324.1_F10batch1_33G4_run1_R1.fastq.gz	03_rename_fastq_files/F10_batch1/_ISC_324.1_F10batch1_33G4_run1_R2.fastq.gz
ISC_325.2	8423x8240_rep2	ISC_325.2_F10batch1	33F10	2024-11-04	01_unzip_raw_data/04_unzip_F10_batch1/plate_directories/375338/375338_CGCACTAATGTGACTACATA_S78_R1_001.fastq.gz	01_unzip_raw_data/04_unzip_F10_batch1/plate_directories/375338/375338_CGCACTAATGTGACTACATA_S78_R2_001.fastq.gz	03_rename_fastq_files/F10_batch1/_ISC_325.2_F10batch1_33F10_run1_R1.fastq.gz	03_rename_fastq_files/F10_batch1/_ISC_325.2_F10batch1_33F10_run1_R2.fastq.gz
ISC_326.1	8426x6193_rep1	ISC_326.1_F10batch1	33G1	2024-11-04	01_unzip_raw_data/04_unzip_F10_batch1/plate_directories/375338/375338_AGAGCACTAGTGGAACAGTA_S7_R1_001.fastq.gz	01_unzip_raw_data/04_unzip_F10_batch1/plate_directories/375338/375338_AGAGCACTAGTGGAACAGTA_S7_R2_001.fastq.gz	03_rename_fastq_files/F10_batch1/_ISC_326.1_F10batch1_33G1_run1_R1.fastq.gz	03_rename_fastq_files/F10_batch1/_ISC_326.1_F10batch1_33G1_run1_R2.fastq.gz
ISC_327.2	8426x6193_rep2	ISC_327.2_F10batch1	33E10	2024-11-04	01_unzip_raw_data/04_unzip_F10_batch1/plate_directories/375339/375339_GTAGGCGAGCTAGGAGCGCA_S173_R1_001.fastq.gz	01_unzip_raw_data/04_unzip_F10_batch1/plate_directories/375339/375339_GTAGGCGAGCTAGGAGCGCA_S173_R2_001.fastq.gz	03_rename_fastq_files/F10_batch1/_ISC_327.2_F10batch1_33E10_run1_R1.fastq.gz	03_rename_fastq_files/F10_batch1/_ISC_327.2_F10batch1_33E10_run1_R2.fastq.gz
ISC_328.1	9057x9382_rep1	ISC_328.1_F10batch1	33B4	2024-11-04	01_unzip_raw_data/04_unzip_F10_batch1/plate_directories/375338/375338_CCTCGCAACCAATAGAGCAA_S26_R1_001.fastq.gz	01_unzip_raw_data/04_unzip_F10_batch1/plate_directories/375338/375338_CCTCGCAACCAATAGAGCAA_S26_R2_001.fastq.gz	03_rename_fastq_files/F10_batch1/_ISC_328.1_F10batch1_33B4_run1_R1.fastq.gz	03_rename_fastq_files/F10_batch1/_ISC_328.1_F10batch1_33B4_run1_R2.fastq.gz
ISC_329.2	9057x9382_rep2	ISC_329.2_F10batch1	33A3	2024-11-04	01_unzip_raw_data/04_unzip_F10_batch1/plate_directories/369397/369397_GAATTACAAGACCGGCTCAG_S113_R1_001.fastq.gz	01_unzip_raw_data/04_unzip_F10_batch1/plate_directories/369397/369397_GAATTACAAGACCGGCTCAG_S113_R2_001.fastq.gz	03_rename_fastq_files/F10_batch1/_ISC_329.2_F10batch1_33A3_run1_R1.fastq.gz	03_rename_fastq_files/F10_batch1/_ISC_329.2_F10batch1_33A3_run1_R2.fastq.gz
ISC_330.1	9058x6112_rep1	ISC_330.1_F10batch1	33G6	2024-11-04	01_unzip_raw_data/04_unzip_F10_batch1/plate_directories/375338/375338_TATCCAGGACCGGTGGCGAA_S47_R1_001.fastq.gz	01_unzip_raw_data/04_unzip_F10_batch1/plate_directories/375338/375338_TATCCAGGACCGGTGGCGAA_S47_R2_001.fastq.gz	03_rename_fastq_files/F10_batch1/_ISC_330.1_F10batch1_33G6_run1_R1.fastq.gz	03_rename_fastq_files/F10_batch1/_ISC_330.1_F10batch1_33G6_run1_R2.fastq.gz
ISC_331.2	9058x6112_rep2	ISC_331.2_F10batch1	33C1	2024-11-04	01_unzip_raw_data/04_unzip_F10_batch1/plate_directories/376780/376780_TCTCACACGCCGGACAGTGA_S3_R1_001.fastq.gz	01_unzip_raw_data/04_unzip_F10_batch1/plate_directories/376780/376780_TCTCACACGCCGGACAGTGA_S3_R2_001.fastq.gz	03_rename_fastq_files/F10_batch1/_ISC_331.2_F10batch1_33C1_run1_R1.fastq.gz	03_rename_fastq_files/F10_batch1/_ISC_331.2_F10batch1_33C1_run1_R2.fastq.gz
ISC_332.1	9321x6189_rep1	ISC_332.1_F10batch1	33E3	2024-11-04	01_unzip_raw_data/04_unzip_F10_batch1/plate_directories/376780/376780_CCGTGACCGACCGAACGTTG_S21_R1_001.fastq.gz	01_unzip_raw_data/04_unzip_F10_batch1/plate_directories/376780/376780_CCGTGACCGACCGAACGTTG_S21_R2_001.fastq.gz	03_rename_fastq_files/F10_batch1/_ISC_332.1_F10batch1_33E3_run1_R1.fastq.gz	03_rename_fastq_files/F10_batch1/_ISC_332.1_F10batch1_33E3_run1_R2.fastq.gz
ISC_333.2	9321x6189_rep2	ISC_333.2_F10batch1	33A4	2024-11-04	01_unzip_raw_data/04_unzip_F10_batch1/plate_directories/369396/369396_TTCTATGGTTGGCGAGATGG_S25_R1_001.fastq.gz	01_unzip_raw_data/04_unzip_F10_batch1/plate_directories/369396/369396_TTCTATGGTTGGCGAGATGG_S25_R2_001.fastq.gz	03_rename_fastq_files/F10_batch1/_ISC_333.2_F10batch1_33A4_run1_R1.fastq.gz	03_rename_fastq_files/F10_batch1/_ISC_333.2_F10batch1_33A4_run1_R2.fastq.gz
ISC_335.2	9323x8369_rep2	ISC_335.2_F10batch1	33C3	2024-11-04	01_unzip_raw_data/04_unzip_F10_batch1/plate_directories/369396/369396_CTAATGATGGGGTTGCCTCT_S19_R1_001.fastq.gz	01_unzip_raw_data/04_unzip_F10_batch1/plate_directories/369396/369396_CTAATGATGGGGTTGCCTCT_S19_R2_001.fastq.gz	03_rename_fastq_files/F10_batch1/_ISC_335.2_F10batch1_33C3_run1_R1.fastq.gz	03_rename_fastq_files/F10_batch1/_ISC_335.2_F10batch1_33C3_run1_R2.fastq.gz
ISC_336.1	9332x6413_rep1	ISC_336.1_F10batch1	33H10	2024-11-04	01_unzip_raw_data/04_unzip_F10_batch1/plate_directories/376780/376780_CCTTCTAACAGATAAGCTCT_S80_R1_001.fastq.gz	01_unzip_raw_data/04_unzip_F10_batch1/plate_directories/376780/376780_CCTTCTAACAGATAAGCTCT_S80_R2_001.fastq.gz	03_rename_fastq_files/F10_batch1/_ISC_336.1_F10batch1_33H10_run1_R1.fastq.gz	03_rename_fastq_files/F10_batch1/_ISC_336.1_F10batch1_33H10_run1_R2.fastq.gz
ISC_337.2	9332x6413_rep2	ISC_337.2_F10batch1	33B6	2024-11-04	01_unzip_raw_data/04_unzip_F10_batch1/plate_directories/369396/369396_GCCATTAGACAGTGGTCAGG_S42_R1_001.fastq.gz	01_unzip_raw_data/04_unzip_F10_batch1/plate_directories/369396/369396_GCCATTAGACAGTGGTCAGG_S42_R2_001.fastq.gz	03_rename_fastq_files/F10_batch1/_ISC_337.2_F10batch1_33B6_run1_R1.fastq.gz	03_rename_fastq_files/F10_batch1/_ISC_337.2_F10batch1_33B6_run1_R2.fastq.gz
ISC_338.1	9336x6220_rep1	ISC_338.1_F10batch1	33E5	2024-11-04	01_unzip_raw_data/04_unzip_F10_batch1/plate_directories/375339/375339_GCTCTTAACTCACGTCCACC_S133_R1_001.fastq.gz	01_unzip_raw_data/04_unzip_F10_batch1/plate_directories/375339/375339_GCTCTTAACTCACGTCCACC_S133_R2_001.fastq.gz	03_rename_fastq_files/F10_batch1/_ISC_338.1_F10batch1_33E5_run1_R1.fastq.gz	03_rename_fastq_files/F10_batch1/_ISC_338.1_F10batch1_33E5_run1_R2.fastq.gz
ISC_339.2	9336x6220_rep2	ISC_339.2_F10batch1	33H11	2024-11-04	01_unzip_raw_data/04_unzip_F10_batch1/plate_directories/375338/375338_TACACGCTCCATCCGTAAGT_S88_R1_001.fastq.gz	01_unzip_raw_data/04_unzip_F10_batch1/plate_directories/375338/375338_TACACGCTCCATCCGTAAGT_S88_R2_001.fastq.gz	03_rename_fastq_files/F10_batch1/_ISC_339.2_F10batch1_33H11_run1_R1.fastq.gz	03_rename_fastq_files/F10_batch1/_ISC_339.2_F10batch1_33H11_run1_R2.fastq.gz
ISC_340.1	9343x8259_rep1	ISC_340.1_F10batch1	33A3	2024-11-04	01_unzip_raw_data/04_unzip_F10_batch1/plate_directories/375339/375339_GCTAGACTATAATACGACAT_S113_R1_001.fastq.gz	01_unzip_raw_data/04_unzip_F10_batch1/plate_directories/375339/375339_GCTAGACTATAATACGACAT_S113_R2_001.fastq.gz	03_rename_fastq_files/F10_batch1/_ISC_340.1_F10batch1_33A3_run1_R1.fastq.gz	03_rename_fastq_files/F10_batch1/_ISC_340.1_F10batch1_33A3_run1_R2.fastq.gz
ISC_341.2	9343x8259_rep2	ISC_341.2_F10batch1	33H2	2024-11-04	01_unzip_raw_data/04_unzip_F10_batch1/plate_directories/369396/369396_GCCGTAACCGAAGACTATAG_S16_R1_001.fastq.gz	01_unzip_raw_data/04_unzip_F10_batch1/plate_directories/369396/369396_GCCGTAACCGAAGACTATAG_S16_R2_001.fastq.gz	03_rename_fastq_files/F10_batch1/_ISC_341.2_F10batch1_33H2_run1_R1.fastq.gz	03_rename_fastq_files/F10_batch1/_ISC_341.2_F10batch1_33H2_run1_R2.fastq.gz
ISC_342.1	9352x8422_rep1	ISC_342.1_F10batch1	33F11	2024-11-04	01_unzip_raw_data/04_unzip_F10_batch1/plate_directories/375339/375339_GTGGACAAGTCCGTGGCCTT_S182_R1_001.fastq.gz	01_unzip_raw_data/04_unzip_F10_batch1/plate_directories/375339/375339_GTGGACAAGTCCGTGGCCTT_S182_R2_001.fastq.gz	03_rename_fastq_files/F10_batch1/_ISC_342.1_F10batch1_33F11_run1_R1.fastq.gz	03_rename_fastq_files/F10_batch1/_ISC_342.1_F10batch1_33F11_run1_R2.fastq.gz
ISC_343.2	9352x8422_rep2	ISC_343.2_F10batch1	33A9	2024-11-04	01_unzip_raw_data/04_unzip_F10_batch1/plate_directories/376780/376780_AATTCCATCTCTTCAGTTAC_S65_R1_001.fastq.gz	01_unzip_raw_data/04_unzip_F10_batch1/plate_directories/376780/376780_AATTCCATCTCTTCAGTTAC_S65_R2_001.fastq.gz	03_rename_fastq_files/F10_batch1/_ISC_343.2_F10batch1_33A9_run1_R1.fastq.gz	03_rename_fastq_files/F10_batch1/_ISC_343.2_F10batch1_33A9_run1_R2.fastq.gz
ISC_344.1	9353x6109_rep1	ISC_344.1_F10batch1	33D12	2024-11-04	01_unzip_raw_data/04_unzip_F10_batch1/plate_directories/376780/376780_TGCTACTGCCCAACCGGAGG_S92_R1_001.fastq.gz	01_unzip_raw_data/04_unzip_F10_batch1/plate_directories/376780/376780_TGCTACTGCCCAACCGGAGG_S92_R2_001.fastq.gz	03_rename_fastq_files/F10_batch1/_ISC_344.1_F10batch1_33D12_run1_R1.fastq.gz	03_rename_fastq_files/F10_batch1/_ISC_344.1_F10batch1_33D12_run1_R2.fastq.gz
ISC_345.2	9353x6109_rep2	ISC_345.2_F10batch1	33G9	2024-11-04	01_unzip_raw_data/04_unzip_F10_batch1/plate_directories/375338/375338_GGTGTACAAGAAGCGCGCTT_S71_R1_001.fastq.gz	01_unzip_raw_data/04_unzip_F10_batch1/plate_directories/375338/375338_GGTGTACAAGAAGCGCGCTT_S71_R2_001.fastq.gz	03_rename_fastq_files/F10_batch1/_ISC_345.2_F10batch1_33G9_run1_R1.fastq.gz	03_rename_fastq_files/F10_batch1/_ISC_345.2_F10batch1_33G9_run1_R2.fastq.gz
ISC_346.1	9356x6094_rep1	ISC_346.1_F10batch1	33B7	2024-11-04	01_unzip_raw_data/04_unzip_F10_batch1/plate_directories/376780/376780_CGCAGCAATTATTCCGCTAT_S50_R1_001.fastq.gz	01_unzip_raw_data/04_unzip_F10_batch1/plate_directories/376780/376780_CGCAGCAATTATTCCGCTAT_S50_R2_001.fastq.gz	03_rename_fastq_files/F10_batch1/_ISC_346.1_F10batch1_33B7_run1_R1.fastq.gz	03_rename_fastq_files/F10_batch1/_ISC_346.1_F10batch1_33B7_run1_R2.fastq.gz
ISC_347.2	9356x6094_rep2	ISC_347.2_F10batch1	33D6	2024-11-04	01_unzip_raw_data/04_unzip_F10_batch1/plate_directories/375339/375339_ATAGTTAGCACTCTAAGTAG_S140_R1_001.fastq.gz	01_unzip_raw_data/04_unzip_F10_batch1/plate_directories/375339/375339_ATAGTTAGCACTCTAAGTAG_S140_R2_001.fastq.gz	03_rename_fastq_files/F10_batch1/_ISC_347.2_F10batch1_33D6_run1_R1.fastq.gz	03_rename_fastq_files/F10_batch1/_ISC_347.2_F10batch1_33D6_run1_R2.fastq.gz
ISC_348.1	9363x6070_rep1	ISC_348.1_F10batch1	33B1	2024-11-04	01_unzip_raw_data/04_unzip_F10_batch1/plate_directories/376780/376780_CACTCAATTCTTAAGTTGTG_S2_R1_001.fastq.gz	01_unzip_raw_data/04_unzip_F10_batch1/plate_directories/376780/376780_CACTCAATTCTTAAGTTGTG_S2_R2_001.fastq.gz	03_rename_fastq_files/F10_batch1/_ISC_348.1_F10batch1_33B1_run1_R1.fastq.gz	03_rename_fastq_files/F10_batch1/_ISC_348.1_F10batch1_33B1_run1_R2.fastq.gz
ISC_349.1	9369x9434_rep1	ISC_349.1_F10batch1	33A8	2024-11-04	01_unzip_raw_data/04_unzip_F10_batch1/plate_directories/375338/375338_TTAGGATAGACGTCGACTGG_S57_R1_001.fastq.gz	01_unzip_raw_data/04_unzip_F10_batch1/plate_directories/375338/375338_TTAGGATAGACGTCGACTGG_S57_R2_001.fastq.gz	03_rename_fastq_files/F10_batch1/_ISC_349.1_F10batch1_33A8_run1_R1.fastq.gz	03_rename_fastq_files/F10_batch1/_ISC_349.1_F10batch1_33A8_run1_R2.fastq.gz
ISC_350.1	9371x6021_rep1	ISC_350.1_F10batch1	33G10	2024-11-04	01_unzip_raw_data/04_unzip_F10_batch1/plate_directories/369396/369396_TCCTGACCGTCGGCCTCGTT_S79_R1_001.fastq.gz	01_unzip_raw_data/04_unzip_F10_batch1/plate_directories/369396/369396_TCCTGACCGTCGGCCTCGTT_S79_R2_001.fastq.gz	03_rename_fastq_files/F10_batch1/_ISC_350.1_F10batch1_33G10_run1_R1.fastq.gz	03_rename_fastq_files/F10_batch1/_ISC_350.1_F10batch1_33G10_run1_R2.fastq.gz
ISC_351.2	9371x6021_rep2	ISC_351.2_F10batch1	33E1	2024-11-04	01_unzip_raw_data/04_unzip_F10_batch1/plate_directories/376780/376780_ATATGCATGTTGGTGCCTGG_S5_R1_001.fastq.gz	01_unzip_raw_data/04_unzip_F10_batch1/plate_directories/376780/376780_ATATGCATGTTGGTGCCTGG_S5_R2_001.fastq.gz	03_rename_fastq_files/F10_batch1/_ISC_351.2_F10batch1_33E1_run1_R1.fastq.gz	03_rename_fastq_files/F10_batch1/_ISC_351.2_F10batch1_33E1_run1_R2.fastq.gz
ISC_352.1	9380x1063_rep1	ISC_352.1_F10batch1	33B5	2024-11-04	01_unzip_raw_data/04_unzip_F10_batch1/plate_directories/375338/375338_TACGCGGCTGACTAGCCGTG_S34_R1_001.fastq.gz	01_unzip_raw_data/04_unzip_F10_batch1/plate_directories/375338/375338_TACGCGGCTGACTAGCCGTG_S34_R2_001.fastq.gz	03_rename_fastq_files/F10_batch1/_ISC_352.1_F10batch1_33B5_run1_R1.fastq.gz	03_rename_fastq_files/F10_batch1/_ISC_352.1_F10batch1_33B5_run1_R2.fastq.gz
ISC_353.2	9380x1063_rep2	ISC_353.2_F10batch1	33G10	2024-11-04	01_unzip_raw_data/04_unzip_F10_batch1/plate_directories/375338/375338_TCCTGACCGTCGGCCTCGTT_S79_R1_001.fastq.gz	01_unzip_raw_data/04_unzip_F10_batch1/plate_directories/375338/375338_TCCTGACCGTCGGCCTCGTT_S79_R2_001.fastq.gz	03_rename_fastq_files/F10_batch1/_ISC_353.2_F10batch1_33G10_run1_R1.fastq.gz	03_rename_fastq_files/F10_batch1/_ISC_353.2_F10batch1_33G10_run1_R2.fastq.gz
ISC_354.1	9381x6198_rep1	ISC_354.1_F10batch1	33B2	2024-11-04	01_unzip_raw_data/04_unzip_F10_batch1/plate_directories/369396/369396_TCGTCTGACTACCAGCGACA_S10_R1_001.fastq.gz	01_unzip_raw_data/04_unzip_F10_batch1/plate_directories/369396/369396_TCGTCTGACTACCAGCGACA_S10_R2_001.fastq.gz	03_rename_fastq_files/F10_batch1/_ISC_354.1_F10batch1_33B2_run1_R1.fastq.gz	03_rename_fastq_files/F10_batch1/_ISC_354.1_F10batch1_33B2_run1_R2.fastq.gz
ISC_355.2	9381x6198_rep2	ISC_355.2_F10batch1	33B2	2024-11-04	01_unzip_raw_data/04_unzip_F10_batch1/plate_directories/376780/376780_TTCTGTAGAAGAGCGCAATA_S10_R1_001.fastq.gz	01_unzip_raw_data/04_unzip_F10_batch1/plate_directories/376780/376780_TTCTGTAGAAGAGCGCAATA_S10_R2_001.fastq.gz	03_rename_fastq_files/F10_batch1/_ISC_355.2_F10batch1_33B2_run1_R1.fastq.gz	03_rename_fastq_files/F10_batch1/_ISC_355.2_F10batch1_33B2_run1_R2.fastq.gz
ISC_356.1	9382x6035_rep1	ISC_356.1_F10batch1	33E12	2024-11-04	01_unzip_raw_data/04_unzip_F10_batch1/plate_directories/375339/375339_TGATAACGAGGTTCCGCAGG_S189_R1_001.fastq.gz	01_unzip_raw_data/04_unzip_F10_batch1/plate_directories/375339/375339_TGATAACGAGGTTCCGCAGG_S189_R2_001.fastq.gz	03_rename_fastq_files/F10_batch1/_ISC_356.1_F10batch1_33E12_run1_R1.fastq.gz	03_rename_fastq_files/F10_batch1/_ISC_356.1_F10batch1_33E12_run1_R2.fastq.gz
ISC_357.2	9382x6035_rep2	ISC_357.2_F10batch1	33E4	2024-11-04	01_unzip_raw_data/04_unzip_F10_batch1/plate_directories/375339/375339_TAGTTCGGTACCATGTGTAG_S125_R1_001.fastq.gz	01_unzip_raw_data/04_unzip_F10_batch1/plate_directories/375339/375339_TAGTTCGGTACCATGTGTAG_S125_R2_001.fastq.gz	03_rename_fastq_files/F10_batch1/_ISC_357.2_F10batch1_33E4_run1_R1.fastq.gz	03_rename_fastq_files/F10_batch1/_ISC_357.2_F10batch1_33E4_run1_R2.fastq.gz
ISC_358.1	9386x6171_rep1	ISC_358.1_F10batch1	33C5	2024-11-04	01_unzip_raw_data/04_unzip_F10_batch1/plate_directories/376780/376780_TTCGGTGTGAGAACAAGTAT_S35_R1_001.fastq.gz	01_unzip_raw_data/04_unzip_F10_batch1/plate_directories/376780/376780_TTCGGTGTGAGAACAAGTAT_S35_R2_001.fastq.gz	03_rename_fastq_files/F10_batch1/_ISC_358.1_F10batch1_33C5_run1_R1.fastq.gz	03_rename_fastq_files/F10_batch1/_ISC_358.1_F10batch1_33C5_run1_R2.fastq.gz
ISC_359.2	9386x6171_rep2	ISC_359.2_F10batch1	33B7	2024-11-04	01_unzip_raw_data/04_unzip_F10_batch1/plate_directories/375338/375338_ACATGGTGTCTCAACGTGTA_S50_R1_001.fastq.gz	01_unzip_raw_data/04_unzip_F10_batch1/plate_directories/375338/375338_ACATGGTGTCTCAACGTGTA_S50_R2_001.fastq.gz	03_rename_fastq_files/F10_batch1/_ISC_359.2_F10batch1_33B7_run1_R1.fastq.gz	03_rename_fastq_files/F10_batch1/_ISC_359.2_F10batch1_33B7_run1_R2.fastq.gz
ISC_360.1	9388x9057_rep1	ISC_360.1_F10batch1	33F1	2024-11-04	01_unzip_raw_data/04_unzip_F10_batch1/plate_directories/369396/369396_GCGCGATGTTGTCCACTTGT_S6_R1_001.fastq.gz	01_unzip_raw_data/04_unzip_F10_batch1/plate_directories/369396/369396_GCGCGATGTTGTCCACTTGT_S6_R2_001.fastq.gz	03_rename_fastq_files/F10_batch1/_ISC_360.1_F10batch1_33F1_run1_R1.fastq.gz	03_rename_fastq_files/F10_batch1/_ISC_360.1_F10batch1_33F1_run1_R2.fastq.gz
ISC_361.2	9388x9057_rep2	ISC_361.2_F10batch1	33B4	2024-11-04	01_unzip_raw_data/04_unzip_F10_batch1/plate_directories/369396/369396_CCTCGCAACCAATAGAGCAA_S26_R1_001.fastq.gz	01_unzip_raw_data/04_unzip_F10_batch1/plate_directories/369396/369396_CCTCGCAACCAATAGAGCAA_S26_R2_001.fastq.gz	03_rename_fastq_files/F10_batch1/_ISC_361.2_F10batch1_33B4_run1_R1.fastq.gz	03_rename_fastq_files/F10_batch1/_ISC_361.2_F10batch1_33B4_run1_R2.fastq.gz
ISC_362.1	9390x8283_rep1	ISC_362.1_F10batch1	33C10	2024-11-04	01_unzip_raw_data/04_unzip_F10_batch1/plate_directories/375338/375338_CGCTGCAGAGGATGGATGTA_S75_R1_001.fastq.gz	01_unzip_raw_data/04_unzip_F10_batch1/plate_directories/375338/375338_CGCTGCAGAGGATGGATGTA_S75_R2_001.fastq.gz	03_rename_fastq_files/F10_batch1/_ISC_362.1_F10batch1_33C10_run1_R1.fastq.gz	03_rename_fastq_files/F10_batch1/_ISC_362.1_F10batch1_33C10_run1_R2.fastq.gz
ISC_363.2	9390x8283_rep2	ISC_363.2_F10batch1	33C9	2024-11-04	01_unzip_raw_data/04_unzip_F10_batch1/plate_directories/375338/375338_AGCACATCCTTTACAATTCC_S67_R1_001.fastq.gz	01_unzip_raw_data/04_unzip_F10_batch1/plate_directories/375338/375338_AGCACATCCTTTACAATTCC_S67_R2_001.fastq.gz	03_rename_fastq_files/F10_batch1/_ISC_363.2_F10batch1_33C9_run1_R1.fastq.gz	03_rename_fastq_files/F10_batch1/_ISC_363.2_F10batch1_33C9_run1_R2.fastq.gz
ISC_364.1	9391x5867_rep1	ISC_364.1_F10batch1	33B3	2024-11-04	01_unzip_raw_data/04_unzip_F10_batch1/plate_directories/369396/369396_GGTTGCCTCTCTAATGATGG_S18_R1_001.fastq.gz	01_unzip_raw_data/04_unzip_F10_batch1/plate_directories/369396/369396_GGTTGCCTCTCTAATGATGG_S18_R2_001.fastq.gz	03_rename_fastq_files/F10_batch1/_ISC_364.1_F10batch1_33B3_run1_R1.fastq.gz	03_rename_fastq_files/F10_batch1/_ISC_364.1_F10batch1_33B3_run1_R2.fastq.gz
ISC_365.2	9391x5867_rep2	ISC_365.2_F10batch1	33C6	2024-11-04	01_unzip_raw_data/04_unzip_F10_batch1/plate_directories/375338/375338_GGCGAGATGGTTCTATGGTT_S43_R1_001.fastq.gz	01_unzip_raw_data/04_unzip_F10_batch1/plate_directories/375338/375338_GGCGAGATGGTTCTATGGTT_S43_R2_001.fastq.gz	03_rename_fastq_files/F10_batch1/_ISC_365.2_F10batch1_33C6_run1_R1.fastq.gz	03_rename_fastq_files/F10_batch1/_ISC_365.2_F10batch1_33C6_run1_R2.fastq.gz
ISC_366.1	9391x9353_rep1	ISC_366.1_F10batch1	33G7	2024-11-04	01_unzip_raw_data/04_unzip_F10_batch1/plate_directories/375338/375338_TATTCCTCAGCTTAACCACT_S55_R1_001.fastq.gz	01_unzip_raw_data/04_unzip_F10_batch1/plate_directories/375338/375338_TATTCCTCAGCTTAACCACT_S55_R2_001.fastq.gz	03_rename_fastq_files/F10_batch1/_ISC_366.1_F10batch1_33G7_run1_R1.fastq.gz	03_rename_fastq_files/F10_batch1/_ISC_366.1_F10batch1_33G7_run1_R2.fastq.gz
ISC_367.2	9391x9353_rep2	ISC_367.2_F10batch1	33C9	2024-11-04	01_unzip_raw_data/04_unzip_F10_batch1/plate_directories/369396/369396_AGCACATCCTTTACAATTCC_S67_R1_001.fastq.gz	01_unzip_raw_data/04_unzip_F10_batch1/plate_directories/369396/369396_AGCACATCCTTTACAATTCC_S67_R2_001.fastq.gz	03_rename_fastq_files/F10_batch1/_ISC_367.2_F10batch1_33C9_run1_R1.fastq.gz	03_rename_fastq_files/F10_batch1/_ISC_367.2_F10batch1_33C9_run1_R2.fastq.gz
ISC_368.1	9392x6073_rep1	ISC_368.1_F10batch1	33D8	2024-11-04	01_unzip_raw_data/04_unzip_F10_batch1/plate_directories/376780/376780_GCAATATTCAGGCGCCAATT_S60_R1_001.fastq.gz	01_unzip_raw_data/04_unzip_F10_batch1/plate_directories/376780/376780_GCAATATTCAGGCGCCAATT_S60_R2_001.fastq.gz	03_rename_fastq_files/F10_batch1/_ISC_368.1_F10batch1_33D8_run1_R1.fastq.gz	03_rename_fastq_files/F10_batch1/_ISC_368.1_F10batch1_33D8_run1_R2.fastq.gz
ISC_369.2	9392x6073_rep2	ISC_369.2_F10batch1	33D5	2024-11-04	01_unzip_raw_data/04_unzip_F10_batch1/plate_directories/376780/376780_ATGTAACGTTACGATTGCTG_S36_R1_001.fastq.gz	01_unzip_raw_data/04_unzip_F10_batch1/plate_directories/376780/376780_ATGTAACGTTACGATTGCTG_S36_R2_001.fastq.gz	03_rename_fastq_files/F10_batch1/_ISC_369.2_F10batch1_33D5_run1_R1.fastq.gz	03_rename_fastq_files/F10_batch1/_ISC_369.2_F10batch1_33D5_run1_R2.fastq.gz
ISC_370.1	9395x9454_rep1	ISC_370.1_F10batch1	33H1	2024-11-04	01_unzip_raw_data/04_unzip_F10_batch1/plate_directories/376780/376780_GGTCTATTAACCACGACACG_S8_R1_001.fastq.gz	01_unzip_raw_data/04_unzip_F10_batch1/plate_directories/376780/376780_GGTCTATTAACCACGACACG_S8_R2_001.fastq.gz	03_rename_fastq_files/F10_batch1/_ISC_370.1_F10batch1_33H1_run1_R1.fastq.gz	03_rename_fastq_files/F10_batch1/_ISC_370.1_F10batch1_33H1_run1_R2.fastq.gz
ISC_371.2	9395x9454_rep2	ISC_371.2_F10batch1	33E5	2024-11-04	01_unzip_raw_data/04_unzip_F10_batch1/plate_directories/376780/376780_AACGAGGCCGATACCTGGAT_S37_R1_001.fastq.gz	01_unzip_raw_data/04_unzip_F10_batch1/plate_directories/376780/376780_AACGAGGCCGATACCTGGAT_S37_R2_001.fastq.gz	03_rename_fastq_files/F10_batch1/_ISC_371.2_F10batch1_33E5_run1_R1.fastq.gz	03_rename_fastq_files/F10_batch1/_ISC_371.2_F10batch1_33E5_run1_R2.fastq.gz
ISC_372.1	9399x6097_rep1	ISC_372.1_F10batch1	33D5	2024-11-04	01_unzip_raw_data/04_unzip_F10_batch1/plate_directories/375338/375338_TACGGCCGGTTGGCAATATT_S36_R1_001.fastq.gz	01_unzip_raw_data/04_unzip_F10_batch1/plate_directories/375338/375338_TACGGCCGGTTGGCAATATT_S36_R2_001.fastq.gz	03_rename_fastq_files/F10_batch1/_ISC_372.1_F10batch1_33D5_run1_R1.fastq.gz	03_rename_fastq_files/F10_batch1/_ISC_372.1_F10batch1_33D5_run1_R2.fastq.gz
ISC_373.2	9399x6097_rep2	ISC_373.2_F10batch1	33E10	2024-11-04	01_unzip_raw_data/04_unzip_F10_batch1/plate_directories/376780/376780_GTCCACCGCTTCCTATTAGC_S77_R1_001.fastq.gz	01_unzip_raw_data/04_unzip_F10_batch1/plate_directories/376780/376780_GTCCACCGCTTCCTATTAGC_S77_R2_001.fastq.gz	03_rename_fastq_files/F10_batch1/_ISC_373.2_F10batch1_33E10_run1_R1.fastq.gz	03_rename_fastq_files/F10_batch1/_ISC_373.2_F10batch1_33E10_run1_R2.fastq.gz
ISC_374.1	9402x6169_rep1	ISC_374.1_F10batch1	33F2	2024-11-04	01_unzip_raw_data/04_unzip_F10_batch1/plate_directories/369397/369397_TAATTAGCGTTGGTTAAGAA_S110_R1_001.fastq.gz	01_unzip_raw_data/04_unzip_F10_batch1/plate_directories/369397/369397_TAATTAGCGTTGGTTAAGAA_S110_R2_001.fastq.gz	03_rename_fastq_files/F10_batch1/_ISC_374.1_F10batch1_33F2_run1_R1.fastq.gz	03_rename_fastq_files/F10_batch1/_ISC_374.1_F10batch1_33F2_run1_R2.fastq.gz
ISC_375.2	9402x6169_rep2	ISC_375.2_F10batch1	33E7	2024-11-04	01_unzip_raw_data/04_unzip_F10_batch1/plate_directories/369396/369396_TTACAATTCCAGCACATCCT_S53_R1_001.fastq.gz	01_unzip_raw_data/04_unzip_F10_batch1/plate_directories/369396/369396_TTACAATTCCAGCACATCCT_S53_R2_001.fastq.gz	03_rename_fastq_files/F10_batch1/_ISC_375.2_F10batch1_33E7_run1_R1.fastq.gz	03_rename_fastq_files/F10_batch1/_ISC_375.2_F10batch1_33E7_run1_R2.fastq.gz
ISC_376.1	9404x9390_rep1	ISC_376.1_F10batch1	33C2	2024-11-04	01_unzip_raw_data/04_unzip_F10_batch1/plate_directories/375338/375338_GAACATACGGCATACACTGT_S11_R1_001.fastq.gz	01_unzip_raw_data/04_unzip_F10_batch1/plate_directories/375338/375338_GAACATACGGCATACACTGT_S11_R2_001.fastq.gz	03_rename_fastq_files/F10_batch1/_ISC_376.1_F10batch1_33C2_run1_R1.fastq.gz	03_rename_fastq_files/F10_batch1/_ISC_376.1_F10batch1_33C2_run1_R2.fastq.gz
ISC_377.2	9404x9390_rep2	ISC_377.2_F10batch1	33G4	2024-11-04	01_unzip_raw_data/04_unzip_F10_batch1/plate_directories/369396/369396_TGCGTGTCACGCTTACGGAC_S31_R1_001.fastq.gz	01_unzip_raw_data/04_unzip_F10_batch1/plate_directories/369396/369396_TGCGTGTCACGCTTACGGAC_S31_R2_001.fastq.gz	03_rename_fastq_files/F10_batch1/_ISC_377.2_F10batch1_33G4_run1_R1.fastq.gz	03_rename_fastq_files/F10_batch1/_ISC_377.2_F10batch1_33G4_run1_R2.fastq.gz
ISC_378.1	9405x6100_rep1	ISC_378.1_F10batch1	33C7	2024-11-04	01_unzip_raw_data/04_unzip_F10_batch1/plate_directories/375338/375338_GACAGACAGGACTGTTGTGA_S51_R1_001.fastq.gz	01_unzip_raw_data/04_unzip_F10_batch1/plate_directories/375338/375338_GACAGACAGGACTGTTGTGA_S51_R2_001.fastq.gz	03_rename_fastq_files/F10_batch1/_ISC_378.1_F10batch1_33C7_run1_R1.fastq.gz	03_rename_fastq_files/F10_batch1/_ISC_378.1_F10batch1_33C7_run1_R2.fastq.gz
ISC_379.2	9405x6100_rep2	ISC_379.2_F10batch1	33E9	2024-11-04	01_unzip_raw_data/04_unzip_F10_batch1/plate_directories/369396/369396_AAGTACTCCATCTGTGTGGA_S69_R1_001.fastq.gz	01_unzip_raw_data/04_unzip_F10_batch1/plate_directories/369396/369396_AAGTACTCCATCTGTGTGGA_S69_R2_001.fastq.gz	03_rename_fastq_files/F10_batch1/_ISC_379.2_F10batch1_33E9_run1_R1.fastq.gz	03_rename_fastq_files/F10_batch1/_ISC_379.2_F10batch1_33E9_run1_R2.fastq.gz
ISC_380.1	9407x6040_rep1	ISC_380.1_F10batch1	33D11	2024-11-04	01_unzip_raw_data/04_unzip_F10_batch1/plate_directories/375338/375338_GTCCACTTGTGCGCGATGTT_S84_R1_001.fastq.gz	01_unzip_raw_data/04_unzip_F10_batch1/plate_directories/375338/375338_GTCCACTTGTGCGCGATGTT_S84_R2_001.fastq.gz	03_rename_fastq_files/F10_batch1/_ISC_380.1_F10batch1_33D11_run1_R1.fastq.gz	03_rename_fastq_files/F10_batch1/_ISC_380.1_F10batch1_33D11_run1_R2.fastq.gz
ISC_381.2	9407x6040_rep2	ISC_381.2_F10batch1	33G2	2024-11-04	01_unzip_raw_data/04_unzip_F10_batch1/plate_directories/369396/369396_CGGCAATGGAGAATGCACGA_S15_R1_001.fastq.gz	01_unzip_raw_data/04_unzip_F10_batch1/plate_directories/369396/369396_CGGCAATGGAGAATGCACGA_S15_R2_001.fastq.gz	03_rename_fastq_files/F10_batch1/_ISC_381.2_F10batch1_33G2_run1_R1.fastq.gz	03_rename_fastq_files/F10_batch1/_ISC_381.2_F10batch1_33G2_run1_R2.fastq.gz
ISC_382.1	9408x9352_rep1	ISC_382.1_F10batch1	33C4	2024-11-04	01_unzip_raw_data/04_unzip_F10_batch1/plate_directories/369396/369396_TGGATGCTTATCAATCCATT_S27_R1_001.fastq.gz	01_unzip_raw_data/04_unzip_F10_batch1/plate_directories/369396/369396_TGGATGCTTATCAATCCATT_S27_R2_001.fastq.gz	03_rename_fastq_files/F10_batch1/_ISC_382.1_F10batch1_33C4_run1_R1.fastq.gz	03_rename_fastq_files/F10_batch1/_ISC_382.1_F10batch1_33C4_run1_R2.fastq.gz
ISC_383.2	9408x9352_rep2	ISC_383.2_F10batch1	33C7	2024-11-04	01_unzip_raw_data/04_unzip_F10_batch1/plate_directories/375339/375339_TTCATGGTTCGACATTGTCA_S147_R1_001.fastq.gz	01_unzip_raw_data/04_unzip_F10_batch1/plate_directories/375339/375339_TTCATGGTTCGACATTGTCA_S147_R2_001.fastq.gz	03_rename_fastq_files/F10_batch1/_ISC_383.2_F10batch1_33C7_run1_R1.fastq.gz	03_rename_fastq_files/F10_batch1/_ISC_383.2_F10batch1_33C7_run1_R2.fastq.gz
ISC_384.1	9409x6104_rep1	ISC_384.1_F10batch1	33C9	2024-11-04	01_unzip_raw_data/04_unzip_F10_batch1/plate_directories/375339/375339_TCATACCGTTGGTAACGCAG_S163_R1_001.fastq.gz	01_unzip_raw_data/04_unzip_F10_batch1/plate_directories/375339/375339_TCATACCGTTGGTAACGCAG_S163_R2_001.fastq.gz	03_rename_fastq_files/F10_batch1/_ISC_384.1_F10batch1_33C9_run1_R1.fastq.gz	03_rename_fastq_files/F10_batch1/_ISC_384.1_F10batch1_33C9_run1_R2.fastq.gz
ISC_385.2	9409x6104_rep2	ISC_385.2_F10batch1	33B10	2024-11-04	01_unzip_raw_data/04_unzip_F10_batch1/plate_directories/375339/375339_CTGTTATATCGTATAGCTGT_S170_R1_001.fastq.gz	01_unzip_raw_data/04_unzip_F10_batch1/plate_directories/375339/375339_CTGTTATATCGTATAGCTGT_S170_R2_001.fastq.gz	03_rename_fastq_files/F10_batch1/_ISC_385.2_F10batch1_33B10_run1_R1.fastq.gz	03_rename_fastq_files/F10_batch1/_ISC_385.2_F10batch1_33B10_run1_R2.fastq.gz
ISC_386.1	9412x6024_rep1	ISC_386.1_F10batch1	33E9	2024-11-04	01_unzip_raw_data/04_unzip_F10_batch1/plate_directories/375338/375338_AAGTACTCCATCTGTGTGGA_S69_R1_001.fastq.gz	01_unzip_raw_data/04_unzip_F10_batch1/plate_directories/375338/375338_AAGTACTCCATCTGTGTGGA_S69_R2_001.fastq.gz	03_rename_fastq_files/F10_batch1/_ISC_386.1_F10batch1_33E9_run1_R1.fastq.gz	03_rename_fastq_files/F10_batch1/_ISC_386.1_F10batch1_33E9_run1_R2.fastq.gz
ISC_387.2	9412x6024_rep2	ISC_387.2_F10batch1	33H11	2024-11-04	01_unzip_raw_data/04_unzip_F10_batch1/plate_directories/369396/369396_TACACGCTCCATCCGTAAGT_S88_R1_001.fastq.gz	01_unzip_raw_data/04_unzip_F10_batch1/plate_directories/369396/369396_TACACGCTCCATCCGTAAGT_S88_R2_001.fastq.gz	03_rename_fastq_files/F10_batch1/_ISC_387.2_F10batch1_33H11_run1_R1.fastq.gz	03_rename_fastq_files/F10_batch1/_ISC_387.2_F10batch1_33H11_run1_R2.fastq.gz
ISC_388.1	9413x8423_rep1	ISC_388.1_F10batch1	33H3	2024-11-04	01_unzip_raw_data/04_unzip_F10_batch1/plate_directories/369397/369397_AGGACAGGCCCATTCCAGCT_S120_R1_001.fastq.gz	01_unzip_raw_data/04_unzip_F10_batch1/plate_directories/369397/369397_AGGACAGGCCCATTCCAGCT_S120_R2_001.fastq.gz	03_rename_fastq_files/F10_batch1/_ISC_388.1_F10batch1_33H3_run1_R1.fastq.gz	03_rename_fastq_files/F10_batch1/_ISC_388.1_F10batch1_33H3_run1_R2.fastq.gz
ISC_389.2	9413x8423_rep2	ISC_389.2_F10batch1	33B5	2024-11-04	01_unzip_raw_data/04_unzip_F10_batch1/plate_directories/369396/369396_TACGCGGCTGACTAGCCGTG_S34_R1_001.fastq.gz	01_unzip_raw_data/04_unzip_F10_batch1/plate_directories/369396/369396_TACGCGGCTGACTAGCCGTG_S34_R2_001.fastq.gz	03_rename_fastq_files/F10_batch1/_ISC_389.2_F10batch1_33B5_run1_R1.fastq.gz	03_rename_fastq_files/F10_batch1/_ISC_389.2_F10batch1_33B5_run1_R2.fastq.gz
ISC_390.1	9416x6086_rep1	ISC_390.1_F10batch1	33B9	2024-11-04	01_unzip_raw_data/04_unzip_F10_batch1/plate_directories/369396/369396_GCGTTGGTATAATTGCTGCG_S66_R1_001.fastq.gz	01_unzip_raw_data/04_unzip_F10_batch1/plate_directories/369396/369396_GCGTTGGTATAATTGCTGCG_S66_R2_001.fastq.gz	03_rename_fastq_files/F10_batch1/_ISC_390.1_F10batch1_33B9_run1_R1.fastq.gz	03_rename_fastq_files/F10_batch1/_ISC_390.1_F10batch1_33B9_run1_R2.fastq.gz
ISC_391.2	9416x6086_rep2	ISC_391.2_F10batch1	33H8	2024-11-04	01_unzip_raw_data/04_unzip_F10_batch1/plate_directories/375339/375339_TGCAAGATAATTGAGGACGG_S160_R1_001.fastq.gz	01_unzip_raw_data/04_unzip_F10_batch1/plate_directories/375339/375339_TGCAAGATAATTGAGGACGG_S160_R2_001.fastq.gz	03_rename_fastq_files/F10_batch1/_ISC_391.2_F10batch1_33H8_run1_R1.fastq.gz	03_rename_fastq_files/F10_batch1/_ISC_391.2_F10batch1_33H8_run1_R2.fastq.gz
ISC_392.1	9421x8256_rep1	ISC_392.1_F10batch1	33F10	2024-11-04	01_unzip_raw_data/04_unzip_F10_batch1/plate_directories/369396/369396_CGCACTAATGTGACTACATA_S78_R1_001.fastq.gz	01_unzip_raw_data/04_unzip_F10_batch1/plate_directories/369396/369396_CGCACTAATGTGACTACATA_S78_R2_001.fastq.gz	03_rename_fastq_files/F10_batch1/_ISC_392.1_F10batch1_33F10_run1_R1.fastq.gz	03_rename_fastq_files/F10_batch1/_ISC_392.1_F10batch1_33F10_run1_R2.fastq.gz
ISC_393.2	9421x8256_rep2	ISC_393.2_F10batch1	33E1	2024-11-04	01_unzip_raw_data/04_unzip_F10_batch1/plate_directories/375339/375339_TCCTGGTTGTCTGACCGGCA_S101_R1_001.fastq.gz	01_unzip_raw_data/04_unzip_F10_batch1/plate_directories/375339/375339_TCCTGGTTGTCTGACCGGCA_S101_R2_001.fastq.gz	03_rename_fastq_files/F10_batch1/_ISC_393.2_F10batch1_33E1_run1_R1.fastq.gz	03_rename_fastq_files/F10_batch1/_ISC_393.2_F10batch1_33E1_run1_R2.fastq.gz
ISC_394.1	9427x8387_rep1	ISC_394.1_F10batch1	33H6	2024-11-04	01_unzip_raw_data/04_unzip_F10_batch1/plate_directories/369396/369396_AGTGCCACTGTAACAATAGG_S48_R1_001.fastq.gz	01_unzip_raw_data/04_unzip_F10_batch1/plate_directories/369396/369396_AGTGCCACTGTAACAATAGG_S48_R2_001.fastq.gz	03_rename_fastq_files/F10_batch1/_ISC_394.1_F10batch1_33H6_run1_R1.fastq.gz	03_rename_fastq_files/F10_batch1/_ISC_394.1_F10batch1_33H6_run1_R2.fastq.gz
ISC_395.2	9427x8387_rep2	ISC_395.2_F10batch1	33H2	2024-11-04	01_unzip_raw_data/04_unzip_F10_batch1/plate_directories/376780/376780_TGATGGCTACCCAACAACAT_S16_R1_001.fastq.gz	01_unzip_raw_data/04_unzip_F10_batch1/plate_directories/376780/376780_TGATGGCTACCCAACAACAT_S16_R2_001.fastq.gz	03_rename_fastq_files/F10_batch1/_ISC_395.2_F10batch1_33H2_run1_R1.fastq.gz	03_rename_fastq_files/F10_batch1/_ISC_395.2_F10batch1_33H2_run1_R2.fastq.gz
ISC_396.1	9433x6030_rep1	ISC_396.1_F10batch1	33F5	2024-11-04	01_unzip_raw_data/04_unzip_F10_batch1/plate_directories/376780/376780_TGGTGTTATGTCCAATTCTA_S38_R1_001.fastq.gz	01_unzip_raw_data/04_unzip_F10_batch1/plate_directories/376780/376780_TGGTGTTATGTCCAATTCTA_S38_R2_001.fastq.gz	03_rename_fastq_files/F10_batch1/_ISC_396.1_F10batch1_33F5_run1_R1.fastq.gz	03_rename_fastq_files/F10_batch1/_ISC_396.1_F10batch1_33F5_run1_R2.fastq.gz
ISC_397.2	9433x6030_rep2	ISC_397.2_F10batch1	33B11	2024-11-04	01_unzip_raw_data/04_unzip_F10_batch1/plate_directories/375339/375339_GAGGCCTATTCTAGTCCGGA_S178_R1_001.fastq.gz	01_unzip_raw_data/04_unzip_F10_batch1/plate_directories/375339/375339_GAGGCCTATTCTAGTCCGGA_S178_R2_001.fastq.gz	03_rename_fastq_files/F10_batch1/_ISC_397.2_F10batch1_33B11_run1_R1.fastq.gz	03_rename_fastq_files/F10_batch1/_ISC_397.2_F10batch1_33B11_run1_R2.fastq.gz
ISC_398.1	9434x6177_rep1	ISC_398.1_F10batch1	33E6	2024-11-04	01_unzip_raw_data/04_unzip_F10_batch1/plate_directories/369396/369396_TAGAATAACGCCATAAGGTT_S45_R1_001.fastq.gz	01_unzip_raw_data/04_unzip_F10_batch1/plate_directories/369396/369396_TAGAATAACGCCATAAGGTT_S45_R2_001.fastq.gz	03_rename_fastq_files/F10_batch1/_ISC_398.1_F10batch1_33E6_run1_R1.fastq.gz	03_rename_fastq_files/F10_batch1/_ISC_398.1_F10batch1_33E6_run1_R2.fastq.gz
ISC_399.2	9434x6177_rep2	ISC_399.2_F10batch1	33D10	2024-11-04	01_unzip_raw_data/04_unzip_F10_batch1/plate_directories/375338/375338_GTAGAGTCAGACGGCCGTCA_S76_R1_001.fastq.gz	01_unzip_raw_data/04_unzip_F10_batch1/plate_directories/375338/375338_GTAGAGTCAGACGGCCGTCA_S76_R2_001.fastq.gz	03_rename_fastq_files/F10_batch1/_ISC_399.2_F10batch1_33D10_run1_R1.fastq.gz	03_rename_fastq_files/F10_batch1/_ISC_399.2_F10batch1_33D10_run1_R2.fastq.gz
ISC_400.1	9437x6197_rep1	ISC_400.1_F10batch1	33A11	2024-11-04	01_unzip_raw_data/04_unzip_F10_batch1/plate_directories/375338/375338_ACCAGCGACATCGTCTGACT_S81_R1_001.fastq.gz	01_unzip_raw_data/04_unzip_F10_batch1/plate_directories/375338/375338_ACCAGCGACATCGTCTGACT_S81_R2_001.fastq.gz	03_rename_fastq_files/F10_batch1/_ISC_400.1_F10batch1_33A11_run1_R1.fastq.gz	03_rename_fastq_files/F10_batch1/_ISC_400.1_F10batch1_33A11_run1_R2.fastq.gz
ISC_401.2	9437x6197_rep2	ISC_401.2_F10batch1	33F5	2024-11-04	01_unzip_raw_data/04_unzip_F10_batch1/plate_directories/369396/369396_CTGTCTGCACTACCATCCGT_S38_R1_001.fastq.gz	01_unzip_raw_data/04_unzip_F10_batch1/plate_directories/369396/369396_CTGTCTGCACTACCATCCGT_S38_R2_001.fastq.gz	03_rename_fastq_files/F10_batch1/_ISC_401.2_F10batch1_33F5_run1_R1.fastq.gz	03_rename_fastq_files/F10_batch1/_ISC_401.2_F10batch1_33F5_run1_R2.fastq.gz
ISC_402.1	9450x9356_rep1	ISC_402.1_F10batch1	33G6	2024-11-04	01_unzip_raw_data/04_unzip_F10_batch1/plate_directories/369396/369396_TATCCAGGACCGGTGGCGAA_S47_R1_001.fastq.gz	01_unzip_raw_data/04_unzip_F10_batch1/plate_directories/369396/369396_TATCCAGGACCGGTGGCGAA_S47_R2_001.fastq.gz	03_rename_fastq_files/F10_batch1/_ISC_402.1_F10batch1_33G6_run1_R1.fastq.gz	03_rename_fastq_files/F10_batch1/_ISC_402.1_F10batch1_33G6_run1_R2.fastq.gz
ISC_404.1	9451x9437_rep1	ISC_404.1_F10batch1	33B1	2024-11-04	01_unzip_raw_data/04_unzip_F10_batch1/plate_directories/369397/369397_CACTCAATTCTTAAGTTGTG_S98_R1_001.fastq.gz	01_unzip_raw_data/04_unzip_F10_batch1/plate_directories/369397/369397_CACTCAATTCTTAAGTTGTG_S98_R2_001.fastq.gz	03_rename_fastq_files/F10_batch1/_ISC_404.1_F10batch1_33B1_run1_R1.fastq.gz	03_rename_fastq_files/F10_batch1/_ISC_404.1_F10batch1_33B1_run1_R2.fastq.gz
ISC_405.2	9451x9437_rep2	ISC_405.2_F10batch1	33A7	2024-11-04	01_unzip_raw_data/04_unzip_F10_batch1/plate_directories/375339/375339_TGAACGCGGACTTCGAAGGA_S145_R1_001.fastq.gz	01_unzip_raw_data/04_unzip_F10_batch1/plate_directories/375339/375339_TGAACGCGGACTTCGAAGGA_S145_R2_001.fastq.gz	03_rename_fastq_files/F10_batch1/_ISC_405.2_F10batch1_33A7_run1_R1.fastq.gz	03_rename_fastq_files/F10_batch1/_ISC_405.2_F10batch1_33A7_run1_R2.fastq.gz
ISC_406.1	9452x6114_rep1	ISC_406.1_F10batch1	33F12	2024-11-04	01_unzip_raw_data/04_unzip_F10_batch1/plate_directories/376780/376780_CACCTTAATCTTAGGATAGA_S94_R1_001.fastq.gz	01_unzip_raw_data/04_unzip_F10_batch1/plate_directories/376780/376780_CACCTTAATCTTAGGATAGA_S94_R2_001.fastq.gz	03_rename_fastq_files/F10_batch1/_ISC_406.1_F10batch1_33F12_run1_R1.fastq.gz	03_rename_fastq_files/F10_batch1/_ISC_406.1_F10batch1_33F12_run1_R2.fastq.gz
ISC_407.2	9452x6114_rep2	ISC_407.2_F10batch1	33H3	2024-11-04	01_unzip_raw_data/04_unzip_F10_batch1/plate_directories/369396/369396_GTATGTAGAACTAACTGTAA_S24_R1_001.fastq.gz	01_unzip_raw_data/04_unzip_F10_batch1/plate_directories/369396/369396_GTATGTAGAACTAACTGTAA_S24_R2_001.fastq.gz	03_rename_fastq_files/F10_batch1/_ISC_407.2_F10batch1_33H3_run1_R1.fastq.gz	03_rename_fastq_files/F10_batch1/_ISC_407.2_F10batch1_33H3_run1_R2.fastq.gz
ISC_408.1	9453x6106_rep1	ISC_408.1_F10batch1	33B11	2024-11-04	01_unzip_raw_data/04_unzip_F10_batch1/plate_directories/376780/376780_GATCGTCGCGCTGGATATGT_S82_R1_001.fastq.gz	01_unzip_raw_data/04_unzip_F10_batch1/plate_directories/376780/376780_GATCGTCGCGCTGGATATGT_S82_R2_001.fastq.gz	03_rename_fastq_files/F10_batch1/_ISC_408.1_F10batch1_33B11_run1_R1.fastq.gz	03_rename_fastq_files/F10_batch1/_ISC_408.1_F10batch1_33B11_run1_R2.fastq.gz
ISC_409.2	9453x6106_rep2	ISC_409.2_F10batch1	33C8	2024-11-04	01_unzip_raw_data/04_unzip_F10_batch1/plate_directories/376780/376780_ATAGCGGAATGCGCAGAGTA_S59_R1_001.fastq.gz	01_unzip_raw_data/04_unzip_F10_batch1/plate_directories/376780/376780_ATAGCGGAATGCGCAGAGTA_S59_R2_001.fastq.gz	03_rename_fastq_files/F10_batch1/_ISC_409.2_F10batch1_33C8_run1_R1.fastq.gz	03_rename_fastq_files/F10_batch1/_ISC_409.2_F10batch1_33C8_run1_R2.fastq.gz
ISC_410.1	9454x1363_rep1	ISC_410.1_F10batch1	33E12	2024-11-04	01_unzip_raw_data/04_unzip_F10_batch1/plate_directories/369396/369396_CTGGATATGTTATGTGCAAT_S93_R1_001.fastq.gz	01_unzip_raw_data/04_unzip_F10_batch1/plate_directories/369396/369396_CTGGATATGTTATGTGCAAT_S93_R2_001.fastq.gz	03_rename_fastq_files/F10_batch1/_ISC_410.1_F10batch1_33E12_run1_R1.fastq.gz	03_rename_fastq_files/F10_batch1/_ISC_410.1_F10batch1_33E12_run1_R2.fastq.gz
ISC_412.1	9455x9371_rep1	ISC_412.1_F10batch1	33D5	2024-11-04	01_unzip_raw_data/04_unzip_F10_batch1/plate_directories/375339/375339_ACTAGCGCTATTACTTCCTC_S132_R1_001.fastq.gz	01_unzip_raw_data/04_unzip_F10_batch1/plate_directories/375339/375339_ACTAGCGCTATTACTTCCTC_S132_R2_001.fastq.gz	03_rename_fastq_files/F10_batch1/_ISC_412.1_F10batch1_33D5_run1_R1.fastq.gz	03_rename_fastq_files/F10_batch1/_ISC_412.1_F10batch1_33D5_run1_R2.fastq.gz
ISC_413.2	9455x9371_rep2	ISC_413.2_F10batch1	33B3	2024-11-04	01_unzip_raw_data/04_unzip_F10_batch1/plate_directories/375339/375339_AGCTACTATAGTTATATGGC_S114_R1_001.fastq.gz	01_unzip_raw_data/04_unzip_F10_batch1/plate_directories/375339/375339_AGCTACTATAGTTATATGGC_S114_R2_001.fastq.gz	03_rename_fastq_files/F10_batch1/_ISC_413.2_F10batch1_33B3_run1_R1.fastq.gz	03_rename_fastq_files/F10_batch1/_ISC_413.2_F10batch1_33B3_run1_R2.fastq.gz
ISC_414.1	9470x6107_rep1	ISC_414.1_F10batch1	33E3	2024-11-04	01_unzip_raw_data/04_unzip_F10_batch1/plate_directories/375338/375338_AGTCAACCATGGCCTGTCCT_S21_R1_001.fastq.gz	01_unzip_raw_data/04_unzip_F10_batch1/plate_directories/375338/375338_AGTCAACCATGGCCTGTCCT_S21_R2_001.fastq.gz	03_rename_fastq_files/F10_batch1/_ISC_414.1_F10batch1_33E3_run1_R1.fastq.gz	03_rename_fastq_files/F10_batch1/_ISC_414.1_F10batch1_33E3_run1_R2.fastq.gz
ISC_415.2	9470x6107_rep2	ISC_415.2_F10batch1	33A4	2024-11-04	01_unzip_raw_data/04_unzip_F10_batch1/plate_directories/369397/369397_AGAGAACCTAGGTTATGCTA_S121_R1_001.fastq.gz	01_unzip_raw_data/04_unzip_F10_batch1/plate_directories/369397/369397_AGAGAACCTAGGTTATGCTA_S121_R2_001.fastq.gz	03_rename_fastq_files/F10_batch1/_ISC_415.2_F10batch1_33A4_run1_R1.fastq.gz	03_rename_fastq_files/F10_batch1/_ISC_415.2_F10batch1_33A4_run1_R2.fastq.gz
ISC_416.1	9471x9450_rep1	ISC_416.1_F10batch1	33G3	2024-11-04	01_unzip_raw_data/04_unzip_F10_batch1/plate_directories/369396/369396_AACAAGGCGTTAAGGAACGT_S23_R1_001.fastq.gz	01_unzip_raw_data/04_unzip_F10_batch1/plate_directories/369396/369396_AACAAGGCGTTAAGGAACGT_S23_R2_001.fastq.gz	03_rename_fastq_files/F10_batch1/_ISC_416.1_F10batch1_33G3_run1_R1.fastq.gz	03_rename_fastq_files/F10_batch1/_ISC_416.1_F10batch1_33G3_run1_R2.fastq.gz
ISC_417.2	9471x9450_rep2	ISC_417.2_F10batch1	33C2	2024-11-04	01_unzip_raw_data/04_unzip_F10_batch1/plate_directories/376780/376780_GAACGCAATAATCTTACTGT_S11_R1_001.fastq.gz	01_unzip_raw_data/04_unzip_F10_batch1/plate_directories/376780/376780_GAACGCAATAATCTTACTGT_S11_R2_001.fastq.gz	03_rename_fastq_files/F10_batch1/_ISC_417.2_F10batch1_33C2_run1_R1.fastq.gz	03_rename_fastq_files/F10_batch1/_ISC_417.2_F10batch1_33C2_run1_R2.fastq.gz
ISC_418.1	9476x991_rep1	ISC_418.1_F10batch1	33E1	2024-11-04	01_unzip_raw_data/04_unzip_F10_batch1/plate_directories/369397/369397_ATATGCATGTTGGTGCCTGG_S101_R1_001.fastq.gz	01_unzip_raw_data/04_unzip_F10_batch1/plate_directories/369397/369397_ATATGCATGTTGGTGCCTGG_S101_R2_001.fastq.gz	03_rename_fastq_files/F10_batch1/_ISC_418.1_F10batch1_33E1_run1_R1.fastq.gz	03_rename_fastq_files/F10_batch1/_ISC_418.1_F10batch1_33E1_run1_R2.fastq.gz
ISC_419.2	9476x991_rep2	ISC_419.2_F10batch1	33F2	2024-11-04	01_unzip_raw_data/04_unzip_F10_batch1/plate_directories/375339/375339_CTGGAACTGTCGTAATTAAC_S110_R1_001.fastq.gz	01_unzip_raw_data/04_unzip_F10_batch1/plate_directories/375339/375339_CTGGAACTGTCGTAATTAAC_S110_R2_001.fastq.gz	03_rename_fastq_files/F10_batch1/_ISC_419.2_F10batch1_33F2_run1_R1.fastq.gz	03_rename_fastq_files/F10_batch1/_ISC_419.2_F10batch1_33F2_run1_R2.fastq.gz
ISC_420.1	9481x9399_rep1	ISC_420.1_F10batch1	33E2	2024-11-04	01_unzip_raw_data/04_unzip_F10_batch1/plate_directories/369396/369396_TAATGGCAAGATCACGAAGG_S13_R1_001.fastq.gz	01_unzip_raw_data/04_unzip_F10_batch1/plate_directories/369396/369396_TAATGGCAAGATCACGAAGG_S13_R2_001.fastq.gz	03_rename_fastq_files/F10_batch1/_ISC_420.1_F10batch1_33E2_run1_R1.fastq.gz	03_rename_fastq_files/F10_batch1/_ISC_420.1_F10batch1_33E2_run1_R2.fastq.gz
ISC_421.2	9481x9399_rep2	ISC_421.2_F10batch1	33C3	2024-11-04	01_unzip_raw_data/04_unzip_F10_batch1/plate_directories/375339/375339_CCACCGGAGTGCCTGCCATG_S115_R1_001.fastq.gz	01_unzip_raw_data/04_unzip_F10_batch1/plate_directories/375339/375339_CCACCGGAGTGCCTGCCATG_S115_R2_001.fastq.gz	03_rename_fastq_files/F10_batch1/_ISC_421.2_F10batch1_33C3_run1_R1.fastq.gz	03_rename_fastq_files/F10_batch1/_ISC_421.2_F10batch1_33C3_run1_R2.fastq.gz
ISC_422.1	991x6210_rep1	ISC_422.1_F10batch1	33E7	2024-11-04	01_unzip_raw_data/04_unzip_F10_batch1/plate_directories/375339/375339_CACTAGACCAACTGCCTTAT_S149_R1_001.fastq.gz	01_unzip_raw_data/04_unzip_F10_batch1/plate_directories/375339/375339_CACTAGACCAACTGCCTTAT_S149_R2_001.fastq.gz	03_rename_fastq_files/F10_batch1/_ISC_422.1_F10batch1_33E7_run1_R1.fastq.gz	03_rename_fastq_files/F10_batch1/_ISC_422.1_F10batch1_33E7_run1_R2.fastq.gz
ISC_423.2	991x6210_rep2	ISC_423.2_F10batch1	33D3	2024-11-04	01_unzip_raw_data/04_unzip_F10_batch1/plate_directories/375339/375339_CTTACCGCACTAAGACCTAT_S116_R1_001.fastq.gz	01_unzip_raw_data/04_unzip_F10_batch1/plate_directories/375339/375339_CTTACCGCACTAAGACCTAT_S116_R2_001.fastq.gz	03_rename_fastq_files/F10_batch1/_ISC_423.2_F10batch1_33D3_run1_R1.fastq.gz	03_rename_fastq_files/F10_batch1/_ISC_423.2_F10batch1_33D3_run1_R2.fastq.gz
ISC_424.1	992x9332_rep1	ISC_424.1_F10batch1	33G5	2024-11-04	01_unzip_raw_data/04_unzip_F10_batch1/plate_directories/369396/369396_CAGCCGATTGGCTGTAGGAA_S39_R1_001.fastq.gz	01_unzip_raw_data/04_unzip_F10_batch1/plate_directories/369396/369396_CAGCCGATTGGCTGTAGGAA_S39_R2_001.fastq.gz	03_rename_fastq_files/F10_batch1/_ISC_424.1_F10batch1_33G5_run1_R1.fastq.gz	03_rename_fastq_files/F10_batch1/_ISC_424.1_F10batch1_33G5_run1_R2.fastq.gz
ISC_425.2	992x9332_rep2	ISC_425.2_F10batch1	33E11	2024-11-04	01_unzip_raw_data/04_unzip_F10_batch1/plate_directories/375339/375339_CGATCTGTGATAGGAAGACT_S181_R1_001.fastq.gz	01_unzip_raw_data/04_unzip_F10_batch1/plate_directories/375339/375339_CGATCTGTGATAGGAAGACT_S181_R2_001.fastq.gz	03_rename_fastq_files/F10_batch1/_ISC_425.2_F10batch1_33E11_run1_R1.fastq.gz	03_rename_fastq_files/F10_batch1/_ISC_425.2_F10batch1_33E11_run1_R2.fastq.gz
ISC_426.1	997x8307_rep1	ISC_426.1_F10batch1	33F7	2024-11-04	01_unzip_raw_data/04_unzip_F10_batch1/plate_directories/376780/376780_TAGAGAATACTATAGATTCG_S54_R1_001.fastq.gz	01_unzip_raw_data/04_unzip_F10_batch1/plate_directories/376780/376780_TAGAGAATACTATAGATTCG_S54_R2_001.fastq.gz	03_rename_fastq_files/F10_batch1/_ISC_426.1_F10batch1_33F7_run1_R1.fastq.gz	03_rename_fastq_files/F10_batch1/_ISC_426.1_F10batch1_33F7_run1_R2.fastq.gz
ISC_427.2	997x8307_rep2	ISC_427.2_F10batch1	33E5	2024-11-04	01_unzip_raw_data/04_unzip_F10_batch1/plate_directories/369396/369396_GTCGATTACAGATCACCGCG_S37_R1_001.fastq.gz	01_unzip_raw_data/04_unzip_F10_batch1/plate_directories/369396/369396_GTCGATTACAGATCACCGCG_S37_R2_001.fastq.gz	03_rename_fastq_files/F10_batch1/_ISC_427.2_F10batch1_33E5_run1_R1.fastq.gz	03_rename_fastq_files/F10_batch1/_ISC_427.2_F10batch1_33E5_run1_R2.fastq.gz
ISC_428.2	9369x9434_rep2	ISC_428.2_F10batch1	33F6	2024-11-04	01_unzip_raw_data/04_unzip_F10_batch1/plate_directories/369396/369396_TAATGGATCTATCTCTACCA_S46_R1_001.fastq.gz	01_unzip_raw_data/04_unzip_F10_batch1/plate_directories/369396/369396_TAATGGATCTATCTCTACCA_S46_R2_001.fastq.gz	03_rename_fastq_files/F10_batch1/_ISC_428.2_F10batch1_33F6_run1_R1.fastq.gz	03_rename_fastq_files/F10_batch1/_ISC_428.2_F10batch1_33F6_run1_R2.fastq.gz
