line	legacy_line_name	sample_alias	library_name	collection_date	source_fastq_R1	source_fastq_R2	target_fastq_R1	target_fastq_R2
ISC_001.1	1002x6038_rep1	ISC_001.1_F8lowcov	4G4	2022-12-03	01_unzip_raw_data/02_unzip_lowcov_F8/H32TKDSX5_3_R14689_20230126/demultiplexed/216111/216111_GCTGACGTTGTGTTCGCATT_S223_L003_R1_001.fastq.gz	01_unzip_raw_data/02_unzip_lowcov_F8/H32TKDSX5_3_R14689_20230126/demultiplexed/216111/216111_GCTGACGTTGTGTTCGCATT_S223_L003_R2_001.fastq.gz	03_rename_fastq_files/F8_low_cov/ISC_001.1_F8lowcov_4G4_run1_R1.fastq.gz	03_rename_fastq_files/F8_low_cov/ISC_001.1_F8lowcov_4G4_run1_R2.fastq.gz
ISC_001.1	1002x6038_rep1	ISC_001.1_F8lowcov	4G4	2022-12-03	01_unzip_raw_data/02_unzip_lowcov_F8/H32TKDSX5_4_R14689_20230126/demultiplexed/216111/216111_GCTGACGTTGTGTTCGCATT_S223_L004_R1_001.fastq.gz	01_unzip_raw_data/02_unzip_lowcov_F8/H32TKDSX5_4_R14689_20230126/demultiplexed/216111/216111_GCTGACGTTGTGTTCGCATT_S223_L004_R2_001.fastq.gz	03_rename_fastq_files/F8_low_cov/ISC_001.1_F8lowcov_4G4_run2_R1.fastq.gz	03_rename_fastq_files/F8_low_cov/ISC_001.1_F8lowcov_4G4_run2_R2.fastq.gz
ISC_002.2	1002x6038_rep2	ISC_002.2_F8lowcov	3G6	2022-12-03	01_unzip_raw_data/02_unzip_lowcov_F8/H32TKDSX5_3_R14689_20230126/demultiplexed/216112/216112_AAGGAAGAGTCACGTTAGGC_S143_L003_R1_001.fastq.gz	01_unzip_raw_data/02_unzip_lowcov_F8/H32TKDSX5_3_R14689_20230126/demultiplexed/216112/216112_AAGGAAGAGTCACGTTAGGC_S143_L003_R2_001.fastq.gz	03_rename_fastq_files/F8_low_cov/ISC_002.2_F8lowcov_3G6_run1_R1.fastq.gz	03_rename_fastq_files/F8_low_cov/ISC_002.2_F8lowcov_3G6_run1_R2.fastq.gz
ISC_002.2	1002x6038_rep2	ISC_002.2_F8lowcov	3G6	2022-12-03	01_unzip_raw_data/02_unzip_lowcov_F8/H32TKDSX5_4_R14689_20230126/demultiplexed/216112/216112_AAGGAAGAGTCACGTTAGGC_S143_L004_R1_001.fastq.gz	01_unzip_raw_data/02_unzip_lowcov_F8/H32TKDSX5_4_R14689_20230126/demultiplexed/216112/216112_AAGGAAGAGTCACGTTAGGC_S143_L004_R2_001.fastq.gz	03_rename_fastq_files/F8_low_cov/ISC_002.2_F8lowcov_3G6_run2_R1.fastq.gz	03_rename_fastq_files/F8_low_cov/ISC_002.2_F8lowcov_3G6_run2_R2.fastq.gz
ISC_003.1	1002x6244_rep1	ISC_003.1_F8lowcov	3D1	2022-12-03	01_unzip_raw_data/02_unzip_lowcov_F8/H32TKDSX5_3_R14689_20230126/demultiplexed/216112/216112_GCGTGGATGGTTGACCAATG_S100_L003_R1_001.fastq.gz	01_unzip_raw_data/02_unzip_lowcov_F8/H32TKDSX5_3_R14689_20230126/demultiplexed/216112/216112_GCGTGGATGGTTGACCAATG_S100_L003_R2_001.fastq.gz	03_rename_fastq_files/F8_low_cov/ISC_003.1_F8lowcov_3D1_run1_R1.fastq.gz	03_rename_fastq_files/F8_low_cov/ISC_003.1_F8lowcov_3D1_run1_R2.fastq.gz
ISC_003.1	1002x6244_rep1	ISC_003.1_F8lowcov	3D1	2022-12-03	01_unzip_raw_data/02_unzip_lowcov_F8/H32TKDSX5_4_R14689_20230126/demultiplexed/216112/216112_GCGTGGATGGTTGACCAATG_S100_L004_R1_001.fastq.gz	01_unzip_raw_data/02_unzip_lowcov_F8/H32TKDSX5_4_R14689_20230126/demultiplexed/216112/216112_GCGTGGATGGTTGACCAATG_S100_L004_R2_001.fastq.gz	03_rename_fastq_files/F8_low_cov/ISC_003.1_F8lowcov_3D1_run2_R1.fastq.gz	03_rename_fastq_files/F8_low_cov/ISC_003.1_F8lowcov_3D1_run2_R2.fastq.gz
ISC_004.2	1002x6244_rep2	ISC_004.2_F8lowcov	3B1	2022-12-03	01_unzip_raw_data/02_unzip_lowcov_F8/H32TKDSX5_3_R14689_20230126/demultiplexed/216112/216112_CGAGGCCAAGGTGTTACCGG_S98_L003_R1_001.fastq.gz	01_unzip_raw_data/02_unzip_lowcov_F8/H32TKDSX5_3_R14689_20230126/demultiplexed/216112/216112_CGAGGCCAAGGTGTTACCGG_S98_L003_R2_001.fastq.gz	03_rename_fastq_files/F8_low_cov/ISC_004.2_F8lowcov_3B1_run1_R1.fastq.gz	03_rename_fastq_files/F8_low_cov/ISC_004.2_F8lowcov_3B1_run1_R2.fastq.gz
ISC_004.2	1002x6244_rep2	ISC_004.2_F8lowcov	3B1	2022-12-03	01_unzip_raw_data/02_unzip_lowcov_F8/H32TKDSX5_4_R14689_20230126/demultiplexed/216112/216112_CGAGGCCAAGGTGTTACCGG_S98_L004_R1_001.fastq.gz	01_unzip_raw_data/02_unzip_lowcov_F8/H32TKDSX5_4_R14689_20230126/demultiplexed/216112/216112_CGAGGCCAAGGTGTTACCGG_S98_L004_R2_001.fastq.gz	03_rename_fastq_files/F8_low_cov/ISC_004.2_F8lowcov_3B1_run2_R1.fastq.gz	03_rename_fastq_files/F8_low_cov/ISC_004.2_F8lowcov_3B1_run2_R2.fastq.gz
ISC_005.1	1061x6131_rep1	ISC_005.1_F8lowcov	4E3	2022-12-03	01_unzip_raw_data/02_unzip_lowcov_F8/H32TKDSX5_3_R14689_20230126/demultiplexed/216111/216111_CCGTGACCGACCGAACGTTG_S213_L003_R1_001.fastq.gz	01_unzip_raw_data/02_unzip_lowcov_F8/H32TKDSX5_3_R14689_20230126/demultiplexed/216111/216111_CCGTGACCGACCGAACGTTG_S213_L003_R2_001.fastq.gz	03_rename_fastq_files/F8_low_cov/ISC_005.1_F8lowcov_4E3_run1_R1.fastq.gz	03_rename_fastq_files/F8_low_cov/ISC_005.1_F8lowcov_4E3_run1_R2.fastq.gz
ISC_005.1	1061x6131_rep1	ISC_005.1_F8lowcov	4E3	2022-12-03	01_unzip_raw_data/02_unzip_lowcov_F8/H32TKDSX5_4_R14689_20230126/demultiplexed/216111/216111_CCGTGACCGACCGAACGTTG_S213_L004_R1_001.fastq.gz	01_unzip_raw_data/02_unzip_lowcov_F8/H32TKDSX5_4_R14689_20230126/demultiplexed/216111/216111_CCGTGACCGACCGAACGTTG_S213_L004_R2_001.fastq.gz	03_rename_fastq_files/F8_low_cov/ISC_005.1_F8lowcov_4E3_run2_R1.fastq.gz	03_rename_fastq_files/F8_low_cov/ISC_005.1_F8lowcov_4E3_run2_R2.fastq.gz
ISC_006.2	1061x6131_rep2	ISC_006.2_F8lowcov	4B9	2022-12-03	01_unzip_raw_data/02_unzip_lowcov_F8/H32TKDSX5_3_R14689_20230126/demultiplexed/216111/216111_TTAACGGTGTTCCTGACCGT_S258_L003_R1_001.fastq.gz	01_unzip_raw_data/02_unzip_lowcov_F8/H32TKDSX5_3_R14689_20230126/demultiplexed/216111/216111_TTAACGGTGTTCCTGACCGT_S258_L003_R2_001.fastq.gz	03_rename_fastq_files/F8_low_cov/ISC_006.2_F8lowcov_4B9_run1_R1.fastq.gz	03_rename_fastq_files/F8_low_cov/ISC_006.2_F8lowcov_4B9_run1_R2.fastq.gz
ISC_006.2	1061x6131_rep2	ISC_006.2_F8lowcov	4B9	2022-12-03	01_unzip_raw_data/02_unzip_lowcov_F8/H32TKDSX5_4_R14689_20230126/demultiplexed/216111/216111_TTAACGGTGTTCCTGACCGT_S258_L004_R1_001.fastq.gz	01_unzip_raw_data/02_unzip_lowcov_F8/H32TKDSX5_4_R14689_20230126/demultiplexed/216111/216111_TTAACGGTGTTCCTGACCGT_S258_L004_R2_001.fastq.gz	03_rename_fastq_files/F8_low_cov/ISC_006.2_F8lowcov_4B9_run2_R1.fastq.gz	03_rename_fastq_files/F8_low_cov/ISC_006.2_F8lowcov_4B9_run2_R2.fastq.gz
ISC_007.1	1062x6108_rep1	ISC_007.1_F8lowcov	3B8	2022-12-03	01_unzip_raw_data/02_unzip_lowcov_F8/H32TKDSX5_3_R14689_20230126/demultiplexed/216112/216112_CAACGTTCGGGGATCCGCAT_S154_L003_R1_001.fastq.gz	01_unzip_raw_data/02_unzip_lowcov_F8/H32TKDSX5_3_R14689_20230126/demultiplexed/216112/216112_CAACGTTCGGGGATCCGCAT_S154_L003_R2_001.fastq.gz	03_rename_fastq_files/F8_low_cov/ISC_007.1_F8lowcov_3B8_run1_R1.fastq.gz	03_rename_fastq_files/F8_low_cov/ISC_007.1_F8lowcov_3B8_run1_R2.fastq.gz
ISC_007.1	1062x6108_rep1	ISC_007.1_F8lowcov	3B8	2022-12-03	01_unzip_raw_data/02_unzip_lowcov_F8/H32TKDSX5_4_R14689_20230126/demultiplexed/216112/216112_CAACGTTCGGGGATCCGCAT_S154_L004_R1_001.fastq.gz	01_unzip_raw_data/02_unzip_lowcov_F8/H32TKDSX5_4_R14689_20230126/demultiplexed/216112/216112_CAACGTTCGGGGATCCGCAT_S154_L004_R2_001.fastq.gz	03_rename_fastq_files/F8_low_cov/ISC_007.1_F8lowcov_3B8_run2_R1.fastq.gz	03_rename_fastq_files/F8_low_cov/ISC_007.1_F8lowcov_3B8_run2_R2.fastq.gz
ISC_008.2	1062x6108_rep2	ISC_008.2_F8lowcov	1G1	2022-12-03	01_unzip_raw_data/02_unzip_lowcov_F8/H32TKDSX5_3_R14689_20230126/demultiplexed/216113/216113_TGCAATGAATCCAGAAGTAA_S7_L003_R1_001.fastq.gz	01_unzip_raw_data/02_unzip_lowcov_F8/H32TKDSX5_3_R14689_20230126/demultiplexed/216113/216113_TGCAATGAATCCAGAAGTAA_S7_L003_R2_001.fastq.gz	03_rename_fastq_files/F8_low_cov/ISC_008.2_F8lowcov_1G1_run1_R1.fastq.gz	03_rename_fastq_files/F8_low_cov/ISC_008.2_F8lowcov_1G1_run1_R2.fastq.gz
ISC_008.2	1062x6108_rep2	ISC_008.2_F8lowcov	1G1	2022-12-03	01_unzip_raw_data/02_unzip_lowcov_F8/H32TKDSX5_4_R14689_20230126/demultiplexed/216113/216113_TGCAATGAATCCAGAAGTAA_S7_L004_R1_001.fastq.gz	01_unzip_raw_data/02_unzip_lowcov_F8/H32TKDSX5_4_R14689_20230126/demultiplexed/216113/216113_TGCAATGAATCCAGAAGTAA_S7_L004_R2_001.fastq.gz	03_rename_fastq_files/F8_low_cov/ISC_008.2_F8lowcov_1G1_run2_R1.fastq.gz	03_rename_fastq_files/F8_low_cov/ISC_008.2_F8lowcov_1G1_run2_R2.fastq.gz
ISC_009.1	1063x1435_rep1	ISC_009.1_F8lowcov	1F6	2022-12-03	01_unzip_raw_data/02_unzip_lowcov_F8/H32TKDSX5_3_R14689_20230126/demultiplexed/216113/216113_AATGACTGGTTCTCACGCGT_S46_L003_R1_001.fastq.gz	01_unzip_raw_data/02_unzip_lowcov_F8/H32TKDSX5_3_R14689_20230126/demultiplexed/216113/216113_AATGACTGGTTCTCACGCGT_S46_L003_R2_001.fastq.gz	03_rename_fastq_files/F8_low_cov/ISC_009.1_F8lowcov_1F6_run1_R1.fastq.gz	03_rename_fastq_files/F8_low_cov/ISC_009.1_F8lowcov_1F6_run1_R2.fastq.gz
ISC_009.1	1063x1435_rep1	ISC_009.1_F8lowcov	1F6	2022-12-03	01_unzip_raw_data/02_unzip_lowcov_F8/H32TKDSX5_4_R14689_20230126/demultiplexed/216113/216113_AATGACTGGTTCTCACGCGT_S46_L004_R1_001.fastq.gz	01_unzip_raw_data/02_unzip_lowcov_F8/H32TKDSX5_4_R14689_20230126/demultiplexed/216113/216113_AATGACTGGTTCTCACGCGT_S46_L004_R2_001.fastq.gz	03_rename_fastq_files/F8_low_cov/ISC_009.1_F8lowcov_1F6_run2_R1.fastq.gz	03_rename_fastq_files/F8_low_cov/ISC_009.1_F8lowcov_1F6_run2_R2.fastq.gz
ISC_010.2	1063x1435_rep2	ISC_010.2_F8lowcov	1B2	2022-12-03	01_unzip_raw_data/02_unzip_lowcov_F8/H32TKDSX5_3_R14689_20230126/demultiplexed/216113/216113_AGGAGTCGAGTTAGGCTTAC_S10_L003_R1_001.fastq.gz	01_unzip_raw_data/02_unzip_lowcov_F8/H32TKDSX5_3_R14689_20230126/demultiplexed/216113/216113_AGGAGTCGAGTTAGGCTTAC_S10_L003_R2_001.fastq.gz	03_rename_fastq_files/F8_low_cov/ISC_010.2_F8lowcov_1B2_run1_R1.fastq.gz	03_rename_fastq_files/F8_low_cov/ISC_010.2_F8lowcov_1B2_run1_R2.fastq.gz
ISC_010.2	1063x1435_rep2	ISC_010.2_F8lowcov	1B2	2022-12-03	01_unzip_raw_data/02_unzip_lowcov_F8/H32TKDSX5_4_R14689_20230126/demultiplexed/216113/216113_AGGAGTCGAGTTAGGCTTAC_S10_L004_R1_001.fastq.gz	01_unzip_raw_data/02_unzip_lowcov_F8/H32TKDSX5_4_R14689_20230126/demultiplexed/216113/216113_AGGAGTCGAGTTAGGCTTAC_S10_L004_R2_001.fastq.gz	03_rename_fastq_files/F8_low_cov/ISC_010.2_F8lowcov_1B2_run2_R1.fastq.gz	03_rename_fastq_files/F8_low_cov/ISC_010.2_F8lowcov_1B2_run2_R2.fastq.gz
ISC_011.1	1137x1074_rep1	ISC_011.1_F8lowcov	4A9	2022-12-03	01_unzip_raw_data/02_unzip_lowcov_F8/H32TKDSX5_3_R14689_20230126/demultiplexed/216111/216111_AATTCCATCTCTTCAGTTAC_S257_L003_R1_001.fastq.gz	01_unzip_raw_data/02_unzip_lowcov_F8/H32TKDSX5_3_R14689_20230126/demultiplexed/216111/216111_AATTCCATCTCTTCAGTTAC_S257_L003_R2_001.fastq.gz	03_rename_fastq_files/F8_low_cov/ISC_011.1_F8lowcov_4A9_run1_R1.fastq.gz	03_rename_fastq_files/F8_low_cov/ISC_011.1_F8lowcov_4A9_run1_R2.fastq.gz
ISC_011.1	1137x1074_rep1	ISC_011.1_F8lowcov	4A9	2022-12-03	01_unzip_raw_data/02_unzip_lowcov_F8/H32TKDSX5_4_R14689_20230126/demultiplexed/216111/216111_AATTCCATCTCTTCAGTTAC_S257_L004_R1_001.fastq.gz	01_unzip_raw_data/02_unzip_lowcov_F8/H32TKDSX5_4_R14689_20230126/demultiplexed/216111/216111_AATTCCATCTCTTCAGTTAC_S257_L004_R2_001.fastq.gz	03_rename_fastq_files/F8_low_cov/ISC_011.1_F8lowcov_4A9_run2_R1.fastq.gz	03_rename_fastq_files/F8_low_cov/ISC_011.1_F8lowcov_4A9_run2_R2.fastq.gz
ISC_012.2	1137x1074_rep2	ISC_012.2_F8lowcov	3D5	2022-12-03	01_unzip_raw_data/02_unzip_lowcov_F8/H32TKDSX5_3_R14689_20230126/demultiplexed/216112/216112_ACTAGCGCTATTACTTCCTC_S132_L003_R1_001.fastq.gz	01_unzip_raw_data/02_unzip_lowcov_F8/H32TKDSX5_3_R14689_20230126/demultiplexed/216112/216112_ACTAGCGCTATTACTTCCTC_S132_L003_R2_001.fastq.gz	03_rename_fastq_files/F8_low_cov/ISC_012.2_F8lowcov_3D5_run1_R1.fastq.gz	03_rename_fastq_files/F8_low_cov/ISC_012.2_F8lowcov_3D5_run1_R2.fastq.gz
ISC_012.2	1137x1074_rep2	ISC_012.2_F8lowcov	3D5	2022-12-03	01_unzip_raw_data/02_unzip_lowcov_F8/H32TKDSX5_4_R14689_20230126/demultiplexed/216112/216112_ACTAGCGCTATTACTTCCTC_S132_L004_R1_001.fastq.gz	01_unzip_raw_data/02_unzip_lowcov_F8/H32TKDSX5_4_R14689_20230126/demultiplexed/216112/216112_ACTAGCGCTATTACTTCCTC_S132_L004_R2_001.fastq.gz	03_rename_fastq_files/F8_low_cov/ISC_012.2_F8lowcov_3D5_run2_R1.fastq.gz	03_rename_fastq_files/F8_low_cov/ISC_012.2_F8lowcov_3D5_run2_R2.fastq.gz
ISC_013.1	1137x6237_rep1	ISC_013.1_F8lowcov	2D5	2022-12-03	01_unzip_raw_data/02_unzip_lowcov_F8/H32TKDSX5_3_R14689_20230126/demultiplexed/216110/216110_TACGGCCGGTTGGCAATATT_S324_L003_R1_001.fastq.gz	01_unzip_raw_data/02_unzip_lowcov_F8/H32TKDSX5_3_R14689_20230126/demultiplexed/216110/216110_TACGGCCGGTTGGCAATATT_S324_L003_R2_001.fastq.gz	03_rename_fastq_files/F8_low_cov/ISC_013.1_F8lowcov_2D5_run1_R1.fastq.gz	03_rename_fastq_files/F8_low_cov/ISC_013.1_F8lowcov_2D5_run1_R2.fastq.gz
ISC_013.1	1137x6237_rep1	ISC_013.1_F8lowcov	2D5	2022-12-03	01_unzip_raw_data/02_unzip_lowcov_F8/H32TKDSX5_4_R14689_20230126/demultiplexed/216110/216110_TACGGCCGGTTGGCAATATT_S324_L004_R1_001.fastq.gz	01_unzip_raw_data/02_unzip_lowcov_F8/H32TKDSX5_4_R14689_20230126/demultiplexed/216110/216110_TACGGCCGGTTGGCAATATT_S324_L004_R2_001.fastq.gz	03_rename_fastq_files/F8_low_cov/ISC_013.1_F8lowcov_2D5_run2_R1.fastq.gz	03_rename_fastq_files/F8_low_cov/ISC_013.1_F8lowcov_2D5_run2_R2.fastq.gz
ISC_014.2	1137x6237_rep2	ISC_014.2_F8lowcov	2F5	2022-12-03	01_unzip_raw_data/02_unzip_lowcov_F8/H32TKDSX5_3_R14689_20230126/demultiplexed/216110/216110_CTGTCTGCACTACCATCCGT_S326_L003_R1_001.fastq.gz	01_unzip_raw_data/02_unzip_lowcov_F8/H32TKDSX5_3_R14689_20230126/demultiplexed/216110/216110_CTGTCTGCACTACCATCCGT_S326_L003_R2_001.fastq.gz	03_rename_fastq_files/F8_low_cov/ISC_014.2_F8lowcov_2F5_run1_R1.fastq.gz	03_rename_fastq_files/F8_low_cov/ISC_014.2_F8lowcov_2F5_run1_R2.fastq.gz
ISC_014.2	1137x6237_rep2	ISC_014.2_F8lowcov	2F5	2022-12-03	01_unzip_raw_data/02_unzip_lowcov_F8/H32TKDSX5_4_R14689_20230126/demultiplexed/216110/216110_CTGTCTGCACTACCATCCGT_S326_L004_R1_001.fastq.gz	01_unzip_raw_data/02_unzip_lowcov_F8/H32TKDSX5_4_R14689_20230126/demultiplexed/216110/216110_CTGTCTGCACTACCATCCGT_S326_L004_R2_001.fastq.gz	03_rename_fastq_files/F8_low_cov/ISC_014.2_F8lowcov_2F5_run2_R1.fastq.gz	03_rename_fastq_files/F8_low_cov/ISC_014.2_F8lowcov_2F5_run2_R2.fastq.gz
ISC_015.1	1158x6092_rep1	ISC_015.1_F8lowcov	4G1	2022-12-03	01_unzip_raw_data/02_unzip_lowcov_F8/H32TKDSX5_3_R14689_20230126/demultiplexed/216111/216111_TCCGTTATGTTTGTAGTGTA_S199_L003_R1_001.fastq.gz	01_unzip_raw_data/02_unzip_lowcov_F8/H32TKDSX5_3_R14689_20230126/demultiplexed/216111/216111_TCCGTTATGTTTGTAGTGTA_S199_L003_R2_001.fastq.gz	03_rename_fastq_files/F8_low_cov/ISC_015.1_F8lowcov_4G1_run1_R1.fastq.gz	03_rename_fastq_files/F8_low_cov/ISC_015.1_F8lowcov_4G1_run1_R2.fastq.gz
ISC_015.1	1158x6092_rep1	ISC_015.1_F8lowcov	4G1	2022-12-03	01_unzip_raw_data/02_unzip_lowcov_F8/H32TKDSX5_4_R14689_20230126/demultiplexed/216111/216111_TCCGTTATGTTTGTAGTGTA_S199_L004_R1_001.fastq.gz	01_unzip_raw_data/02_unzip_lowcov_F8/H32TKDSX5_4_R14689_20230126/demultiplexed/216111/216111_TCCGTTATGTTTGTAGTGTA_S199_L004_R2_001.fastq.gz	03_rename_fastq_files/F8_low_cov/ISC_015.1_F8lowcov_4G1_run2_R1.fastq.gz	03_rename_fastq_files/F8_low_cov/ISC_015.1_F8lowcov_4G1_run2_R2.fastq.gz
ISC_016.2	1158x6092_rep2	ISC_016.2_F8lowcov	3B5	2022-12-03	01_unzip_raw_data/02_unzip_lowcov_F8/H32TKDSX5_3_R14689_20230126/demultiplexed/216112/216112_CGCCATATCTGACCGGAGAT_S130_L003_R1_001.fastq.gz	01_unzip_raw_data/02_unzip_lowcov_F8/H32TKDSX5_3_R14689_20230126/demultiplexed/216112/216112_CGCCATATCTGACCGGAGAT_S130_L003_R2_001.fastq.gz	03_rename_fastq_files/F8_low_cov/ISC_016.2_F8lowcov_3B5_run1_R1.fastq.gz	03_rename_fastq_files/F8_low_cov/ISC_016.2_F8lowcov_3B5_run1_R2.fastq.gz
ISC_016.2	1158x6092_rep2	ISC_016.2_F8lowcov	3B5	2022-12-03	01_unzip_raw_data/02_unzip_lowcov_F8/H32TKDSX5_4_R14689_20230126/demultiplexed/216112/216112_CGCCATATCTGACCGGAGAT_S130_L004_R1_001.fastq.gz	01_unzip_raw_data/02_unzip_lowcov_F8/H32TKDSX5_4_R14689_20230126/demultiplexed/216112/216112_CGCCATATCTGACCGGAGAT_S130_L004_R2_001.fastq.gz	03_rename_fastq_files/F8_low_cov/ISC_016.2_F8lowcov_3B5_run2_R1.fastq.gz	03_rename_fastq_files/F8_low_cov/ISC_016.2_F8lowcov_3B5_run2_R2.fastq.gz
ISC_017.1	1254x6076_rep1	ISC_017.1_F8lowcov	2D2	2022-12-03	01_unzip_raw_data/02_unzip_lowcov_F8/H32TKDSX5_3_R14689_20230126/demultiplexed/216110/216110_CCTATGACTCGTGTGGCGCT_S300_L003_R1_001.fastq.gz	01_unzip_raw_data/02_unzip_lowcov_F8/H32TKDSX5_3_R14689_20230126/demultiplexed/216110/216110_CCTATGACTCGTGTGGCGCT_S300_L003_R2_001.fastq.gz	03_rename_fastq_files/F8_low_cov/ISC_017.1_F8lowcov_2D2_run1_R1.fastq.gz	03_rename_fastq_files/F8_low_cov/ISC_017.1_F8lowcov_2D2_run1_R2.fastq.gz
ISC_017.1	1254x6076_rep1	ISC_017.1_F8lowcov	2D2	2022-12-03	01_unzip_raw_data/02_unzip_lowcov_F8/H32TKDSX5_4_R14689_20230126/demultiplexed/216110/216110_CCTATGACTCGTGTGGCGCT_S300_L004_R1_001.fastq.gz	01_unzip_raw_data/02_unzip_lowcov_F8/H32TKDSX5_4_R14689_20230126/demultiplexed/216110/216110_CCTATGACTCGTGTGGCGCT_S300_L004_R2_001.fastq.gz	03_rename_fastq_files/F8_low_cov/ISC_017.1_F8lowcov_2D2_run2_R1.fastq.gz	03_rename_fastq_files/F8_low_cov/ISC_017.1_F8lowcov_2D2_run2_R2.fastq.gz
ISC_018.2	1254x6076_rep2	ISC_018.2_F8lowcov	2G2	2022-12-03	01_unzip_raw_data/02_unzip_lowcov_F8/H32TKDSX5_3_R14689_20230126/demultiplexed/216110/216110_CGGCAATGGAGAATGCACGA_S303_L003_R1_001.fastq.gz	01_unzip_raw_data/02_unzip_lowcov_F8/H32TKDSX5_3_R14689_20230126/demultiplexed/216110/216110_CGGCAATGGAGAATGCACGA_S303_L003_R2_001.fastq.gz	03_rename_fastq_files/F8_low_cov/ISC_018.2_F8lowcov_2G2_run1_R1.fastq.gz	03_rename_fastq_files/F8_low_cov/ISC_018.2_F8lowcov_2G2_run1_R2.fastq.gz
ISC_018.2	1254x6076_rep2	ISC_018.2_F8lowcov	2G2	2022-12-03	01_unzip_raw_data/02_unzip_lowcov_F8/H32TKDSX5_4_R14689_20230126/demultiplexed/216110/216110_CGGCAATGGAGAATGCACGA_S303_L004_R1_001.fastq.gz	01_unzip_raw_data/02_unzip_lowcov_F8/H32TKDSX5_4_R14689_20230126/demultiplexed/216110/216110_CGGCAATGGAGAATGCACGA_S303_L004_R2_001.fastq.gz	03_rename_fastq_files/F8_low_cov/ISC_018.2_F8lowcov_2G2_run2_R1.fastq.gz	03_rename_fastq_files/F8_low_cov/ISC_018.2_F8lowcov_2G2_run2_R2.fastq.gz
ISC_019.1	1257x8334_rep1	ISC_019.1_F8lowcov	1A8	2022-12-03	01_unzip_raw_data/02_unzip_lowcov_F8/H32TKDSX5_3_R14689_20230126/demultiplexed/216113/216113_CTGAATTAGTAATTCGATCG_S57_L003_R1_001.fastq.gz	01_unzip_raw_data/02_unzip_lowcov_F8/H32TKDSX5_3_R14689_20230126/demultiplexed/216113/216113_CTGAATTAGTAATTCGATCG_S57_L003_R2_001.fastq.gz	03_rename_fastq_files/F8_low_cov/ISC_019.1_F8lowcov_1A8_run1_R1.fastq.gz	03_rename_fastq_files/F8_low_cov/ISC_019.1_F8lowcov_1A8_run1_R2.fastq.gz
ISC_019.1	1257x8334_rep1	ISC_019.1_F8lowcov	1A8	2022-12-03	01_unzip_raw_data/02_unzip_lowcov_F8/H32TKDSX5_4_R14689_20230126/demultiplexed/216113/216113_CTGAATTAGTAATTCGATCG_S57_L004_R1_001.fastq.gz	01_unzip_raw_data/02_unzip_lowcov_F8/H32TKDSX5_4_R14689_20230126/demultiplexed/216113/216113_CTGAATTAGTAATTCGATCG_S57_L004_R2_001.fastq.gz	03_rename_fastq_files/F8_low_cov/ISC_019.1_F8lowcov_1A8_run2_R1.fastq.gz	03_rename_fastq_files/F8_low_cov/ISC_019.1_F8lowcov_1A8_run2_R2.fastq.gz
ISC_020.2	1257x8334_rep2	ISC_020.2_F8lowcov	1D1	2022-12-03	01_unzip_raw_data/02_unzip_lowcov_F8/H32TKDSX5_3_R14689_20230126/demultiplexed/216113/216113_AATATTGCCACGGTGACACC_S4_L003_R1_001.fastq.gz	01_unzip_raw_data/02_unzip_lowcov_F8/H32TKDSX5_3_R14689_20230126/demultiplexed/216113/216113_AATATTGCCACGGTGACACC_S4_L003_R2_001.fastq.gz	03_rename_fastq_files/F8_low_cov/ISC_020.2_F8lowcov_1D1_run1_R1.fastq.gz	03_rename_fastq_files/F8_low_cov/ISC_020.2_F8lowcov_1D1_run1_R2.fastq.gz
ISC_020.2	1257x8334_rep2	ISC_020.2_F8lowcov	1D1	2022-12-03	01_unzip_raw_data/02_unzip_lowcov_F8/H32TKDSX5_4_R14689_20230126/demultiplexed/216113/216113_AATATTGCCACGGTGACACC_S4_L004_R1_001.fastq.gz	01_unzip_raw_data/02_unzip_lowcov_F8/H32TKDSX5_4_R14689_20230126/demultiplexed/216113/216113_AATATTGCCACGGTGACACC_S4_L004_R2_001.fastq.gz	03_rename_fastq_files/F8_low_cov/ISC_020.2_F8lowcov_1D1_run2_R1.fastq.gz	03_rename_fastq_files/F8_low_cov/ISC_020.2_F8lowcov_1D1_run2_R2.fastq.gz
ISC_021.1	1317x6276_rep1	ISC_021.1_F8lowcov	5H6	2023-01-19	01_unzip_raw_data/02_unzip_lowcov_F8/HMN2MDRX2_0_R14837_20230130/demultiplexed/219242/219242_GGAAGGAGACTGGTGAGTCT_S48_R1_001.fastq.gz	01_unzip_raw_data/02_unzip_lowcov_F8/HMN2MDRX2_0_R14837_20230130/demultiplexed/219242/219242_GGAAGGAGACTGGTGAGTCT_S48_R2_001.fastq.gz	03_rename_fastq_files/F8_low_cov/ISC_021.1_F8lowcov_5H6_run1_R1.fastq.gz	03_rename_fastq_files/F8_low_cov/ISC_021.1_F8lowcov_5H6_run1_R2.fastq.gz
ISC_022.2	1317x6276_rep2	ISC_022.2_F8lowcov	4F2	2022-12-03	01_unzip_raw_data/02_unzip_lowcov_F8/H32TKDSX5_3_R14689_20230126/demultiplexed/216111/216111_TAATTAGCGTTGGTTAAGAA_S206_L003_R1_001.fastq.gz	01_unzip_raw_data/02_unzip_lowcov_F8/H32TKDSX5_3_R14689_20230126/demultiplexed/216111/216111_TAATTAGCGTTGGTTAAGAA_S206_L003_R2_001.fastq.gz	03_rename_fastq_files/F8_low_cov/ISC_022.2_F8lowcov_4F2_run1_R1.fastq.gz	03_rename_fastq_files/F8_low_cov/ISC_022.2_F8lowcov_4F2_run1_R2.fastq.gz
ISC_022.2	1317x6276_rep2	ISC_022.2_F8lowcov	4F2	2022-12-03	01_unzip_raw_data/02_unzip_lowcov_F8/H32TKDSX5_4_R14689_20230126/demultiplexed/216111/216111_TAATTAGCGTTGGTTAAGAA_S206_L004_R1_001.fastq.gz	01_unzip_raw_data/02_unzip_lowcov_F8/H32TKDSX5_4_R14689_20230126/demultiplexed/216111/216111_TAATTAGCGTTGGTTAAGAA_S206_L004_R2_001.fastq.gz	03_rename_fastq_files/F8_low_cov/ISC_022.2_F8lowcov_4F2_run2_R1.fastq.gz	03_rename_fastq_files/F8_low_cov/ISC_022.2_F8lowcov_4F2_run2_R2.fastq.gz
ISC_023.1	1318x6035_rep1	ISC_023.1_F8lowcov	2E2	2022-12-03	01_unzip_raw_data/02_unzip_lowcov_F8/H32TKDSX5_3_R14689_20230126/demultiplexed/216110/216110_TAATGGCAAGATCACGAAGG_S301_L003_R1_001.fastq.gz	01_unzip_raw_data/02_unzip_lowcov_F8/H32TKDSX5_3_R14689_20230126/demultiplexed/216110/216110_TAATGGCAAGATCACGAAGG_S301_L003_R2_001.fastq.gz	03_rename_fastq_files/F8_low_cov/ISC_023.1_F8lowcov_2E2_run1_R1.fastq.gz	03_rename_fastq_files/F8_low_cov/ISC_023.1_F8lowcov_2E2_run1_R2.fastq.gz
ISC_023.1	1318x6035_rep1	ISC_023.1_F8lowcov	2E2	2022-12-03	01_unzip_raw_data/02_unzip_lowcov_F8/H32TKDSX5_4_R14689_20230126/demultiplexed/216110/216110_TAATGGCAAGATCACGAAGG_S301_L004_R1_001.fastq.gz	01_unzip_raw_data/02_unzip_lowcov_F8/H32TKDSX5_4_R14689_20230126/demultiplexed/216110/216110_TAATGGCAAGATCACGAAGG_S301_L004_R2_001.fastq.gz	03_rename_fastq_files/F8_low_cov/ISC_023.1_F8lowcov_2E2_run2_R1.fastq.gz	03_rename_fastq_files/F8_low_cov/ISC_023.1_F8lowcov_2E2_run2_R2.fastq.gz
ISC_024.2	1318x6035_rep2	ISC_024.2_F8lowcov	3F10	2022-12-03	01_unzip_raw_data/02_unzip_lowcov_F8/H32TKDSX5_3_R14689_20230126/demultiplexed/216112/216112_AACTTATCCTGTACTGGCGT_S174_L003_R1_001.fastq.gz	01_unzip_raw_data/02_unzip_lowcov_F8/H32TKDSX5_3_R14689_20230126/demultiplexed/216112/216112_AACTTATCCTGTACTGGCGT_S174_L003_R2_001.fastq.gz	03_rename_fastq_files/F8_low_cov/ISC_024.2_F8lowcov_3F10_run1_R1.fastq.gz	03_rename_fastq_files/F8_low_cov/ISC_024.2_F8lowcov_3F10_run1_R2.fastq.gz
ISC_024.2	1318x6035_rep2	ISC_024.2_F8lowcov	3F10	2022-12-03	01_unzip_raw_data/02_unzip_lowcov_F8/H32TKDSX5_4_R14689_20230126/demultiplexed/216112/216112_AACTTATCCTGTACTGGCGT_S174_L004_R1_001.fastq.gz	01_unzip_raw_data/02_unzip_lowcov_F8/H32TKDSX5_4_R14689_20230126/demultiplexed/216112/216112_AACTTATCCTGTACTGGCGT_S174_L004_R2_001.fastq.gz	03_rename_fastq_files/F8_low_cov/ISC_024.2_F8lowcov_3F10_run2_R1.fastq.gz	03_rename_fastq_files/F8_low_cov/ISC_024.2_F8lowcov_3F10_run2_R2.fastq.gz
ISC_025.1	1367x8256_rep1	ISC_025.1_F8lowcov	1G10	2022-12-03	01_unzip_raw_data/02_unzip_lowcov_F8/H32TKDSX5_3_R14689_20230126/demultiplexed/216113/216113_AGGTATGGCGGTGGCGAGAC_S79_L003_R1_001.fastq.gz	01_unzip_raw_data/02_unzip_lowcov_F8/H32TKDSX5_3_R14689_20230126/demultiplexed/216113/216113_AGGTATGGCGGTGGCGAGAC_S79_L003_R2_001.fastq.gz	03_rename_fastq_files/F8_low_cov/ISC_025.1_F8lowcov_1G10_run1_R1.fastq.gz	03_rename_fastq_files/F8_low_cov/ISC_025.1_F8lowcov_1G10_run1_R2.fastq.gz
ISC_025.1	1367x8256_rep1	ISC_025.1_F8lowcov	1G10	2022-12-03	01_unzip_raw_data/02_unzip_lowcov_F8/H32TKDSX5_4_R14689_20230126/demultiplexed/216113/216113_AGGTATGGCGGTGGCGAGAC_S79_L004_R1_001.fastq.gz	01_unzip_raw_data/02_unzip_lowcov_F8/H32TKDSX5_4_R14689_20230126/demultiplexed/216113/216113_AGGTATGGCGGTGGCGAGAC_S79_L004_R2_001.fastq.gz	03_rename_fastq_files/F8_low_cov/ISC_025.1_F8lowcov_1G10_run2_R1.fastq.gz	03_rename_fastq_files/F8_low_cov/ISC_025.1_F8lowcov_1G10_run2_R2.fastq.gz
ISC_026.2	1367x8256_rep2	ISC_026.2_F8lowcov	1D6	2022-12-03	01_unzip_raw_data/02_unzip_lowcov_F8/H32TKDSX5_3_R14689_20230126/demultiplexed/216113/216113_CACCTGTTGCATTGACACAT_S44_L003_R1_001.fastq.gz	01_unzip_raw_data/02_unzip_lowcov_F8/H32TKDSX5_3_R14689_20230126/demultiplexed/216113/216113_CACCTGTTGCATTGACACAT_S44_L003_R2_001.fastq.gz	03_rename_fastq_files/F8_low_cov/ISC_026.2_F8lowcov_1D6_run1_R1.fastq.gz	03_rename_fastq_files/F8_low_cov/ISC_026.2_F8lowcov_1D6_run1_R2.fastq.gz
ISC_026.2	1367x8256_rep2	ISC_026.2_F8lowcov	1D6	2022-12-03	01_unzip_raw_data/02_unzip_lowcov_F8/H32TKDSX5_4_R14689_20230126/demultiplexed/216113/216113_CACCTGTTGCATTGACACAT_S44_L004_R1_001.fastq.gz	01_unzip_raw_data/02_unzip_lowcov_F8/H32TKDSX5_4_R14689_20230126/demultiplexed/216113/216113_CACCTGTTGCATTGACACAT_S44_L004_R2_001.fastq.gz	03_rename_fastq_files/F8_low_cov/ISC_026.2_F8lowcov_1D6_run2_R1.fastq.gz	03_rename_fastq_files/F8_low_cov/ISC_026.2_F8lowcov_1D6_run2_R2.fastq.gz
ISC_027.1	1435x6240_rep1	ISC_027.1_F8lowcov	2H9	2022-12-03	01_unzip_raw_data/02_unzip_lowcov_F8/H32TKDSX5_3_R14689_20230126/demultiplexed/216110/216110_CCACCTGTGTTGAGCGTTGT_S360_L003_R1_001.fastq.gz	01_unzip_raw_data/02_unzip_lowcov_F8/H32TKDSX5_3_R14689_20230126/demultiplexed/216110/216110_CCACCTGTGTTGAGCGTTGT_S360_L003_R2_001.fastq.gz	03_rename_fastq_files/F8_low_cov/ISC_027.1_F8lowcov_2H9_run1_R1.fastq.gz	03_rename_fastq_files/F8_low_cov/ISC_027.1_F8lowcov_2H9_run1_R2.fastq.gz
ISC_027.1	1435x6240_rep1	ISC_027.1_F8lowcov	2H9	2022-12-03	01_unzip_raw_data/02_unzip_lowcov_F8/H32TKDSX5_4_R14689_20230126/demultiplexed/216110/216110_CCACCTGTGTTGAGCGTTGT_S360_L004_R1_001.fastq.gz	01_unzip_raw_data/02_unzip_lowcov_F8/H32TKDSX5_4_R14689_20230126/demultiplexed/216110/216110_CCACCTGTGTTGAGCGTTGT_S360_L004_R2_001.fastq.gz	03_rename_fastq_files/F8_low_cov/ISC_027.1_F8lowcov_2H9_run2_R1.fastq.gz	03_rename_fastq_files/F8_low_cov/ISC_027.1_F8lowcov_2H9_run2_R2.fastq.gz
ISC_028.2	1435x6240_rep2	ISC_028.2_F8lowcov	1E3	2022-12-03	01_unzip_raw_data/02_unzip_lowcov_F8/H32TKDSX5_3_R14689_20230126/demultiplexed/216113/216113_TTAAGACAAGGGCTTAATTG_S21_L003_R1_001.fastq.gz	01_unzip_raw_data/02_unzip_lowcov_F8/H32TKDSX5_3_R14689_20230126/demultiplexed/216113/216113_TTAAGACAAGGGCTTAATTG_S21_L003_R2_001.fastq.gz	03_rename_fastq_files/F8_low_cov/ISC_028.2_F8lowcov_1E3_run1_R1.fastq.gz	03_rename_fastq_files/F8_low_cov/ISC_028.2_F8lowcov_1E3_run1_R2.fastq.gz
ISC_028.2	1435x6240_rep2	ISC_028.2_F8lowcov	1E3	2022-12-03	01_unzip_raw_data/02_unzip_lowcov_F8/H32TKDSX5_4_R14689_20230126/demultiplexed/216113/216113_TTAAGACAAGGGCTTAATTG_S21_L004_R1_001.fastq.gz	01_unzip_raw_data/02_unzip_lowcov_F8/H32TKDSX5_4_R14689_20230126/demultiplexed/216113/216113_TTAAGACAAGGGCTTAATTG_S21_L004_R2_001.fastq.gz	03_rename_fastq_files/F8_low_cov/ISC_028.2_F8lowcov_1E3_run2_R1.fastq.gz	03_rename_fastq_files/F8_low_cov/ISC_028.2_F8lowcov_1E3_run2_R2.fastq.gz
ISC_029.1	1552x1158_rep1	ISC_029.1_F8lowcov	3F6	2022-12-03	01_unzip_raw_data/02_unzip_lowcov_F8/H32TKDSX5_3_R14689_20230126/demultiplexed/216112/216112_TTCTTAACCATCTACATACC_S142_L003_R1_001.fastq.gz	01_unzip_raw_data/02_unzip_lowcov_F8/H32TKDSX5_3_R14689_20230126/demultiplexed/216112/216112_TTCTTAACCATCTACATACC_S142_L003_R2_001.fastq.gz	03_rename_fastq_files/F8_low_cov/ISC_029.1_F8lowcov_3F6_run1_R1.fastq.gz	03_rename_fastq_files/F8_low_cov/ISC_029.1_F8lowcov_3F6_run1_R2.fastq.gz
ISC_029.1	1552x1158_rep1	ISC_029.1_F8lowcov	3F6	2022-12-03	01_unzip_raw_data/02_unzip_lowcov_F8/H32TKDSX5_4_R14689_20230126/demultiplexed/216112/216112_TTCTTAACCATCTACATACC_S142_L004_R1_001.fastq.gz	01_unzip_raw_data/02_unzip_lowcov_F8/H32TKDSX5_4_R14689_20230126/demultiplexed/216112/216112_TTCTTAACCATCTACATACC_S142_L004_R2_001.fastq.gz	03_rename_fastq_files/F8_low_cov/ISC_029.1_F8lowcov_3F6_run2_R1.fastq.gz	03_rename_fastq_files/F8_low_cov/ISC_029.1_F8lowcov_3F6_run2_R2.fastq.gz
ISC_030.2	1552x1158_rep2	ISC_030.2_F8lowcov	3D6	2022-12-03	01_unzip_raw_data/02_unzip_lowcov_F8/H32TKDSX5_3_R14689_20230126/demultiplexed/216112/216112_ATAGTTAGCACTCTAAGTAG_S140_L003_R1_001.fastq.gz	01_unzip_raw_data/02_unzip_lowcov_F8/H32TKDSX5_3_R14689_20230126/demultiplexed/216112/216112_ATAGTTAGCACTCTAAGTAG_S140_L003_R2_001.fastq.gz	03_rename_fastq_files/F8_low_cov/ISC_030.2_F8lowcov_3D6_run1_R1.fastq.gz	03_rename_fastq_files/F8_low_cov/ISC_030.2_F8lowcov_3D6_run1_R2.fastq.gz
ISC_030.2	1552x1158_rep2	ISC_030.2_F8lowcov	3D6	2022-12-03	01_unzip_raw_data/02_unzip_lowcov_F8/H32TKDSX5_4_R14689_20230126/demultiplexed/216112/216112_ATAGTTAGCACTCTAAGTAG_S140_L004_R1_001.fastq.gz	01_unzip_raw_data/02_unzip_lowcov_F8/H32TKDSX5_4_R14689_20230126/demultiplexed/216112/216112_ATAGTTAGCACTCTAAGTAG_S140_L004_R2_001.fastq.gz	03_rename_fastq_files/F8_low_cov/ISC_030.2_F8lowcov_3D6_run2_R1.fastq.gz	03_rename_fastq_files/F8_low_cov/ISC_030.2_F8lowcov_3D6_run2_R2.fastq.gz
ISC_031.1	1585x9427_rep1	ISC_031.1_F8lowcov	3F1	2022-12-03	01_unzip_raw_data/02_unzip_lowcov_F8/H32TKDSX5_3_R14689_20230126/demultiplexed/216112/216112_TAATTCTGCTTCTCATCAAT_S102_L003_R1_001.fastq.gz	01_unzip_raw_data/02_unzip_lowcov_F8/H32TKDSX5_3_R14689_20230126/demultiplexed/216112/216112_TAATTCTGCTTCTCATCAAT_S102_L003_R2_001.fastq.gz	03_rename_fastq_files/F8_low_cov/ISC_031.1_F8lowcov_3F1_run1_R1.fastq.gz	03_rename_fastq_files/F8_low_cov/ISC_031.1_F8lowcov_3F1_run1_R2.fastq.gz
ISC_031.1	1585x9427_rep1	ISC_031.1_F8lowcov	3F1	2022-12-03	01_unzip_raw_data/02_unzip_lowcov_F8/H32TKDSX5_4_R14689_20230126/demultiplexed/216112/216112_TAATTCTGCTTCTCATCAAT_S102_L004_R1_001.fastq.gz	01_unzip_raw_data/02_unzip_lowcov_F8/H32TKDSX5_4_R14689_20230126/demultiplexed/216112/216112_TAATTCTGCTTCTCATCAAT_S102_L004_R2_001.fastq.gz	03_rename_fastq_files/F8_low_cov/ISC_031.1_F8lowcov_3F1_run2_R1.fastq.gz	03_rename_fastq_files/F8_low_cov/ISC_031.1_F8lowcov_3F1_run2_R2.fastq.gz
ISC_032.2	1585x9427_rep2	ISC_032.2_F8lowcov	1E10	2022-12-03	01_unzip_raw_data/02_unzip_lowcov_F8/H32TKDSX5_3_R14689_20230126/demultiplexed/216113/216113_GGTGAGTAATAACATCTAGT_S77_L003_R1_001.fastq.gz	01_unzip_raw_data/02_unzip_lowcov_F8/H32TKDSX5_3_R14689_20230126/demultiplexed/216113/216113_GGTGAGTAATAACATCTAGT_S77_L003_R2_001.fastq.gz	03_rename_fastq_files/F8_low_cov/ISC_032.2_F8lowcov_1E10_run1_R1.fastq.gz	03_rename_fastq_files/F8_low_cov/ISC_032.2_F8lowcov_1E10_run1_R2.fastq.gz
ISC_032.2	1585x9427_rep2	ISC_032.2_F8lowcov	1E10	2022-12-03	01_unzip_raw_data/02_unzip_lowcov_F8/H32TKDSX5_4_R14689_20230126/demultiplexed/216113/216113_GGTGAGTAATAACATCTAGT_S77_L004_R1_001.fastq.gz	01_unzip_raw_data/02_unzip_lowcov_F8/H32TKDSX5_4_R14689_20230126/demultiplexed/216113/216113_GGTGAGTAATAACATCTAGT_S77_L004_R2_001.fastq.gz	03_rename_fastq_files/F8_low_cov/ISC_032.2_F8lowcov_1E10_run2_R1.fastq.gz	03_rename_fastq_files/F8_low_cov/ISC_032.2_F8lowcov_1E10_run2_R2.fastq.gz
ISC_033.1	175x6913_rep1	ISC_033.1_F8lowcov	2B2	2022-12-03	01_unzip_raw_data/02_unzip_lowcov_F8/H32TKDSX5_3_R14689_20230126/demultiplexed/216110/216110_TCGTCTGACTACCAGCGACA_S298_L003_R1_001.fastq.gz	01_unzip_raw_data/02_unzip_lowcov_F8/H32TKDSX5_3_R14689_20230126/demultiplexed/216110/216110_TCGTCTGACTACCAGCGACA_S298_L003_R2_001.fastq.gz	03_rename_fastq_files/F8_low_cov/ISC_033.1_F8lowcov_2B2_run1_R1.fastq.gz	03_rename_fastq_files/F8_low_cov/ISC_033.1_F8lowcov_2B2_run1_R2.fastq.gz
ISC_033.1	175x6913_rep1	ISC_033.1_F8lowcov	2B2	2022-12-03	01_unzip_raw_data/02_unzip_lowcov_F8/H32TKDSX5_4_R14689_20230126/demultiplexed/216110/216110_TCGTCTGACTACCAGCGACA_S298_L004_R1_001.fastq.gz	01_unzip_raw_data/02_unzip_lowcov_F8/H32TKDSX5_4_R14689_20230126/demultiplexed/216110/216110_TCGTCTGACTACCAGCGACA_S298_L004_R2_001.fastq.gz	03_rename_fastq_files/F8_low_cov/ISC_033.1_F8lowcov_2B2_run2_R1.fastq.gz	03_rename_fastq_files/F8_low_cov/ISC_033.1_F8lowcov_2B2_run2_R2.fastq.gz
ISC_034.2	175x6913_rep2	ISC_034.2_F8lowcov	3C1	2022-12-03	01_unzip_raw_data/02_unzip_lowcov_F8/H32TKDSX5_3_R14689_20230126/demultiplexed/216112/216112_TTCACGAGACAGATTGTTAC_S99_L003_R1_001.fastq.gz	01_unzip_raw_data/02_unzip_lowcov_F8/H32TKDSX5_3_R14689_20230126/demultiplexed/216112/216112_TTCACGAGACAGATTGTTAC_S99_L003_R2_001.fastq.gz	03_rename_fastq_files/F8_low_cov/ISC_034.2_F8lowcov_3C1_run1_R1.fastq.gz	03_rename_fastq_files/F8_low_cov/ISC_034.2_F8lowcov_3C1_run1_R2.fastq.gz
ISC_034.2	175x6913_rep2	ISC_034.2_F8lowcov	3C1	2022-12-03	01_unzip_raw_data/02_unzip_lowcov_F8/H32TKDSX5_4_R14689_20230126/demultiplexed/216112/216112_TTCACGAGACAGATTGTTAC_S99_L004_R1_001.fastq.gz	01_unzip_raw_data/02_unzip_lowcov_F8/H32TKDSX5_4_R14689_20230126/demultiplexed/216112/216112_TTCACGAGACAGATTGTTAC_S99_L004_R2_001.fastq.gz	03_rename_fastq_files/F8_low_cov/ISC_034.2_F8lowcov_3C1_run2_R1.fastq.gz	03_rename_fastq_files/F8_low_cov/ISC_034.2_F8lowcov_3C1_run2_R2.fastq.gz
ISC_035.1	5829x9336_rep1	ISC_035.1_F8lowcov	1H4	2022-12-03	01_unzip_raw_data/02_unzip_lowcov_F8/H32TKDSX5_3_R14689_20230126/demultiplexed/216113/216113_CGGTCGGCATCTAGGCAAGG_S32_L003_R1_001.fastq.gz	01_unzip_raw_data/02_unzip_lowcov_F8/H32TKDSX5_3_R14689_20230126/demultiplexed/216113/216113_CGGTCGGCATCTAGGCAAGG_S32_L003_R2_001.fastq.gz	03_rename_fastq_files/F8_low_cov/ISC_035.1_F8lowcov_1H4_run1_R1.fastq.gz	03_rename_fastq_files/F8_low_cov/ISC_035.1_F8lowcov_1H4_run1_R2.fastq.gz
ISC_035.1	5829x9336_rep1	ISC_035.1_F8lowcov	1H4	2022-12-03	01_unzip_raw_data/02_unzip_lowcov_F8/H32TKDSX5_4_R14689_20230126/demultiplexed/216113/216113_CGGTCGGCATCTAGGCAAGG_S32_L004_R1_001.fastq.gz	01_unzip_raw_data/02_unzip_lowcov_F8/H32TKDSX5_4_R14689_20230126/demultiplexed/216113/216113_CGGTCGGCATCTAGGCAAGG_S32_L004_R2_001.fastq.gz	03_rename_fastq_files/F8_low_cov/ISC_035.1_F8lowcov_1H4_run2_R1.fastq.gz	03_rename_fastq_files/F8_low_cov/ISC_035.1_F8lowcov_1H4_run2_R2.fastq.gz
ISC_036.2	5829x9336_rep2	ISC_036.2_F8lowcov	1F4	2022-12-03	01_unzip_raw_data/02_unzip_lowcov_F8/H32TKDSX5_3_R14689_20230126/demultiplexed/216113/216113_TGTGTTAGTATACTCTGTTA_S30_L003_R1_001.fastq.gz	01_unzip_raw_data/02_unzip_lowcov_F8/H32TKDSX5_3_R14689_20230126/demultiplexed/216113/216113_TGTGTTAGTATACTCTGTTA_S30_L003_R2_001.fastq.gz	03_rename_fastq_files/F8_low_cov/ISC_036.2_F8lowcov_1F4_run1_R1.fastq.gz	03_rename_fastq_files/F8_low_cov/ISC_036.2_F8lowcov_1F4_run1_R2.fastq.gz
ISC_036.2	5829x9336_rep2	ISC_036.2_F8lowcov	1F4	2022-12-03	01_unzip_raw_data/02_unzip_lowcov_F8/H32TKDSX5_4_R14689_20230126/demultiplexed/216113/216113_TGTGTTAGTATACTCTGTTA_S30_L004_R1_001.fastq.gz	01_unzip_raw_data/02_unzip_lowcov_F8/H32TKDSX5_4_R14689_20230126/demultiplexed/216113/216113_TGTGTTAGTATACTCTGTTA_S30_L004_R2_001.fastq.gz	03_rename_fastq_files/F8_low_cov/ISC_036.2_F8lowcov_1F4_run2_R1.fastq.gz	03_rename_fastq_files/F8_low_cov/ISC_036.2_F8lowcov_1F4_run2_R2.fastq.gz
ISC_037.1	5830x6085_rep1	ISC_037.1_F8lowcov	4B10	2022-12-03	01_unzip_raw_data/02_unzip_lowcov_F8/H32TKDSX5_3_R14689_20230126/demultiplexed/216111/216111_GCACCACCAATGGTACTGAT_S266_L003_R1_001.fastq.gz	01_unzip_raw_data/02_unzip_lowcov_F8/H32TKDSX5_3_R14689_20230126/demultiplexed/216111/216111_GCACCACCAATGGTACTGAT_S266_L003_R2_001.fastq.gz	03_rename_fastq_files/F8_low_cov/ISC_037.1_F8lowcov_4B10_run1_R1.fastq.gz	03_rename_fastq_files/F8_low_cov/ISC_037.1_F8lowcov_4B10_run1_R2.fastq.gz
ISC_037.1	5830x6085_rep1	ISC_037.1_F8lowcov	4B10	2022-12-03	01_unzip_raw_data/02_unzip_lowcov_F8/H32TKDSX5_4_R14689_20230126/demultiplexed/216111/216111_GCACCACCAATGGTACTGAT_S266_L004_R1_001.fastq.gz	01_unzip_raw_data/02_unzip_lowcov_F8/H32TKDSX5_4_R14689_20230126/demultiplexed/216111/216111_GCACCACCAATGGTACTGAT_S266_L004_R2_001.fastq.gz	03_rename_fastq_files/F8_low_cov/ISC_037.1_F8lowcov_4B10_run2_R1.fastq.gz	03_rename_fastq_files/F8_low_cov/ISC_037.1_F8lowcov_4B10_run2_R2.fastq.gz
ISC_038.2	5830x6085_rep2	ISC_038.2_F8lowcov	2A1	2022-12-03	01_unzip_raw_data/02_unzip_lowcov_F8/H32TKDSX5_3_R14689_20230126/demultiplexed/216110/216110_CGCTCAGTTCTCGTGGAGCG_S289_L003_R1_001.fastq.gz	01_unzip_raw_data/02_unzip_lowcov_F8/H32TKDSX5_3_R14689_20230126/demultiplexed/216110/216110_CGCTCAGTTCTCGTGGAGCG_S289_L003_R2_001.fastq.gz	03_rename_fastq_files/F8_low_cov/ISC_038.2_F8lowcov_2A1_run1_R1.fastq.gz	03_rename_fastq_files/F8_low_cov/ISC_038.2_F8lowcov_2A1_run1_R2.fastq.gz
ISC_038.2	5830x6085_rep2	ISC_038.2_F8lowcov	2A1	2022-12-03	01_unzip_raw_data/02_unzip_lowcov_F8/H32TKDSX5_4_R14689_20230126/demultiplexed/216110/216110_CGCTCAGTTCTCGTGGAGCG_S289_L004_R1_001.fastq.gz	01_unzip_raw_data/02_unzip_lowcov_F8/H32TKDSX5_4_R14689_20230126/demultiplexed/216110/216110_CGCTCAGTTCTCGTGGAGCG_S289_L004_R2_001.fastq.gz	03_rename_fastq_files/F8_low_cov/ISC_038.2_F8lowcov_2A1_run2_R1.fastq.gz	03_rename_fastq_files/F8_low_cov/ISC_038.2_F8lowcov_2A1_run2_R2.fastq.gz
ISC_039.1	5831x8237_rep1	ISC_039.1_F8lowcov	4G10	2022-12-03	01_unzip_raw_data/02_unzip_lowcov_F8/H32TKDSX5_3_R14689_20230126/demultiplexed/216111/216111_GGACCAGTGGCGCGAGCCTA_S271_L003_R1_001.fastq.gz	01_unzip_raw_data/02_unzip_lowcov_F8/H32TKDSX5_3_R14689_20230126/demultiplexed/216111/216111_GGACCAGTGGCGCGAGCCTA_S271_L003_R2_001.fastq.gz	03_rename_fastq_files/F8_low_cov/ISC_039.1_F8lowcov_4G10_run1_R1.fastq.gz	03_rename_fastq_files/F8_low_cov/ISC_039.1_F8lowcov_4G10_run1_R2.fastq.gz
ISC_039.1	5831x8237_rep1	ISC_039.1_F8lowcov	4G10	2022-12-03	01_unzip_raw_data/02_unzip_lowcov_F8/H32TKDSX5_4_R14689_20230126/demultiplexed/216111/216111_GGACCAGTGGCGCGAGCCTA_S271_L004_R1_001.fastq.gz	01_unzip_raw_data/02_unzip_lowcov_F8/H32TKDSX5_4_R14689_20230126/demultiplexed/216111/216111_GGACCAGTGGCGCGAGCCTA_S271_L004_R2_001.fastq.gz	03_rename_fastq_files/F8_low_cov/ISC_039.1_F8lowcov_4G10_run2_R1.fastq.gz	03_rename_fastq_files/F8_low_cov/ISC_039.1_F8lowcov_4G10_run2_R2.fastq.gz
ISC_040.2	5831x8237_rep2	ISC_040.2_F8lowcov	2G12	2022-12-03	01_unzip_raw_data/02_unzip_lowcov_F8/H32TKDSX5_3_R14689_20230126/demultiplexed/216110/216110_GGTGGAATACATGTAGACAA_S383_L003_R1_001.fastq.gz	01_unzip_raw_data/02_unzip_lowcov_F8/H32TKDSX5_3_R14689_20230126/demultiplexed/216110/216110_GGTGGAATACATGTAGACAA_S383_L003_R2_001.fastq.gz	03_rename_fastq_files/F8_low_cov/ISC_040.2_F8lowcov_2G12_run1_R1.fastq.gz	03_rename_fastq_files/F8_low_cov/ISC_040.2_F8lowcov_2G12_run1_R2.fastq.gz
ISC_040.2	5831x8237_rep2	ISC_040.2_F8lowcov	2G12	2022-12-03	01_unzip_raw_data/02_unzip_lowcov_F8/H32TKDSX5_4_R14689_20230126/demultiplexed/216110/216110_GGTGGAATACATGTAGACAA_S383_L004_R1_001.fastq.gz	01_unzip_raw_data/02_unzip_lowcov_F8/H32TKDSX5_4_R14689_20230126/demultiplexed/216110/216110_GGTGGAATACATGTAGACAA_S383_L004_R2_001.fastq.gz	03_rename_fastq_files/F8_low_cov/ISC_040.2_F8lowcov_2G12_run2_R1.fastq.gz	03_rename_fastq_files/F8_low_cov/ISC_040.2_F8lowcov_2G12_run2_R2.fastq.gz
ISC_041.1	5835x9058_rep1	ISC_041.1_F8lowcov	2H12	2022-12-03	01_unzip_raw_data/02_unzip_lowcov_F8/H32TKDSX5_3_R14689_20230126/demultiplexed/216110/216110_TGGACGGAGGCACATCGGTG_S384_L003_R1_001.fastq.gz	01_unzip_raw_data/02_unzip_lowcov_F8/H32TKDSX5_3_R14689_20230126/demultiplexed/216110/216110_TGGACGGAGGCACATCGGTG_S384_L003_R2_001.fastq.gz	03_rename_fastq_files/F8_low_cov/ISC_041.1_F8lowcov_2H12_run1_R1.fastq.gz	03_rename_fastq_files/F8_low_cov/ISC_041.1_F8lowcov_2H12_run1_R2.fastq.gz
ISC_041.1	5835x9058_rep1	ISC_041.1_F8lowcov	2H12	2022-12-03	01_unzip_raw_data/02_unzip_lowcov_F8/H32TKDSX5_4_R14689_20230126/demultiplexed/216110/216110_TGGACGGAGGCACATCGGTG_S384_L004_R1_001.fastq.gz	01_unzip_raw_data/02_unzip_lowcov_F8/H32TKDSX5_4_R14689_20230126/demultiplexed/216110/216110_TGGACGGAGGCACATCGGTG_S384_L004_R2_001.fastq.gz	03_rename_fastq_files/F8_low_cov/ISC_041.1_F8lowcov_2H12_run2_R1.fastq.gz	03_rename_fastq_files/F8_low_cov/ISC_041.1_F8lowcov_2H12_run2_R2.fastq.gz
ISC_042.2	5835x9058_rep2	ISC_042.2_F8lowcov	1E5	2022-12-03	01_unzip_raw_data/02_unzip_lowcov_F8/H32TKDSX5_3_R14689_20230126/demultiplexed/216113/216113_ATATCTGCTTTAGACAATCT_S37_L003_R1_001.fastq.gz	01_unzip_raw_data/02_unzip_lowcov_F8/H32TKDSX5_3_R14689_20230126/demultiplexed/216113/216113_ATATCTGCTTTAGACAATCT_S37_L003_R2_001.fastq.gz	03_rename_fastq_files/F8_low_cov/ISC_042.2_F8lowcov_1E5_run1_R1.fastq.gz	03_rename_fastq_files/F8_low_cov/ISC_042.2_F8lowcov_1E5_run1_R2.fastq.gz
ISC_042.2	5835x9058_rep2	ISC_042.2_F8lowcov	1E5	2022-12-03	01_unzip_raw_data/02_unzip_lowcov_F8/H32TKDSX5_4_R14689_20230126/demultiplexed/216113/216113_ATATCTGCTTTAGACAATCT_S37_L004_R1_001.fastq.gz	01_unzip_raw_data/02_unzip_lowcov_F8/H32TKDSX5_4_R14689_20230126/demultiplexed/216113/216113_ATATCTGCTTTAGACAATCT_S37_L004_R2_001.fastq.gz	03_rename_fastq_files/F8_low_cov/ISC_042.2_F8lowcov_1E5_run2_R1.fastq.gz	03_rename_fastq_files/F8_low_cov/ISC_042.2_F8lowcov_1E5_run2_R2.fastq.gz
ISC_043.1	5856x9452_rep1	ISC_043.1_F8lowcov	3D2	2022-12-03	01_unzip_raw_data/02_unzip_lowcov_F8/H32TKDSX5_3_R14689_20230126/demultiplexed/216112/216112_GTAACTGAAGGGAGTCGCGA_S108_L003_R1_001.fastq.gz	01_unzip_raw_data/02_unzip_lowcov_F8/H32TKDSX5_3_R14689_20230126/demultiplexed/216112/216112_GTAACTGAAGGGAGTCGCGA_S108_L003_R2_001.fastq.gz	03_rename_fastq_files/F8_low_cov/ISC_043.1_F8lowcov_3D2_run1_R1.fastq.gz	03_rename_fastq_files/F8_low_cov/ISC_043.1_F8lowcov_3D2_run1_R2.fastq.gz
ISC_043.1	5856x9452_rep1	ISC_043.1_F8lowcov	3D2	2022-12-03	01_unzip_raw_data/02_unzip_lowcov_F8/H32TKDSX5_4_R14689_20230126/demultiplexed/216112/216112_GTAACTGAAGGGAGTCGCGA_S108_L004_R1_001.fastq.gz	01_unzip_raw_data/02_unzip_lowcov_F8/H32TKDSX5_4_R14689_20230126/demultiplexed/216112/216112_GTAACTGAAGGGAGTCGCGA_S108_L004_R2_001.fastq.gz	03_rename_fastq_files/F8_low_cov/ISC_043.1_F8lowcov_3D2_run2_R1.fastq.gz	03_rename_fastq_files/F8_low_cov/ISC_043.1_F8lowcov_3D2_run2_R2.fastq.gz
ISC_044.2	5856x9452_rep2	ISC_044.2_F8lowcov	3E1	2022-12-03	01_unzip_raw_data/02_unzip_lowcov_F8/H32TKDSX5_3_R14689_20230126/demultiplexed/216112/216112_TCCTGGTTGTCTGACCGGCA_S101_L003_R1_001.fastq.gz	01_unzip_raw_data/02_unzip_lowcov_F8/H32TKDSX5_3_R14689_20230126/demultiplexed/216112/216112_TCCTGGTTGTCTGACCGGCA_S101_L003_R2_001.fastq.gz	03_rename_fastq_files/F8_low_cov/ISC_044.2_F8lowcov_3E1_run1_R1.fastq.gz	03_rename_fastq_files/F8_low_cov/ISC_044.2_F8lowcov_3E1_run1_R2.fastq.gz
ISC_044.2	5856x9452_rep2	ISC_044.2_F8lowcov	3E1	2022-12-03	01_unzip_raw_data/02_unzip_lowcov_F8/H32TKDSX5_4_R14689_20230126/demultiplexed/216112/216112_TCCTGGTTGTCTGACCGGCA_S101_L004_R1_001.fastq.gz	01_unzip_raw_data/02_unzip_lowcov_F8/H32TKDSX5_4_R14689_20230126/demultiplexed/216112/216112_TCCTGGTTGTCTGACCGGCA_S101_L004_R2_001.fastq.gz	03_rename_fastq_files/F8_low_cov/ISC_044.2_F8lowcov_3E1_run2_R1.fastq.gz	03_rename_fastq_files/F8_low_cov/ISC_044.2_F8lowcov_3E1_run2_R2.fastq.gz
ISC_045.1	5865x8426_rep1	ISC_045.1_F8lowcov	1F10	2022-12-03	01_unzip_raw_data/02_unzip_lowcov_F8/H32TKDSX5_3_R14689_20230126/demultiplexed/216113/216113_TACTCTGCGCCCTTACTATG_S78_L003_R1_001.fastq.gz	01_unzip_raw_data/02_unzip_lowcov_F8/H32TKDSX5_3_R14689_20230126/demultiplexed/216113/216113_TACTCTGCGCCCTTACTATG_S78_L003_R2_001.fastq.gz	03_rename_fastq_files/F8_low_cov/ISC_045.1_F8lowcov_1F10_run1_R1.fastq.gz	03_rename_fastq_files/F8_low_cov/ISC_045.1_F8lowcov_1F10_run1_R2.fastq.gz
ISC_045.1	5865x8426_rep1	ISC_045.1_F8lowcov	1F10	2022-12-03	01_unzip_raw_data/02_unzip_lowcov_F8/H32TKDSX5_4_R14689_20230126/demultiplexed/216113/216113_TACTCTGCGCCCTTACTATG_S78_L004_R1_001.fastq.gz	01_unzip_raw_data/02_unzip_lowcov_F8/H32TKDSX5_4_R14689_20230126/demultiplexed/216113/216113_TACTCTGCGCCCTTACTATG_S78_L004_R2_001.fastq.gz	03_rename_fastq_files/F8_low_cov/ISC_045.1_F8lowcov_1F10_run2_R1.fastq.gz	03_rename_fastq_files/F8_low_cov/ISC_045.1_F8lowcov_1F10_run2_R2.fastq.gz
ISC_046.2	5865x8426_rep2	ISC_046.2_F8lowcov	1F1	2022-12-03	01_unzip_raw_data/02_unzip_lowcov_F8/H32TKDSX5_3_R14689_20230126/demultiplexed/216113/216113_AAGATACACGTGTGCTAACA_S6_L003_R1_001.fastq.gz	01_unzip_raw_data/02_unzip_lowcov_F8/H32TKDSX5_3_R14689_20230126/demultiplexed/216113/216113_AAGATACACGTGTGCTAACA_S6_L003_R2_001.fastq.gz	03_rename_fastq_files/F8_low_cov/ISC_046.2_F8lowcov_1F1_run1_R1.fastq.gz	03_rename_fastq_files/F8_low_cov/ISC_046.2_F8lowcov_1F1_run1_R2.fastq.gz
ISC_046.2	5865x8426_rep2	ISC_046.2_F8lowcov	1F1	2022-12-03	01_unzip_raw_data/02_unzip_lowcov_F8/H32TKDSX5_4_R14689_20230126/demultiplexed/216113/216113_AAGATACACGTGTGCTAACA_S6_L004_R1_001.fastq.gz	01_unzip_raw_data/02_unzip_lowcov_F8/H32TKDSX5_4_R14689_20230126/demultiplexed/216113/216113_AAGATACACGTGTGCTAACA_S6_L004_R2_001.fastq.gz	03_rename_fastq_files/F8_low_cov/ISC_046.2_F8lowcov_1F1_run2_R1.fastq.gz	03_rename_fastq_files/F8_low_cov/ISC_046.2_F8lowcov_1F1_run2_R2.fastq.gz
ISC_047.1	5867x6913_rep1	ISC_047.1_F8lowcov	4F10	2022-12-03	01_unzip_raw_data/02_unzip_lowcov_F8/H32TKDSX5_3_R14689_20230126/demultiplexed/216111/216111_ATTGTTCGTCTCTCTAGATT_S270_L003_R1_001.fastq.gz	01_unzip_raw_data/02_unzip_lowcov_F8/H32TKDSX5_3_R14689_20230126/demultiplexed/216111/216111_ATTGTTCGTCTCTCTAGATT_S270_L003_R2_001.fastq.gz	03_rename_fastq_files/F8_low_cov/ISC_047.1_F8lowcov_4F10_run1_R1.fastq.gz	03_rename_fastq_files/F8_low_cov/ISC_047.1_F8lowcov_4F10_run1_R2.fastq.gz
ISC_047.1	5867x6913_rep1	ISC_047.1_F8lowcov	4F10	2022-12-03	01_unzip_raw_data/02_unzip_lowcov_F8/H32TKDSX5_4_R14689_20230126/demultiplexed/216111/216111_ATTGTTCGTCTCTCTAGATT_S270_L004_R1_001.fastq.gz	01_unzip_raw_data/02_unzip_lowcov_F8/H32TKDSX5_4_R14689_20230126/demultiplexed/216111/216111_ATTGTTCGTCTCTCTAGATT_S270_L004_R2_001.fastq.gz	03_rename_fastq_files/F8_low_cov/ISC_047.1_F8lowcov_4F10_run2_R1.fastq.gz	03_rename_fastq_files/F8_low_cov/ISC_047.1_F8lowcov_4F10_run2_R2.fastq.gz
ISC_048.2	5867x6913_rep2	ISC_048.2_F8lowcov	5E3	2023-01-19	01_unzip_raw_data/02_unzip_lowcov_F8/HMN2MDRX2_0_R14837_20230130/demultiplexed/219242/219242_TTAGGATATCTATACCATGG_S21_R1_001.fastq.gz	01_unzip_raw_data/02_unzip_lowcov_F8/HMN2MDRX2_0_R14837_20230130/demultiplexed/219242/219242_TTAGGATATCTATACCATGG_S21_R2_001.fastq.gz	03_rename_fastq_files/F8_low_cov/ISC_048.2_F8lowcov_5E3_run1_R1.fastq.gz	03_rename_fastq_files/F8_low_cov/ISC_048.2_F8lowcov_5E3_run1_R2.fastq.gz
ISC_049.2	6011x6017_rep2	ISC_049.2_F8lowcov	2B1	2022-12-03	01_unzip_raw_data/02_unzip_lowcov_F8/H32TKDSX5_3_R14689_20230126/demultiplexed/216110/216110_TATCTGACCTCTACAAGATA_S290_L003_R1_001.fastq.gz	01_unzip_raw_data/02_unzip_lowcov_F8/H32TKDSX5_3_R14689_20230126/demultiplexed/216110/216110_TATCTGACCTCTACAAGATA_S290_L003_R2_001.fastq.gz	03_rename_fastq_files/F8_low_cov/ISC_049.2_F8lowcov_2B1_run1_R1.fastq.gz	03_rename_fastq_files/F8_low_cov/ISC_049.2_F8lowcov_2B1_run1_R2.fastq.gz
ISC_049.2	6011x6017_rep2	ISC_049.2_F8lowcov	2B1	2022-12-03	01_unzip_raw_data/02_unzip_lowcov_F8/H32TKDSX5_4_R14689_20230126/demultiplexed/216110/216110_TATCTGACCTCTACAAGATA_S290_L004_R1_001.fastq.gz	01_unzip_raw_data/02_unzip_lowcov_F8/H32TKDSX5_4_R14689_20230126/demultiplexed/216110/216110_TATCTGACCTCTACAAGATA_S290_L004_R2_001.fastq.gz	03_rename_fastq_files/F8_low_cov/ISC_049.2_F8lowcov_2B1_run2_R1.fastq.gz	03_rename_fastq_files/F8_low_cov/ISC_049.2_F8lowcov_2B1_run2_R2.fastq.gz
ISC_050.1	6012x997_rep1	ISC_050.1_F8lowcov	2F6	2022-12-03	01_unzip_raw_data/02_unzip_lowcov_F8/H32TKDSX5_3_R14689_20230126/demultiplexed/216110/216110_TAATGGATCTATCTCTACCA_S334_L003_R1_001.fastq.gz	01_unzip_raw_data/02_unzip_lowcov_F8/H32TKDSX5_3_R14689_20230126/demultiplexed/216110/216110_TAATGGATCTATCTCTACCA_S334_L003_R2_001.fastq.gz	03_rename_fastq_files/F8_low_cov/ISC_050.1_F8lowcov_2F6_run1_R1.fastq.gz	03_rename_fastq_files/F8_low_cov/ISC_050.1_F8lowcov_2F6_run1_R2.fastq.gz
ISC_050.1	6012x997_rep1	ISC_050.1_F8lowcov	2F6	2022-12-03	01_unzip_raw_data/02_unzip_lowcov_F8/H32TKDSX5_4_R14689_20230126/demultiplexed/216110/216110_TAATGGATCTATCTCTACCA_S334_L004_R1_001.fastq.gz	01_unzip_raw_data/02_unzip_lowcov_F8/H32TKDSX5_4_R14689_20230126/demultiplexed/216110/216110_TAATGGATCTATCTCTACCA_S334_L004_R2_001.fastq.gz	03_rename_fastq_files/F8_low_cov/ISC_050.1_F8lowcov_2F6_run2_R1.fastq.gz	03_rename_fastq_files/F8_low_cov/ISC_050.1_F8lowcov_2F6_run2_R2.fastq.gz
ISC_050.1	6012x997_rep1	ISC_050.1_F8lowcov	5H3	2023-01-19	01_unzip_raw_data/02_unzip_lowcov_F8/HMN2MDRX2_0_R14837_20230130/demultiplexed/219242/219242_CCGAAGCGCTTGCTAACTAT_S24_R1_001.fastq.gz	01_unzip_raw_data/02_unzip_lowcov_F8/HMN2MDRX2_0_R14837_20230130/demultiplexed/219242/219242_CCGAAGCGCTTGCTAACTAT_S24_R2_001.fastq.gz	03_rename_fastq_files/F8_low_cov/ISC_050.1_F8lowcov_5H3_run1_R1.fastq.gz	03_rename_fastq_files/F8_low_cov/ISC_050.1_F8lowcov_5H3_run1_R2.fastq.gz
ISC_051.2	6012x997_rep2	ISC_051.2_F8lowcov	4A10	2022-12-03	01_unzip_raw_data/02_unzip_lowcov_F8/H32TKDSX5_3_R14689_20230126/demultiplexed/216111/216111_ATGTTGTTGGCAATCTATGA_S265_L003_R1_001.fastq.gz	01_unzip_raw_data/02_unzip_lowcov_F8/H32TKDSX5_3_R14689_20230126/demultiplexed/216111/216111_ATGTTGTTGGCAATCTATGA_S265_L003_R2_001.fastq.gz	03_rename_fastq_files/F8_low_cov/ISC_051.2_F8lowcov_4A10_run1_R1.fastq.gz	03_rename_fastq_files/F8_low_cov/ISC_051.2_F8lowcov_4A10_run1_R2.fastq.gz
ISC_051.2	6012x997_rep2	ISC_051.2_F8lowcov	4A10	2022-12-03	01_unzip_raw_data/02_unzip_lowcov_F8/H32TKDSX5_4_R14689_20230126/demultiplexed/216111/216111_ATGTTGTTGGCAATCTATGA_S265_L004_R1_001.fastq.gz	01_unzip_raw_data/02_unzip_lowcov_F8/H32TKDSX5_4_R14689_20230126/demultiplexed/216111/216111_ATGTTGTTGGCAATCTATGA_S265_L004_R2_001.fastq.gz	03_rename_fastq_files/F8_low_cov/ISC_051.2_F8lowcov_4A10_run2_R1.fastq.gz	03_rename_fastq_files/F8_low_cov/ISC_051.2_F8lowcov_4A10_run2_R2.fastq.gz
ISC_052.1	6013x8241_rep1	ISC_052.1_F8lowcov	1B11	2022-12-03	01_unzip_raw_data/02_unzip_lowcov_F8/H32TKDSX5_3_R14689_20230126/demultiplexed/216113/216113_AGTGCGAGTGTGGAGGTAAT_S82_L003_R1_001.fastq.gz	01_unzip_raw_data/02_unzip_lowcov_F8/H32TKDSX5_3_R14689_20230126/demultiplexed/216113/216113_AGTGCGAGTGTGGAGGTAAT_S82_L003_R2_001.fastq.gz	03_rename_fastq_files/F8_low_cov/ISC_052.1_F8lowcov_1B11_run1_R1.fastq.gz	03_rename_fastq_files/F8_low_cov/ISC_052.1_F8lowcov_1B11_run1_R2.fastq.gz
ISC_052.1	6013x8241_rep1	ISC_052.1_F8lowcov	1B11	2022-12-03	01_unzip_raw_data/02_unzip_lowcov_F8/H32TKDSX5_4_R14689_20230126/demultiplexed/216113/216113_AGTGCGAGTGTGGAGGTAAT_S82_L004_R1_001.fastq.gz	01_unzip_raw_data/02_unzip_lowcov_F8/H32TKDSX5_4_R14689_20230126/demultiplexed/216113/216113_AGTGCGAGTGTGGAGGTAAT_S82_L004_R2_001.fastq.gz	03_rename_fastq_files/F8_low_cov/ISC_052.1_F8lowcov_1B11_run2_R1.fastq.gz	03_rename_fastq_files/F8_low_cov/ISC_052.1_F8lowcov_1B11_run2_R2.fastq.gz
ISC_053.2	6013x8241_rep2	ISC_053.2_F8lowcov	2B7	2022-12-03	01_unzip_raw_data/02_unzip_lowcov_F8/H32TKDSX5_3_R14689_20230126/demultiplexed/216110/216110_ACATGGTGTCTCAACGTGTA_S338_L003_R1_001.fastq.gz	01_unzip_raw_data/02_unzip_lowcov_F8/H32TKDSX5_3_R14689_20230126/demultiplexed/216110/216110_ACATGGTGTCTCAACGTGTA_S338_L003_R2_001.fastq.gz	03_rename_fastq_files/F8_low_cov/ISC_053.2_F8lowcov_2B7_run1_R1.fastq.gz	03_rename_fastq_files/F8_low_cov/ISC_053.2_F8lowcov_2B7_run1_R2.fastq.gz
ISC_053.2	6013x8241_rep2	ISC_053.2_F8lowcov	2B7	2022-12-03	01_unzip_raw_data/02_unzip_lowcov_F8/H32TKDSX5_4_R14689_20230126/demultiplexed/216110/216110_ACATGGTGTCTCAACGTGTA_S338_L004_R1_001.fastq.gz	01_unzip_raw_data/02_unzip_lowcov_F8/H32TKDSX5_4_R14689_20230126/demultiplexed/216110/216110_ACATGGTGTCTCAACGTGTA_S338_L004_R2_001.fastq.gz	03_rename_fastq_files/F8_low_cov/ISC_053.2_F8lowcov_2B7_run2_R1.fastq.gz	03_rename_fastq_files/F8_low_cov/ISC_053.2_F8lowcov_2B7_run2_R2.fastq.gz
ISC_054.1	6017x9392_rep1	ISC_054.1_F8lowcov	1E1	2022-12-03	01_unzip_raw_data/02_unzip_lowcov_F8/H32TKDSX5_3_R14689_20230126/demultiplexed/216113/216113_TCGTGCATTCGCGTTGGTAT_S5_L003_R1_001.fastq.gz	01_unzip_raw_data/02_unzip_lowcov_F8/H32TKDSX5_3_R14689_20230126/demultiplexed/216113/216113_TCGTGCATTCGCGTTGGTAT_S5_L003_R2_001.fastq.gz	03_rename_fastq_files/F8_low_cov/ISC_054.1_F8lowcov_1E1_run1_R1.fastq.gz	03_rename_fastq_files/F8_low_cov/ISC_054.1_F8lowcov_1E1_run1_R2.fastq.gz
ISC_054.1	6017x9392_rep1	ISC_054.1_F8lowcov	1E1	2022-12-03	01_unzip_raw_data/02_unzip_lowcov_F8/H32TKDSX5_4_R14689_20230126/demultiplexed/216113/216113_TCGTGCATTCGCGTTGGTAT_S5_L004_R1_001.fastq.gz	01_unzip_raw_data/02_unzip_lowcov_F8/H32TKDSX5_4_R14689_20230126/demultiplexed/216113/216113_TCGTGCATTCGCGTTGGTAT_S5_L004_R2_001.fastq.gz	03_rename_fastq_files/F8_low_cov/ISC_054.1_F8lowcov_1E1_run2_R1.fastq.gz	03_rename_fastq_files/F8_low_cov/ISC_054.1_F8lowcov_1E1_run2_R2.fastq.gz
ISC_055.2	6017x9392_rep2	ISC_055.2_F8lowcov	1A5	2022-12-03	01_unzip_raw_data/02_unzip_lowcov_F8/H32TKDSX5_3_R14689_20230126/demultiplexed/216113/216113_TCGACGCTAGCCTCTTCGAA_S33_L003_R1_001.fastq.gz	01_unzip_raw_data/02_unzip_lowcov_F8/H32TKDSX5_3_R14689_20230126/demultiplexed/216113/216113_TCGACGCTAGCCTCTTCGAA_S33_L003_R2_001.fastq.gz	03_rename_fastq_files/F8_low_cov/ISC_055.2_F8lowcov_1A5_run1_R1.fastq.gz	03_rename_fastq_files/F8_low_cov/ISC_055.2_F8lowcov_1A5_run1_R2.fastq.gz
ISC_055.2	6017x9392_rep2	ISC_055.2_F8lowcov	1A5	2022-12-03	01_unzip_raw_data/02_unzip_lowcov_F8/H32TKDSX5_4_R14689_20230126/demultiplexed/216113/216113_TCGACGCTAGCCTCTTCGAA_S33_L004_R1_001.fastq.gz	01_unzip_raw_data/02_unzip_lowcov_F8/H32TKDSX5_4_R14689_20230126/demultiplexed/216113/216113_TCGACGCTAGCCTCTTCGAA_S33_L004_R2_001.fastq.gz	03_rename_fastq_files/F8_low_cov/ISC_055.2_F8lowcov_1A5_run2_R1.fastq.gz	03_rename_fastq_files/F8_low_cov/ISC_055.2_F8lowcov_1A5_run2_R2.fastq.gz
ISC_056.1	6019x6012_rep1	ISC_056.1_F8lowcov	2E6	2022-12-03	01_unzip_raw_data/02_unzip_lowcov_F8/H32TKDSX5_3_R14689_20230126/demultiplexed/216110/216110_TAGAATAACGCCATAAGGTT_S333_L003_R1_001.fastq.gz	01_unzip_raw_data/02_unzip_lowcov_F8/H32TKDSX5_3_R14689_20230126/demultiplexed/216110/216110_TAGAATAACGCCATAAGGTT_S333_L003_R2_001.fastq.gz	03_rename_fastq_files/F8_low_cov/ISC_056.1_F8lowcov_2E6_run1_R1.fastq.gz	03_rename_fastq_files/F8_low_cov/ISC_056.1_F8lowcov_2E6_run1_R2.fastq.gz
ISC_056.1	6019x6012_rep1	ISC_056.1_F8lowcov	2E6	2022-12-03	01_unzip_raw_data/02_unzip_lowcov_F8/H32TKDSX5_4_R14689_20230126/demultiplexed/216110/216110_TAGAATAACGCCATAAGGTT_S333_L004_R1_001.fastq.gz	01_unzip_raw_data/02_unzip_lowcov_F8/H32TKDSX5_4_R14689_20230126/demultiplexed/216110/216110_TAGAATAACGCCATAAGGTT_S333_L004_R2_001.fastq.gz	03_rename_fastq_files/F8_low_cov/ISC_056.1_F8lowcov_2E6_run2_R1.fastq.gz	03_rename_fastq_files/F8_low_cov/ISC_056.1_F8lowcov_2E6_run2_R2.fastq.gz
ISC_057.2	6019x6012_rep2	ISC_057.2_F8lowcov	2B8	2022-12-03	01_unzip_raw_data/02_unzip_lowcov_F8/H32TKDSX5_3_R14689_20230126/demultiplexed/216110/216110_CCGAAGCGAGTACTAGTCAA_S346_L003_R1_001.fastq.gz	01_unzip_raw_data/02_unzip_lowcov_F8/H32TKDSX5_3_R14689_20230126/demultiplexed/216110/216110_CCGAAGCGAGTACTAGTCAA_S346_L003_R2_001.fastq.gz	03_rename_fastq_files/F8_low_cov/ISC_057.2_F8lowcov_2B8_run1_R1.fastq.gz	03_rename_fastq_files/F8_low_cov/ISC_057.2_F8lowcov_2B8_run1_R2.fastq.gz
ISC_057.2	6019x6012_rep2	ISC_057.2_F8lowcov	2B8	2022-12-03	01_unzip_raw_data/02_unzip_lowcov_F8/H32TKDSX5_4_R14689_20230126/demultiplexed/216110/216110_CCGAAGCGAGTACTAGTCAA_S346_L004_R1_001.fastq.gz	01_unzip_raw_data/02_unzip_lowcov_F8/H32TKDSX5_4_R14689_20230126/demultiplexed/216110/216110_CCGAAGCGAGTACTAGTCAA_S346_L004_R2_001.fastq.gz	03_rename_fastq_files/F8_low_cov/ISC_057.2_F8lowcov_2B8_run2_R1.fastq.gz	03_rename_fastq_files/F8_low_cov/ISC_057.2_F8lowcov_2B8_run2_R2.fastq.gz
ISC_058.1	6020x6030_rep1	ISC_058.1_F8lowcov	3B2	2022-12-03	01_unzip_raw_data/02_unzip_lowcov_F8/H32TKDSX5_3_R14689_20230126/demultiplexed/216112/216112_TGTGATAACTCAGGCGCCAT_S106_L003_R1_001.fastq.gz	01_unzip_raw_data/02_unzip_lowcov_F8/H32TKDSX5_3_R14689_20230126/demultiplexed/216112/216112_TGTGATAACTCAGGCGCCAT_S106_L003_R2_001.fastq.gz	03_rename_fastq_files/F8_low_cov/ISC_058.1_F8lowcov_3B2_run1_R1.fastq.gz	03_rename_fastq_files/F8_low_cov/ISC_058.1_F8lowcov_3B2_run1_R2.fastq.gz
ISC_058.1	6020x6030_rep1	ISC_058.1_F8lowcov	3B2	2022-12-03	01_unzip_raw_data/02_unzip_lowcov_F8/H32TKDSX5_4_R14689_20230126/demultiplexed/216112/216112_TGTGATAACTCAGGCGCCAT_S106_L004_R1_001.fastq.gz	01_unzip_raw_data/02_unzip_lowcov_F8/H32TKDSX5_4_R14689_20230126/demultiplexed/216112/216112_TGTGATAACTCAGGCGCCAT_S106_L004_R2_001.fastq.gz	03_rename_fastq_files/F8_low_cov/ISC_058.1_F8lowcov_3B2_run2_R1.fastq.gz	03_rename_fastq_files/F8_low_cov/ISC_058.1_F8lowcov_3B2_run2_R2.fastq.gz
ISC_059.2	6020x6030_rep2	ISC_059.2_F8lowcov	4G3	2022-12-03	01_unzip_raw_data/02_unzip_lowcov_F8/H32TKDSX5_3_R14689_20230126/demultiplexed/216111/216111_TCCGCCAATTCTCCGTGCTG_S215_L003_R1_001.fastq.gz	01_unzip_raw_data/02_unzip_lowcov_F8/H32TKDSX5_3_R14689_20230126/demultiplexed/216111/216111_TCCGCCAATTCTCCGTGCTG_S215_L003_R2_001.fastq.gz	03_rename_fastq_files/F8_low_cov/ISC_059.2_F8lowcov_4G3_run1_R1.fastq.gz	03_rename_fastq_files/F8_low_cov/ISC_059.2_F8lowcov_4G3_run1_R2.fastq.gz
ISC_059.2	6020x6030_rep2	ISC_059.2_F8lowcov	4G3	2022-12-03	01_unzip_raw_data/02_unzip_lowcov_F8/H32TKDSX5_4_R14689_20230126/demultiplexed/216111/216111_TCCGCCAATTCTCCGTGCTG_S215_L004_R1_001.fastq.gz	01_unzip_raw_data/02_unzip_lowcov_F8/H32TKDSX5_4_R14689_20230126/demultiplexed/216111/216111_TCCGCCAATTCTCCGTGCTG_S215_L004_R2_001.fastq.gz	03_rename_fastq_files/F8_low_cov/ISC_059.2_F8lowcov_4G3_run2_R1.fastq.gz	03_rename_fastq_files/F8_low_cov/ISC_059.2_F8lowcov_4G3_run2_R2.fastq.gz
ISC_061.2	6021x9407_rep2	ISC_061.2_F8lowcov	2A8	2022-12-03	01_unzip_raw_data/02_unzip_lowcov_F8/H32TKDSX5_3_R14689_20230126/demultiplexed/216110/216110_TTAGGATAGACGTCGACTGG_S345_L003_R1_001.fastq.gz	01_unzip_raw_data/02_unzip_lowcov_F8/H32TKDSX5_3_R14689_20230126/demultiplexed/216110/216110_TTAGGATAGACGTCGACTGG_S345_L003_R2_001.fastq.gz	03_rename_fastq_files/F8_low_cov/ISC_061.2_F8lowcov_2A8_run1_R1.fastq.gz	03_rename_fastq_files/F8_low_cov/ISC_061.2_F8lowcov_2A8_run1_R2.fastq.gz
ISC_061.2	6021x9407_rep2	ISC_061.2_F8lowcov	2A8	2022-12-03	01_unzip_raw_data/02_unzip_lowcov_F8/H32TKDSX5_4_R14689_20230126/demultiplexed/216110/216110_TTAGGATAGACGTCGACTGG_S345_L004_R1_001.fastq.gz	01_unzip_raw_data/02_unzip_lowcov_F8/H32TKDSX5_4_R14689_20230126/demultiplexed/216110/216110_TTAGGATAGACGTCGACTGG_S345_L004_R2_001.fastq.gz	03_rename_fastq_files/F8_low_cov/ISC_061.2_F8lowcov_2A8_run2_R1.fastq.gz	03_rename_fastq_files/F8_low_cov/ISC_061.2_F8lowcov_2A8_run2_R2.fastq.gz
ISC_062.1	6023x9380_rep1	ISC_062.1_F8lowcov	2D6	2022-12-03	01_unzip_raw_data/02_unzip_lowcov_F8/H32TKDSX5_3_R14689_20230126/demultiplexed/216110/216110_TGGCTCGCAGAATCCGGCCA_S332_L003_R1_001.fastq.gz	01_unzip_raw_data/02_unzip_lowcov_F8/H32TKDSX5_3_R14689_20230126/demultiplexed/216110/216110_TGGCTCGCAGAATCCGGCCA_S332_L003_R2_001.fastq.gz	03_rename_fastq_files/F8_low_cov/ISC_062.1_F8lowcov_2D6_run1_R1.fastq.gz	03_rename_fastq_files/F8_low_cov/ISC_062.1_F8lowcov_2D6_run1_R2.fastq.gz
ISC_062.1	6023x9380_rep1	ISC_062.1_F8lowcov	2D6	2022-12-03	01_unzip_raw_data/02_unzip_lowcov_F8/H32TKDSX5_4_R14689_20230126/demultiplexed/216110/216110_TGGCTCGCAGAATCCGGCCA_S332_L004_R1_001.fastq.gz	01_unzip_raw_data/02_unzip_lowcov_F8/H32TKDSX5_4_R14689_20230126/demultiplexed/216110/216110_TGGCTCGCAGAATCCGGCCA_S332_L004_R2_001.fastq.gz	03_rename_fastq_files/F8_low_cov/ISC_062.1_F8lowcov_2D6_run2_R1.fastq.gz	03_rename_fastq_files/F8_low_cov/ISC_062.1_F8lowcov_2D6_run2_R2.fastq.gz
ISC_063.1	6024x1367_rep1	ISC_063.1_F8lowcov	3C5	2022-12-03	01_unzip_raw_data/02_unzip_lowcov_F8/H32TKDSX5_3_R14689_20230126/demultiplexed/216112/216112_GCTTCATATTCGTTCAGCCT_S131_L003_R1_001.fastq.gz	01_unzip_raw_data/02_unzip_lowcov_F8/H32TKDSX5_3_R14689_20230126/demultiplexed/216112/216112_GCTTCATATTCGTTCAGCCT_S131_L003_R2_001.fastq.gz	03_rename_fastq_files/F8_low_cov/ISC_063.1_F8lowcov_3C5_run1_R1.fastq.gz	03_rename_fastq_files/F8_low_cov/ISC_063.1_F8lowcov_3C5_run1_R2.fastq.gz
ISC_063.1	6024x1367_rep1	ISC_063.1_F8lowcov	3C5	2022-12-03	01_unzip_raw_data/02_unzip_lowcov_F8/H32TKDSX5_4_R14689_20230126/demultiplexed/216112/216112_GCTTCATATTCGTTCAGCCT_S131_L004_R1_001.fastq.gz	01_unzip_raw_data/02_unzip_lowcov_F8/H32TKDSX5_4_R14689_20230126/demultiplexed/216112/216112_GCTTCATATTCGTTCAGCCT_S131_L004_R2_001.fastq.gz	03_rename_fastq_files/F8_low_cov/ISC_063.1_F8lowcov_3C5_run2_R1.fastq.gz	03_rename_fastq_files/F8_low_cov/ISC_063.1_F8lowcov_3C5_run2_R2.fastq.gz
ISC_064.2	6024x1367_rep2	ISC_064.2_F8lowcov	4D3	2022-12-03	01_unzip_raw_data/02_unzip_lowcov_F8/H32TKDSX5_3_R14689_20230126/demultiplexed/216111/216111_ATCGGCGAAGTCCAAGAATT_S212_L003_R1_001.fastq.gz	01_unzip_raw_data/02_unzip_lowcov_F8/H32TKDSX5_3_R14689_20230126/demultiplexed/216111/216111_ATCGGCGAAGTCCAAGAATT_S212_L003_R2_001.fastq.gz	03_rename_fastq_files/F8_low_cov/ISC_064.2_F8lowcov_4D3_run1_R1.fastq.gz	03_rename_fastq_files/F8_low_cov/ISC_064.2_F8lowcov_4D3_run1_R2.fastq.gz
ISC_064.2	6024x1367_rep2	ISC_064.2_F8lowcov	4D3	2022-12-03	01_unzip_raw_data/02_unzip_lowcov_F8/H32TKDSX5_4_R14689_20230126/demultiplexed/216111/216111_ATCGGCGAAGTCCAAGAATT_S212_L004_R1_001.fastq.gz	01_unzip_raw_data/02_unzip_lowcov_F8/H32TKDSX5_4_R14689_20230126/demultiplexed/216111/216111_ATCGGCGAAGTCCAAGAATT_S212_L004_R2_001.fastq.gz	03_rename_fastq_files/F8_low_cov/ISC_064.2_F8lowcov_4D3_run2_R1.fastq.gz	03_rename_fastq_files/F8_low_cov/ISC_064.2_F8lowcov_4D3_run2_R2.fastq.gz
ISC_065.1	6024x6124_rep1	ISC_065.1_F8lowcov	4H4	2022-12-03	01_unzip_raw_data/02_unzip_lowcov_F8/H32TKDSX5_3_R14689_20230126/demultiplexed/216111/216111_CTAATAACCGAACCGCATCG_S224_L003_R1_001.fastq.gz	01_unzip_raw_data/02_unzip_lowcov_F8/H32TKDSX5_3_R14689_20230126/demultiplexed/216111/216111_CTAATAACCGAACCGCATCG_S224_L003_R2_001.fastq.gz	03_rename_fastq_files/F8_low_cov/ISC_065.1_F8lowcov_4H4_run1_R1.fastq.gz	03_rename_fastq_files/F8_low_cov/ISC_065.1_F8lowcov_4H4_run1_R2.fastq.gz
ISC_065.1	6024x6124_rep1	ISC_065.1_F8lowcov	4H4	2022-12-03	01_unzip_raw_data/02_unzip_lowcov_F8/H32TKDSX5_4_R14689_20230126/demultiplexed/216111/216111_CTAATAACCGAACCGCATCG_S224_L004_R1_001.fastq.gz	01_unzip_raw_data/02_unzip_lowcov_F8/H32TKDSX5_4_R14689_20230126/demultiplexed/216111/216111_CTAATAACCGAACCGCATCG_S224_L004_R2_001.fastq.gz	03_rename_fastq_files/F8_low_cov/ISC_065.1_F8lowcov_4H4_run2_R1.fastq.gz	03_rename_fastq_files/F8_low_cov/ISC_065.1_F8lowcov_4H4_run2_R2.fastq.gz
ISC_066.2	6024x6124_rep2	ISC_066.2_F8lowcov	3C7	2022-12-03	01_unzip_raw_data/02_unzip_lowcov_F8/H32TKDSX5_3_R14689_20230126/demultiplexed/216112/216112_TTCATGGTTCGACATTGTCA_S147_L003_R1_001.fastq.gz	01_unzip_raw_data/02_unzip_lowcov_F8/H32TKDSX5_3_R14689_20230126/demultiplexed/216112/216112_TTCATGGTTCGACATTGTCA_S147_L003_R2_001.fastq.gz	03_rename_fastq_files/F8_low_cov/ISC_066.2_F8lowcov_3C7_run1_R1.fastq.gz	03_rename_fastq_files/F8_low_cov/ISC_066.2_F8lowcov_3C7_run1_R2.fastq.gz
ISC_066.2	6024x6124_rep2	ISC_066.2_F8lowcov	3C7	2022-12-03	01_unzip_raw_data/02_unzip_lowcov_F8/H32TKDSX5_4_R14689_20230126/demultiplexed/216112/216112_TTCATGGTTCGACATTGTCA_S147_L004_R1_001.fastq.gz	01_unzip_raw_data/02_unzip_lowcov_F8/H32TKDSX5_4_R14689_20230126/demultiplexed/216112/216112_TTCATGGTTCGACATTGTCA_S147_L004_R2_001.fastq.gz	03_rename_fastq_files/F8_low_cov/ISC_066.2_F8lowcov_3C7_run2_R1.fastq.gz	03_rename_fastq_files/F8_low_cov/ISC_066.2_F8lowcov_3C7_run2_R2.fastq.gz
ISC_067.1	6025x6046_rep1	ISC_067.1_F8lowcov	4D10	2022-12-03	01_unzip_raw_data/02_unzip_lowcov_F8/H32TKDSX5_3_R14689_20230126/demultiplexed/216111/216111_CCTCCGGTTGCATAACACCA_S268_L003_R1_001.fastq.gz	01_unzip_raw_data/02_unzip_lowcov_F8/H32TKDSX5_3_R14689_20230126/demultiplexed/216111/216111_CCTCCGGTTGCATAACACCA_S268_L003_R2_001.fastq.gz	03_rename_fastq_files/F8_low_cov/ISC_067.1_F8lowcov_4D10_run1_R1.fastq.gz	03_rename_fastq_files/F8_low_cov/ISC_067.1_F8lowcov_4D10_run1_R2.fastq.gz
ISC_067.1	6025x6046_rep1	ISC_067.1_F8lowcov	4D10	2022-12-03	01_unzip_raw_data/02_unzip_lowcov_F8/H32TKDSX5_4_R14689_20230126/demultiplexed/216111/216111_CCTCCGGTTGCATAACACCA_S268_L004_R1_001.fastq.gz	01_unzip_raw_data/02_unzip_lowcov_F8/H32TKDSX5_4_R14689_20230126/demultiplexed/216111/216111_CCTCCGGTTGCATAACACCA_S268_L004_R2_001.fastq.gz	03_rename_fastq_files/F8_low_cov/ISC_067.1_F8lowcov_4D10_run2_R1.fastq.gz	03_rename_fastq_files/F8_low_cov/ISC_067.1_F8lowcov_4D10_run2_R2.fastq.gz
ISC_068.2	6025x6046_rep2	ISC_068.2_F8lowcov	4F9	2022-12-03	01_unzip_raw_data/02_unzip_lowcov_F8/H32TKDSX5_3_R14689_20230126/demultiplexed/216111/216111_CATATGCGATCCTTGAACGG_S262_L003_R1_001.fastq.gz	01_unzip_raw_data/02_unzip_lowcov_F8/H32TKDSX5_3_R14689_20230126/demultiplexed/216111/216111_CATATGCGATCCTTGAACGG_S262_L003_R2_001.fastq.gz	03_rename_fastq_files/F8_low_cov/ISC_068.2_F8lowcov_4F9_run1_R1.fastq.gz	03_rename_fastq_files/F8_low_cov/ISC_068.2_F8lowcov_4F9_run1_R2.fastq.gz
ISC_068.2	6025x6046_rep2	ISC_068.2_F8lowcov	4F9	2022-12-03	01_unzip_raw_data/02_unzip_lowcov_F8/H32TKDSX5_4_R14689_20230126/demultiplexed/216111/216111_CATATGCGATCCTTGAACGG_S262_L004_R1_001.fastq.gz	01_unzip_raw_data/02_unzip_lowcov_F8/H32TKDSX5_4_R14689_20230126/demultiplexed/216111/216111_CATATGCGATCCTTGAACGG_S262_L004_R2_001.fastq.gz	03_rename_fastq_files/F8_low_cov/ISC_068.2_F8lowcov_4F9_run2_R1.fastq.gz	03_rename_fastq_files/F8_low_cov/ISC_068.2_F8lowcov_4F9_run2_R2.fastq.gz
ISC_069.1	6030x992_rep1	ISC_069.1_F8lowcov	1B9	2022-12-03	01_unzip_raw_data/02_unzip_lowcov_F8/H32TKDSX5_3_R14689_20230126/demultiplexed/216113/216113_AGCGCTGTGTCGTTCGGAAC_S66_L003_R1_001.fastq.gz	01_unzip_raw_data/02_unzip_lowcov_F8/H32TKDSX5_3_R14689_20230126/demultiplexed/216113/216113_AGCGCTGTGTCGTTCGGAAC_S66_L003_R2_001.fastq.gz	03_rename_fastq_files/F8_low_cov/ISC_069.1_F8lowcov_1B9_run1_R1.fastq.gz	03_rename_fastq_files/F8_low_cov/ISC_069.1_F8lowcov_1B9_run1_R2.fastq.gz
ISC_069.1	6030x992_rep1	ISC_069.1_F8lowcov	1B9	2022-12-03	01_unzip_raw_data/02_unzip_lowcov_F8/H32TKDSX5_4_R14689_20230126/demultiplexed/216113/216113_AGCGCTGTGTCGTTCGGAAC_S66_L004_R1_001.fastq.gz	01_unzip_raw_data/02_unzip_lowcov_F8/H32TKDSX5_4_R14689_20230126/demultiplexed/216113/216113_AGCGCTGTGTCGTTCGGAAC_S66_L004_R2_001.fastq.gz	03_rename_fastq_files/F8_low_cov/ISC_069.1_F8lowcov_1B9_run2_R1.fastq.gz	03_rename_fastq_files/F8_low_cov/ISC_069.1_F8lowcov_1B9_run2_R2.fastq.gz
ISC_070.2	6030x992_rep2	ISC_070.2_F8lowcov	1C8	2022-12-03	01_unzip_raw_data/02_unzip_lowcov_F8/H32TKDSX5_3_R14689_20230126/demultiplexed/216113/216113_AGCTTACACATGGCACGACC_S59_L003_R1_001.fastq.gz	01_unzip_raw_data/02_unzip_lowcov_F8/H32TKDSX5_3_R14689_20230126/demultiplexed/216113/216113_AGCTTACACATGGCACGACC_S59_L003_R2_001.fastq.gz	03_rename_fastq_files/F8_low_cov/ISC_070.2_F8lowcov_1C8_run1_R1.fastq.gz	03_rename_fastq_files/F8_low_cov/ISC_070.2_F8lowcov_1C8_run1_R2.fastq.gz
ISC_070.2	6030x992_rep2	ISC_070.2_F8lowcov	1C8	2022-12-03	01_unzip_raw_data/02_unzip_lowcov_F8/H32TKDSX5_4_R14689_20230126/demultiplexed/216113/216113_AGCTTACACATGGCACGACC_S59_L004_R1_001.fastq.gz	01_unzip_raw_data/02_unzip_lowcov_F8/H32TKDSX5_4_R14689_20230126/demultiplexed/216113/216113_AGCTTACACATGGCACGACC_S59_L004_R2_001.fastq.gz	03_rename_fastq_files/F8_low_cov/ISC_070.2_F8lowcov_1C8_run2_R1.fastq.gz	03_rename_fastq_files/F8_low_cov/ISC_070.2_F8lowcov_1C8_run2_R2.fastq.gz
ISC_071.1	6034x6231_rep1	ISC_071.1_F8lowcov	2A4	2022-12-03	01_unzip_raw_data/02_unzip_lowcov_F8/H32TKDSX5_3_R14689_20230126/demultiplexed/216110/216110_TTCTATGGTTGGCGAGATGG_S313_L003_R1_001.fastq.gz	01_unzip_raw_data/02_unzip_lowcov_F8/H32TKDSX5_3_R14689_20230126/demultiplexed/216110/216110_TTCTATGGTTGGCGAGATGG_S313_L003_R2_001.fastq.gz	03_rename_fastq_files/F8_low_cov/ISC_071.1_F8lowcov_2A4_run1_R1.fastq.gz	03_rename_fastq_files/F8_low_cov/ISC_071.1_F8lowcov_2A4_run1_R2.fastq.gz
ISC_071.1	6034x6231_rep1	ISC_071.1_F8lowcov	2A4	2022-12-03	01_unzip_raw_data/02_unzip_lowcov_F8/H32TKDSX5_4_R14689_20230126/demultiplexed/216110/216110_TTCTATGGTTGGCGAGATGG_S313_L004_R1_001.fastq.gz	01_unzip_raw_data/02_unzip_lowcov_F8/H32TKDSX5_4_R14689_20230126/demultiplexed/216110/216110_TTCTATGGTTGGCGAGATGG_S313_L004_R2_001.fastq.gz	03_rename_fastq_files/F8_low_cov/ISC_071.1_F8lowcov_2A4_run2_R1.fastq.gz	03_rename_fastq_files/F8_low_cov/ISC_071.1_F8lowcov_2A4_run2_R2.fastq.gz
ISC_072.2	6034x6231_rep2	ISC_072.2_F8lowcov	4E9	2022-12-03	01_unzip_raw_data/02_unzip_lowcov_F8/H32TKDSX5_3_R14689_20230126/demultiplexed/216111/216111_TTAACCTTCGAGGCCAGACA_S261_L003_R1_001.fastq.gz	01_unzip_raw_data/02_unzip_lowcov_F8/H32TKDSX5_3_R14689_20230126/demultiplexed/216111/216111_TTAACCTTCGAGGCCAGACA_S261_L003_R2_001.fastq.gz	03_rename_fastq_files/F8_low_cov/ISC_072.2_F8lowcov_4E9_run1_R1.fastq.gz	03_rename_fastq_files/F8_low_cov/ISC_072.2_F8lowcov_4E9_run1_R2.fastq.gz
ISC_072.2	6034x6231_rep2	ISC_072.2_F8lowcov	4E9	2022-12-03	01_unzip_raw_data/02_unzip_lowcov_F8/H32TKDSX5_4_R14689_20230126/demultiplexed/216111/216111_TTAACCTTCGAGGCCAGACA_S261_L004_R1_001.fastq.gz	01_unzip_raw_data/02_unzip_lowcov_F8/H32TKDSX5_4_R14689_20230126/demultiplexed/216111/216111_TTAACCTTCGAGGCCAGACA_S261_L004_R2_001.fastq.gz	03_rename_fastq_files/F8_low_cov/ISC_072.2_F8lowcov_4E9_run2_R1.fastq.gz	03_rename_fastq_files/F8_low_cov/ISC_072.2_F8lowcov_4E9_run2_R2.fastq.gz
ISC_073.1	6035x9433_rep1	ISC_073.1_F8lowcov	3H7	2022-12-03	01_unzip_raw_data/02_unzip_lowcov_F8/H32TKDSX5_3_R14689_20230126/demultiplexed/216112/216112_TCCAGAGATCCTGCACTTCA_S152_L003_R1_001.fastq.gz	01_unzip_raw_data/02_unzip_lowcov_F8/H32TKDSX5_3_R14689_20230126/demultiplexed/216112/216112_TCCAGAGATCCTGCACTTCA_S152_L003_R2_001.fastq.gz	03_rename_fastq_files/F8_low_cov/ISC_073.1_F8lowcov_3H7_run1_R1.fastq.gz	03_rename_fastq_files/F8_low_cov/ISC_073.1_F8lowcov_3H7_run1_R2.fastq.gz
ISC_073.1	6035x9433_rep1	ISC_073.1_F8lowcov	3H7	2022-12-03	01_unzip_raw_data/02_unzip_lowcov_F8/H32TKDSX5_4_R14689_20230126/demultiplexed/216112/216112_TCCAGAGATCCTGCACTTCA_S152_L004_R1_001.fastq.gz	01_unzip_raw_data/02_unzip_lowcov_F8/H32TKDSX5_4_R14689_20230126/demultiplexed/216112/216112_TCCAGAGATCCTGCACTTCA_S152_L004_R2_001.fastq.gz	03_rename_fastq_files/F8_low_cov/ISC_073.1_F8lowcov_3H7_run2_R1.fastq.gz	03_rename_fastq_files/F8_low_cov/ISC_073.1_F8lowcov_3H7_run2_R2.fastq.gz
ISC_074.2	6035x9433_rep2	ISC_074.2_F8lowcov	2F4	2022-12-03	01_unzip_raw_data/02_unzip_lowcov_F8/H32TKDSX5_3_R14689_20230126/demultiplexed/216110/216110_TGCCTGGTGGCTTATGGAAT_S318_L003_R1_001.fastq.gz	01_unzip_raw_data/02_unzip_lowcov_F8/H32TKDSX5_3_R14689_20230126/demultiplexed/216110/216110_TGCCTGGTGGCTTATGGAAT_S318_L003_R2_001.fastq.gz	03_rename_fastq_files/F8_low_cov/ISC_074.2_F8lowcov_2F4_run1_R1.fastq.gz	03_rename_fastq_files/F8_low_cov/ISC_074.2_F8lowcov_2F4_run1_R2.fastq.gz
ISC_074.2	6035x9433_rep2	ISC_074.2_F8lowcov	2F4	2022-12-03	01_unzip_raw_data/02_unzip_lowcov_F8/H32TKDSX5_4_R14689_20230126/demultiplexed/216110/216110_TGCCTGGTGGCTTATGGAAT_S318_L004_R1_001.fastq.gz	01_unzip_raw_data/02_unzip_lowcov_F8/H32TKDSX5_4_R14689_20230126/demultiplexed/216110/216110_TGCCTGGTGGCTTATGGAAT_S318_L004_R2_001.fastq.gz	03_rename_fastq_files/F8_low_cov/ISC_074.2_F8lowcov_2F4_run2_R1.fastq.gz	03_rename_fastq_files/F8_low_cov/ISC_074.2_F8lowcov_2F4_run2_R2.fastq.gz
ISC_075.1	6036x1318_rep1	ISC_075.1_F8lowcov	2G4	2022-12-03	01_unzip_raw_data/02_unzip_lowcov_F8/H32TKDSX5_3_R14689_20230126/demultiplexed/216110/216110_TGCGTGTCACGCTTACGGAC_S319_L003_R1_001.fastq.gz	01_unzip_raw_data/02_unzip_lowcov_F8/H32TKDSX5_3_R14689_20230126/demultiplexed/216110/216110_TGCGTGTCACGCTTACGGAC_S319_L003_R2_001.fastq.gz	03_rename_fastq_files/F8_low_cov/ISC_075.1_F8lowcov_2G4_run1_R1.fastq.gz	03_rename_fastq_files/F8_low_cov/ISC_075.1_F8lowcov_2G4_run1_R2.fastq.gz
ISC_075.1	6036x1318_rep1	ISC_075.1_F8lowcov	2G4	2022-12-03	01_unzip_raw_data/02_unzip_lowcov_F8/H32TKDSX5_4_R14689_20230126/demultiplexed/216110/216110_TGCGTGTCACGCTTACGGAC_S319_L004_R1_001.fastq.gz	01_unzip_raw_data/02_unzip_lowcov_F8/H32TKDSX5_4_R14689_20230126/demultiplexed/216110/216110_TGCGTGTCACGCTTACGGAC_S319_L004_R2_001.fastq.gz	03_rename_fastq_files/F8_low_cov/ISC_075.1_F8lowcov_2G4_run2_R1.fastq.gz	03_rename_fastq_files/F8_low_cov/ISC_075.1_F8lowcov_2G4_run2_R2.fastq.gz
ISC_076.2	6036x1318_rep2	ISC_076.2_F8lowcov	3B3	2022-12-03	01_unzip_raw_data/02_unzip_lowcov_F8/H32TKDSX5_3_R14689_20230126/demultiplexed/216112/216112_AGCTACTATAGTTATATGGC_S114_L003_R1_001.fastq.gz	01_unzip_raw_data/02_unzip_lowcov_F8/H32TKDSX5_3_R14689_20230126/demultiplexed/216112/216112_AGCTACTATAGTTATATGGC_S114_L003_R2_001.fastq.gz	03_rename_fastq_files/F8_low_cov/ISC_076.2_F8lowcov_3B3_run1_R1.fastq.gz	03_rename_fastq_files/F8_low_cov/ISC_076.2_F8lowcov_3B3_run1_R2.fastq.gz
ISC_076.2	6036x1318_rep2	ISC_076.2_F8lowcov	3B3	2022-12-03	01_unzip_raw_data/02_unzip_lowcov_F8/H32TKDSX5_4_R14689_20230126/demultiplexed/216112/216112_AGCTACTATAGTTATATGGC_S114_L004_R1_001.fastq.gz	01_unzip_raw_data/02_unzip_lowcov_F8/H32TKDSX5_4_R14689_20230126/demultiplexed/216112/216112_AGCTACTATAGTTATATGGC_S114_L004_R2_001.fastq.gz	03_rename_fastq_files/F8_low_cov/ISC_076.2_F8lowcov_3B3_run2_R1.fastq.gz	03_rename_fastq_files/F8_low_cov/ISC_076.2_F8lowcov_3B3_run2_R2.fastq.gz
ISC_077.1	6036x6203_rep1	ISC_077.1_F8lowcov	3H2	2022-12-03	01_unzip_raw_data/02_unzip_lowcov_F8/H32TKDSX5_3_R14689_20230126/demultiplexed/216112/216112_GATCGGATAAGTATCGGCCG_S112_L003_R1_001.fastq.gz	01_unzip_raw_data/02_unzip_lowcov_F8/H32TKDSX5_3_R14689_20230126/demultiplexed/216112/216112_GATCGGATAAGTATCGGCCG_S112_L003_R2_001.fastq.gz	03_rename_fastq_files/F8_low_cov/ISC_077.1_F8lowcov_3H2_run1_R1.fastq.gz	03_rename_fastq_files/F8_low_cov/ISC_077.1_F8lowcov_3H2_run1_R2.fastq.gz
ISC_077.1	6036x6203_rep1	ISC_077.1_F8lowcov	3H2	2022-12-03	01_unzip_raw_data/02_unzip_lowcov_F8/H32TKDSX5_4_R14689_20230126/demultiplexed/216112/216112_GATCGGATAAGTATCGGCCG_S112_L004_R1_001.fastq.gz	01_unzip_raw_data/02_unzip_lowcov_F8/H32TKDSX5_4_R14689_20230126/demultiplexed/216112/216112_GATCGGATAAGTATCGGCCG_S112_L004_R2_001.fastq.gz	03_rename_fastq_files/F8_low_cov/ISC_077.1_F8lowcov_3H2_run2_R1.fastq.gz	03_rename_fastq_files/F8_low_cov/ISC_077.1_F8lowcov_3H2_run2_R2.fastq.gz
ISC_078.2	6038x6039_rep2	ISC_078.2_F8lowcov	1D5	2022-12-03	01_unzip_raw_data/02_unzip_lowcov_F8/H32TKDSX5_3_R14689_20230126/demultiplexed/216113/216113_CCAAGAGGTGAACGAGCCAG_S36_L003_R1_001.fastq.gz	01_unzip_raw_data/02_unzip_lowcov_F8/H32TKDSX5_3_R14689_20230126/demultiplexed/216113/216113_CCAAGAGGTGAACGAGCCAG_S36_L003_R2_001.fastq.gz	03_rename_fastq_files/F8_low_cov/ISC_078.2_F8lowcov_1D5_run1_R1.fastq.gz	03_rename_fastq_files/F8_low_cov/ISC_078.2_F8lowcov_1D5_run1_R2.fastq.gz
ISC_078.2	6038x6039_rep2	ISC_078.2_F8lowcov	1D5	2022-12-03	01_unzip_raw_data/02_unzip_lowcov_F8/H32TKDSX5_4_R14689_20230126/demultiplexed/216113/216113_CCAAGAGGTGAACGAGCCAG_S36_L004_R1_001.fastq.gz	01_unzip_raw_data/02_unzip_lowcov_F8/H32TKDSX5_4_R14689_20230126/demultiplexed/216113/216113_CCAAGAGGTGAACGAGCCAG_S36_L004_R2_001.fastq.gz	03_rename_fastq_files/F8_low_cov/ISC_078.2_F8lowcov_1D5_run2_R1.fastq.gz	03_rename_fastq_files/F8_low_cov/ISC_078.2_F8lowcov_1D5_run2_R2.fastq.gz
ISC_079.1	6039x5835_rep1	ISC_079.1_F8lowcov	1H1	2022-12-03	01_unzip_raw_data/02_unzip_lowcov_F8/H32TKDSX5_3_R14689_20230126/demultiplexed/216113/216113_CTATGAAGGACTTATACCTG_S8_L003_R1_001.fastq.gz	01_unzip_raw_data/02_unzip_lowcov_F8/H32TKDSX5_3_R14689_20230126/demultiplexed/216113/216113_CTATGAAGGACTTATACCTG_S8_L003_R2_001.fastq.gz	03_rename_fastq_files/F8_low_cov/ISC_079.1_F8lowcov_1H1_run1_R1.fastq.gz	03_rename_fastq_files/F8_low_cov/ISC_079.1_F8lowcov_1H1_run1_R2.fastq.gz
ISC_079.1	6039x5835_rep1	ISC_079.1_F8lowcov	1H1	2022-12-03	01_unzip_raw_data/02_unzip_lowcov_F8/H32TKDSX5_4_R14689_20230126/demultiplexed/216113/216113_CTATGAAGGACTTATACCTG_S8_L004_R1_001.fastq.gz	01_unzip_raw_data/02_unzip_lowcov_F8/H32TKDSX5_4_R14689_20230126/demultiplexed/216113/216113_CTATGAAGGACTTATACCTG_S8_L004_R2_001.fastq.gz	03_rename_fastq_files/F8_low_cov/ISC_079.1_F8lowcov_1H1_run2_R1.fastq.gz	03_rename_fastq_files/F8_low_cov/ISC_079.1_F8lowcov_1H1_run2_R2.fastq.gz
ISC_080.2	6039x5835_rep2	ISC_080.2_F8lowcov	1H8	2022-12-03	01_unzip_raw_data/02_unzip_lowcov_F8/H32TKDSX5_3_R14689_20230126/demultiplexed/216113/216113_CGCATTCCGTATTAGTGGAG_S64_L003_R1_001.fastq.gz	01_unzip_raw_data/02_unzip_lowcov_F8/H32TKDSX5_3_R14689_20230126/demultiplexed/216113/216113_CGCATTCCGTATTAGTGGAG_S64_L003_R2_001.fastq.gz	03_rename_fastq_files/F8_low_cov/ISC_080.2_F8lowcov_1H8_run1_R1.fastq.gz	03_rename_fastq_files/F8_low_cov/ISC_080.2_F8lowcov_1H8_run1_R2.fastq.gz
ISC_080.2	6039x5835_rep2	ISC_080.2_F8lowcov	1H8	2022-12-03	01_unzip_raw_data/02_unzip_lowcov_F8/H32TKDSX5_4_R14689_20230126/demultiplexed/216113/216113_CGCATTCCGTATTAGTGGAG_S64_L004_R1_001.fastq.gz	01_unzip_raw_data/02_unzip_lowcov_F8/H32TKDSX5_4_R14689_20230126/demultiplexed/216113/216113_CGCATTCCGTATTAGTGGAG_S64_L004_R2_001.fastq.gz	03_rename_fastq_files/F8_low_cov/ISC_080.2_F8lowcov_1H8_run2_R1.fastq.gz	03_rename_fastq_files/F8_low_cov/ISC_080.2_F8lowcov_1H8_run2_R2.fastq.gz
ISC_081.1	6040x6041_rep1	ISC_081.1_F8lowcov	1E8	2022-12-03	01_unzip_raw_data/02_unzip_lowcov_F8/H32TKDSX5_3_R14689_20230126/demultiplexed/216113/216113_CTTAAGTCGACAGTAGTTGT_S61_L003_R1_001.fastq.gz	01_unzip_raw_data/02_unzip_lowcov_F8/H32TKDSX5_3_R14689_20230126/demultiplexed/216113/216113_CTTAAGTCGACAGTAGTTGT_S61_L003_R2_001.fastq.gz	03_rename_fastq_files/F8_low_cov/ISC_081.1_F8lowcov_1E8_run1_R1.fastq.gz	03_rename_fastq_files/F8_low_cov/ISC_081.1_F8lowcov_1E8_run1_R2.fastq.gz
ISC_081.1	6040x6041_rep1	ISC_081.1_F8lowcov	1E8	2022-12-03	01_unzip_raw_data/02_unzip_lowcov_F8/H32TKDSX5_4_R14689_20230126/demultiplexed/216113/216113_CTTAAGTCGACAGTAGTTGT_S61_L004_R1_001.fastq.gz	01_unzip_raw_data/02_unzip_lowcov_F8/H32TKDSX5_4_R14689_20230126/demultiplexed/216113/216113_CTTAAGTCGACAGTAGTTGT_S61_L004_R2_001.fastq.gz	03_rename_fastq_files/F8_low_cov/ISC_081.1_F8lowcov_1E8_run2_R1.fastq.gz	03_rename_fastq_files/F8_low_cov/ISC_081.1_F8lowcov_1E8_run2_R2.fastq.gz
ISC_082.2	6040x6041_rep2	ISC_082.2_F8lowcov	3A3	2022-12-03	01_unzip_raw_data/02_unzip_lowcov_F8/H32TKDSX5_3_R14689_20230126/demultiplexed/216112/216112_GCTAGACTATAATACGACAT_S113_L003_R1_001.fastq.gz	01_unzip_raw_data/02_unzip_lowcov_F8/H32TKDSX5_3_R14689_20230126/demultiplexed/216112/216112_GCTAGACTATAATACGACAT_S113_L003_R2_001.fastq.gz	03_rename_fastq_files/F8_low_cov/ISC_082.2_F8lowcov_3A3_run1_R1.fastq.gz	03_rename_fastq_files/F8_low_cov/ISC_082.2_F8lowcov_3A3_run1_R2.fastq.gz
ISC_082.2	6040x6041_rep2	ISC_082.2_F8lowcov	3A3	2022-12-03	01_unzip_raw_data/02_unzip_lowcov_F8/H32TKDSX5_4_R14689_20230126/demultiplexed/216112/216112_GCTAGACTATAATACGACAT_S113_L004_R1_001.fastq.gz	01_unzip_raw_data/02_unzip_lowcov_F8/H32TKDSX5_4_R14689_20230126/demultiplexed/216112/216112_GCTAGACTATAATACGACAT_S113_L004_R2_001.fastq.gz	03_rename_fastq_files/F8_low_cov/ISC_082.2_F8lowcov_3A3_run2_R1.fastq.gz	03_rename_fastq_files/F8_low_cov/ISC_082.2_F8lowcov_3A3_run2_R2.fastq.gz
ISC_083.1	6041x6153_rep1	ISC_083.1_F8lowcov	1D2	2022-12-03	01_unzip_raw_data/02_unzip_lowcov_F8/H32TKDSX5_3_R14689_20230126/demultiplexed/216113/216113_GGTCCGCTTCCTCACACAAG_S12_L003_R1_001.fastq.gz	01_unzip_raw_data/02_unzip_lowcov_F8/H32TKDSX5_3_R14689_20230126/demultiplexed/216113/216113_GGTCCGCTTCCTCACACAAG_S12_L003_R2_001.fastq.gz	03_rename_fastq_files/F8_low_cov/ISC_083.1_F8lowcov_1D2_run1_R1.fastq.gz	03_rename_fastq_files/F8_low_cov/ISC_083.1_F8lowcov_1D2_run1_R2.fastq.gz
ISC_083.1	6041x6153_rep1	ISC_083.1_F8lowcov	1D2	2022-12-03	01_unzip_raw_data/02_unzip_lowcov_F8/H32TKDSX5_4_R14689_20230126/demultiplexed/216113/216113_GGTCCGCTTCCTCACACAAG_S12_L004_R1_001.fastq.gz	01_unzip_raw_data/02_unzip_lowcov_F8/H32TKDSX5_4_R14689_20230126/demultiplexed/216113/216113_GGTCCGCTTCCTCACACAAG_S12_L004_R2_001.fastq.gz	03_rename_fastq_files/F8_low_cov/ISC_083.1_F8lowcov_1D2_run2_R1.fastq.gz	03_rename_fastq_files/F8_low_cov/ISC_083.1_F8lowcov_1D2_run2_R2.fastq.gz
ISC_084.2	6041x6153_rep2	ISC_084.2_F8lowcov	2C4	2022-12-03	01_unzip_raw_data/02_unzip_lowcov_F8/H32TKDSX5_3_R14689_20230126/demultiplexed/216110/216110_TGGATGCTTATCAATCCATT_S315_L003_R1_001.fastq.gz	01_unzip_raw_data/02_unzip_lowcov_F8/H32TKDSX5_3_R14689_20230126/demultiplexed/216110/216110_TGGATGCTTATCAATCCATT_S315_L003_R2_001.fastq.gz	03_rename_fastq_files/F8_low_cov/ISC_084.2_F8lowcov_2C4_run1_R1.fastq.gz	03_rename_fastq_files/F8_low_cov/ISC_084.2_F8lowcov_2C4_run1_R2.fastq.gz
ISC_084.2	6041x6153_rep2	ISC_084.2_F8lowcov	2C4	2022-12-03	01_unzip_raw_data/02_unzip_lowcov_F8/H32TKDSX5_4_R14689_20230126/demultiplexed/216110/216110_TGGATGCTTATCAATCCATT_S315_L004_R1_001.fastq.gz	01_unzip_raw_data/02_unzip_lowcov_F8/H32TKDSX5_4_R14689_20230126/demultiplexed/216110/216110_TGGATGCTTATCAATCCATT_S315_L004_R2_001.fastq.gz	03_rename_fastq_files/F8_low_cov/ISC_084.2_F8lowcov_2C4_run2_R1.fastq.gz	03_rename_fastq_files/F8_low_cov/ISC_084.2_F8lowcov_2C4_run2_R2.fastq.gz
ISC_085.1	6043x9453_rep1	ISC_085.1_F8lowcov	2E8	2022-12-03	01_unzip_raw_data/02_unzip_lowcov_F8/H32TKDSX5_3_R14689_20230126/demultiplexed/216110/216110_TGATTAGCCAAGGCATGTAG_S349_L003_R1_001.fastq.gz	01_unzip_raw_data/02_unzip_lowcov_F8/H32TKDSX5_3_R14689_20230126/demultiplexed/216110/216110_TGATTAGCCAAGGCATGTAG_S349_L003_R2_001.fastq.gz	03_rename_fastq_files/F8_low_cov/ISC_085.1_F8lowcov_2E8_run1_R1.fastq.gz	03_rename_fastq_files/F8_low_cov/ISC_085.1_F8lowcov_2E8_run1_R2.fastq.gz
ISC_085.1	6043x9453_rep1	ISC_085.1_F8lowcov	2E8	2022-12-03	01_unzip_raw_data/02_unzip_lowcov_F8/H32TKDSX5_4_R14689_20230126/demultiplexed/216110/216110_TGATTAGCCAAGGCATGTAG_S349_L004_R1_001.fastq.gz	01_unzip_raw_data/02_unzip_lowcov_F8/H32TKDSX5_4_R14689_20230126/demultiplexed/216110/216110_TGATTAGCCAAGGCATGTAG_S349_L004_R2_001.fastq.gz	03_rename_fastq_files/F8_low_cov/ISC_085.1_F8lowcov_2E8_run2_R1.fastq.gz	03_rename_fastq_files/F8_low_cov/ISC_085.1_F8lowcov_2E8_run2_R2.fastq.gz
ISC_086.2	6043x9453_rep2	ISC_086.2_F8lowcov	5B1	2023-01-19	01_unzip_raw_data/02_unzip_lowcov_F8/HMN2MDRX2_0_R14837_20230130/demultiplexed/219242/219242_CGAGGCCAAGGTGTTACCGG_S2_R1_001.fastq.gz	01_unzip_raw_data/02_unzip_lowcov_F8/HMN2MDRX2_0_R14837_20230130/demultiplexed/219242/219242_CGAGGCCAAGGTGTTACCGG_S2_R2_001.fastq.gz	03_rename_fastq_files/F8_low_cov/ISC_086.2_F8lowcov_5B1_run1_R1.fastq.gz	03_rename_fastq_files/F8_low_cov/ISC_086.2_F8lowcov_5B1_run1_R2.fastq.gz
ISC_087.1	6046x6191_rep1	ISC_087.1_F8lowcov	2D8	2022-12-03	01_unzip_raw_data/02_unzip_lowcov_F8/H32TKDSX5_3_R14689_20230126/demultiplexed/216110/216110_TTCCAGGTAAACAGTTCCAG_S348_L003_R1_001.fastq.gz	01_unzip_raw_data/02_unzip_lowcov_F8/H32TKDSX5_3_R14689_20230126/demultiplexed/216110/216110_TTCCAGGTAAACAGTTCCAG_S348_L003_R2_001.fastq.gz	03_rename_fastq_files/F8_low_cov/ISC_087.1_F8lowcov_2D8_run1_R1.fastq.gz	03_rename_fastq_files/F8_low_cov/ISC_087.1_F8lowcov_2D8_run1_R2.fastq.gz
ISC_087.1	6046x6191_rep1	ISC_087.1_F8lowcov	2D8	2022-12-03	01_unzip_raw_data/02_unzip_lowcov_F8/H32TKDSX5_4_R14689_20230126/demultiplexed/216110/216110_TTCCAGGTAAACAGTTCCAG_S348_L004_R1_001.fastq.gz	01_unzip_raw_data/02_unzip_lowcov_F8/H32TKDSX5_4_R14689_20230126/demultiplexed/216110/216110_TTCCAGGTAAACAGTTCCAG_S348_L004_R2_001.fastq.gz	03_rename_fastq_files/F8_low_cov/ISC_087.1_F8lowcov_2D8_run2_R1.fastq.gz	03_rename_fastq_files/F8_low_cov/ISC_087.1_F8lowcov_2D8_run2_R2.fastq.gz
ISC_088.2	6046x6191_rep2	ISC_088.2_F8lowcov	1G12	2022-12-03	01_unzip_raw_data/02_unzip_lowcov_F8/H32TKDSX5_3_R14689_20230126/demultiplexed/216113/216113_TATGAACTTGAATCCTTAGG_S95_L003_R1_001.fastq.gz	01_unzip_raw_data/02_unzip_lowcov_F8/H32TKDSX5_3_R14689_20230126/demultiplexed/216113/216113_TATGAACTTGAATCCTTAGG_S95_L003_R2_001.fastq.gz	03_rename_fastq_files/F8_low_cov/ISC_088.2_F8lowcov_1G12_run1_R1.fastq.gz	03_rename_fastq_files/F8_low_cov/ISC_088.2_F8lowcov_1G12_run1_R2.fastq.gz
ISC_088.2	6046x6191_rep2	ISC_088.2_F8lowcov	1G12	2022-12-03	01_unzip_raw_data/02_unzip_lowcov_F8/H32TKDSX5_4_R14689_20230126/demultiplexed/216113/216113_TATGAACTTGAATCCTTAGG_S95_L004_R1_001.fastq.gz	01_unzip_raw_data/02_unzip_lowcov_F8/H32TKDSX5_4_R14689_20230126/demultiplexed/216113/216113_TATGAACTTGAATCCTTAGG_S95_L004_R2_001.fastq.gz	03_rename_fastq_files/F8_low_cov/ISC_088.2_F8lowcov_1G12_run2_R1.fastq.gz	03_rename_fastq_files/F8_low_cov/ISC_088.2_F8lowcov_1G12_run2_R2.fastq.gz
ISC_089.1	6064x9404_rep1	ISC_089.1_F8lowcov	2C8	2022-12-03	01_unzip_raw_data/02_unzip_lowcov_F8/H32TKDSX5_3_R14689_20230126/demultiplexed/216110/216110_GGACCAACAGATAGACCGTT_S347_L003_R1_001.fastq.gz	01_unzip_raw_data/02_unzip_lowcov_F8/H32TKDSX5_3_R14689_20230126/demultiplexed/216110/216110_GGACCAACAGATAGACCGTT_S347_L003_R2_001.fastq.gz	03_rename_fastq_files/F8_low_cov/ISC_089.1_F8lowcov_2C8_run1_R1.fastq.gz	03_rename_fastq_files/F8_low_cov/ISC_089.1_F8lowcov_2C8_run1_R2.fastq.gz
ISC_089.1	6064x9404_rep1	ISC_089.1_F8lowcov	2C8	2022-12-03	01_unzip_raw_data/02_unzip_lowcov_F8/H32TKDSX5_4_R14689_20230126/demultiplexed/216110/216110_GGACCAACAGATAGACCGTT_S347_L004_R1_001.fastq.gz	01_unzip_raw_data/02_unzip_lowcov_F8/H32TKDSX5_4_R14689_20230126/demultiplexed/216110/216110_GGACCAACAGATAGACCGTT_S347_L004_R2_001.fastq.gz	03_rename_fastq_files/F8_low_cov/ISC_089.1_F8lowcov_2C8_run2_R1.fastq.gz	03_rename_fastq_files/F8_low_cov/ISC_089.1_F8lowcov_2C8_run2_R2.fastq.gz
ISC_090.2	6064x9404_rep2	ISC_090.2_F8lowcov	4H12	2022-12-03	01_unzip_raw_data/02_unzip_lowcov_F8/H32TKDSX5_3_R14689_20230126/demultiplexed/216111/216111_CCGGTAACACGAGTTGTACT_S288_L003_R1_001.fastq.gz	01_unzip_raw_data/02_unzip_lowcov_F8/H32TKDSX5_3_R14689_20230126/demultiplexed/216111/216111_CCGGTAACACGAGTTGTACT_S288_L003_R2_001.fastq.gz	03_rename_fastq_files/F8_low_cov/ISC_090.2_F8lowcov_4H12_run1_R1.fastq.gz	03_rename_fastq_files/F8_low_cov/ISC_090.2_F8lowcov_4H12_run1_R2.fastq.gz
ISC_090.2	6064x9404_rep2	ISC_090.2_F8lowcov	4H12	2022-12-03	01_unzip_raw_data/02_unzip_lowcov_F8/H32TKDSX5_4_R14689_20230126/demultiplexed/216111/216111_CCGGTAACACGAGTTGTACT_S288_L004_R1_001.fastq.gz	01_unzip_raw_data/02_unzip_lowcov_F8/H32TKDSX5_4_R14689_20230126/demultiplexed/216111/216111_CCGGTAACACGAGTTGTACT_S288_L004_R2_001.fastq.gz	03_rename_fastq_files/F8_low_cov/ISC_090.2_F8lowcov_4H12_run2_R1.fastq.gz	03_rename_fastq_files/F8_low_cov/ISC_090.2_F8lowcov_4H12_run2_R2.fastq.gz
ISC_091.1	6069x9470_rep1	ISC_091.1_F8lowcov	4B8	2022-12-03	01_unzip_raw_data/02_unzip_lowcov_F8/H32TKDSX5_3_R14689_20230126/demultiplexed/216111/216111_GTTCGGAGTTCGCCTTCTGA_S250_L003_R1_001.fastq.gz	01_unzip_raw_data/02_unzip_lowcov_F8/H32TKDSX5_3_R14689_20230126/demultiplexed/216111/216111_GTTCGGAGTTCGCCTTCTGA_S250_L003_R2_001.fastq.gz	03_rename_fastq_files/F8_low_cov/ISC_091.1_F8lowcov_4B8_run1_R1.fastq.gz	03_rename_fastq_files/F8_low_cov/ISC_091.1_F8lowcov_4B8_run1_R2.fastq.gz
ISC_091.1	6069x9470_rep1	ISC_091.1_F8lowcov	4B8	2022-12-03	01_unzip_raw_data/02_unzip_lowcov_F8/H32TKDSX5_4_R14689_20230126/demultiplexed/216111/216111_GTTCGGAGTTCGCCTTCTGA_S250_L004_R1_001.fastq.gz	01_unzip_raw_data/02_unzip_lowcov_F8/H32TKDSX5_4_R14689_20230126/demultiplexed/216111/216111_GTTCGGAGTTCGCCTTCTGA_S250_L004_R2_001.fastq.gz	03_rename_fastq_files/F8_low_cov/ISC_091.1_F8lowcov_4B8_run2_R1.fastq.gz	03_rename_fastq_files/F8_low_cov/ISC_091.1_F8lowcov_4B8_run2_R2.fastq.gz
ISC_092.2	6069x9470_rep2	ISC_092.2_F8lowcov	4F3	2022-12-03	01_unzip_raw_data/02_unzip_lowcov_F8/H32TKDSX5_3_R14689_20230126/demultiplexed/216111/216111_ATACTTGTTCTAACCGCCGA_S214_L003_R1_001.fastq.gz	01_unzip_raw_data/02_unzip_lowcov_F8/H32TKDSX5_3_R14689_20230126/demultiplexed/216111/216111_ATACTTGTTCTAACCGCCGA_S214_L003_R2_001.fastq.gz	03_rename_fastq_files/F8_low_cov/ISC_092.2_F8lowcov_4F3_run1_R1.fastq.gz	03_rename_fastq_files/F8_low_cov/ISC_092.2_F8lowcov_4F3_run1_R2.fastq.gz
ISC_092.2	6069x9470_rep2	ISC_092.2_F8lowcov	4F3	2022-12-03	01_unzip_raw_data/02_unzip_lowcov_F8/H32TKDSX5_4_R14689_20230126/demultiplexed/216111/216111_ATACTTGTTCTAACCGCCGA_S214_L004_R1_001.fastq.gz	01_unzip_raw_data/02_unzip_lowcov_F8/H32TKDSX5_4_R14689_20230126/demultiplexed/216111/216111_ATACTTGTTCTAACCGCCGA_S214_L004_R2_001.fastq.gz	03_rename_fastq_files/F8_low_cov/ISC_092.2_F8lowcov_4F3_run2_R1.fastq.gz	03_rename_fastq_files/F8_low_cov/ISC_092.2_F8lowcov_4F3_run2_R2.fastq.gz
ISC_093.1	6070x6019_rep1	ISC_093.1_F8lowcov	4E4	2022-12-03	01_unzip_raw_data/02_unzip_lowcov_F8/H32TKDSX5_3_R14689_20230126/demultiplexed/216111/216111_AGGCCGTGGACTCGTGCGTT_S221_L003_R1_001.fastq.gz	01_unzip_raw_data/02_unzip_lowcov_F8/H32TKDSX5_3_R14689_20230126/demultiplexed/216111/216111_AGGCCGTGGACTCGTGCGTT_S221_L003_R2_001.fastq.gz	03_rename_fastq_files/F8_low_cov/ISC_093.1_F8lowcov_4E4_run1_R1.fastq.gz	03_rename_fastq_files/F8_low_cov/ISC_093.1_F8lowcov_4E4_run1_R2.fastq.gz
ISC_093.1	6070x6019_rep1	ISC_093.1_F8lowcov	4E4	2022-12-03	01_unzip_raw_data/02_unzip_lowcov_F8/H32TKDSX5_4_R14689_20230126/demultiplexed/216111/216111_AGGCCGTGGACTCGTGCGTT_S221_L004_R1_001.fastq.gz	01_unzip_raw_data/02_unzip_lowcov_F8/H32TKDSX5_4_R14689_20230126/demultiplexed/216111/216111_AGGCCGTGGACTCGTGCGTT_S221_L004_R2_001.fastq.gz	03_rename_fastq_files/F8_low_cov/ISC_093.1_F8lowcov_4E4_run2_R1.fastq.gz	03_rename_fastq_files/F8_low_cov/ISC_093.1_F8lowcov_4E4_run2_R2.fastq.gz
ISC_094.2	6070x6019_rep2	ISC_094.2_F8lowcov	2E12	2022-12-03	01_unzip_raw_data/02_unzip_lowcov_F8/H32TKDSX5_3_R14689_20230126/demultiplexed/216110/216110_CTGGATATGTTATGTGCAAT_S381_L003_R1_001.fastq.gz	01_unzip_raw_data/02_unzip_lowcov_F8/H32TKDSX5_3_R14689_20230126/demultiplexed/216110/216110_CTGGATATGTTATGTGCAAT_S381_L003_R2_001.fastq.gz	03_rename_fastq_files/F8_low_cov/ISC_094.2_F8lowcov_2E12_run1_R1.fastq.gz	03_rename_fastq_files/F8_low_cov/ISC_094.2_F8lowcov_2E12_run1_R2.fastq.gz
ISC_094.2	6070x6019_rep2	ISC_094.2_F8lowcov	2E12	2022-12-03	01_unzip_raw_data/02_unzip_lowcov_F8/H32TKDSX5_4_R14689_20230126/demultiplexed/216110/216110_CTGGATATGTTATGTGCAAT_S381_L004_R1_001.fastq.gz	01_unzip_raw_data/02_unzip_lowcov_F8/H32TKDSX5_4_R14689_20230126/demultiplexed/216110/216110_CTGGATATGTTATGTGCAAT_S381_L004_R2_001.fastq.gz	03_rename_fastq_files/F8_low_cov/ISC_094.2_F8lowcov_2E12_run2_R1.fastq.gz	03_rename_fastq_files/F8_low_cov/ISC_094.2_F8lowcov_2E12_run2_R2.fastq.gz
ISC_095.1	6071x6145_rep1	ISC_095.1_F8lowcov	4G8	2022-12-03	01_unzip_raw_data/02_unzip_lowcov_F8/H32TKDSX5_3_R14689_20230126/demultiplexed/216111/216111_TCCGGACTAGGACGAACAAT_S255_L003_R1_001.fastq.gz	01_unzip_raw_data/02_unzip_lowcov_F8/H32TKDSX5_3_R14689_20230126/demultiplexed/216111/216111_TCCGGACTAGGACGAACAAT_S255_L003_R2_001.fastq.gz	03_rename_fastq_files/F8_low_cov/ISC_095.1_F8lowcov_4G8_run1_R1.fastq.gz	03_rename_fastq_files/F8_low_cov/ISC_095.1_F8lowcov_4G8_run1_R2.fastq.gz
ISC_095.1	6071x6145_rep1	ISC_095.1_F8lowcov	4G8	2022-12-03	01_unzip_raw_data/02_unzip_lowcov_F8/H32TKDSX5_4_R14689_20230126/demultiplexed/216111/216111_TCCGGACTAGGACGAACAAT_S255_L004_R1_001.fastq.gz	01_unzip_raw_data/02_unzip_lowcov_F8/H32TKDSX5_4_R14689_20230126/demultiplexed/216111/216111_TCCGGACTAGGACGAACAAT_S255_L004_R2_001.fastq.gz	03_rename_fastq_files/F8_low_cov/ISC_095.1_F8lowcov_4G8_run2_R1.fastq.gz	03_rename_fastq_files/F8_low_cov/ISC_095.1_F8lowcov_4G8_run2_R2.fastq.gz
ISC_096.2	6071x6145_rep2	ISC_096.2_F8lowcov	4H3	2022-12-03	01_unzip_raw_data/02_unzip_lowcov_F8/H32TKDSX5_3_R14689_20230126/demultiplexed/216111/216111_AGGACAGGCCCATTCCAGCT_S216_L003_R1_001.fastq.gz	01_unzip_raw_data/02_unzip_lowcov_F8/H32TKDSX5_3_R14689_20230126/demultiplexed/216111/216111_AGGACAGGCCCATTCCAGCT_S216_L003_R2_001.fastq.gz	03_rename_fastq_files/F8_low_cov/ISC_096.2_F8lowcov_4H3_run1_R1.fastq.gz	03_rename_fastq_files/F8_low_cov/ISC_096.2_F8lowcov_4H3_run1_R2.fastq.gz
ISC_096.2	6071x6145_rep2	ISC_096.2_F8lowcov	4H3	2022-12-03	01_unzip_raw_data/02_unzip_lowcov_F8/H32TKDSX5_4_R14689_20230126/demultiplexed/216111/216111_AGGACAGGCCCATTCCAGCT_S216_L004_R1_001.fastq.gz	01_unzip_raw_data/02_unzip_lowcov_F8/H32TKDSX5_4_R14689_20230126/demultiplexed/216111/216111_AGGACAGGCCCATTCCAGCT_S216_L004_R2_001.fastq.gz	03_rename_fastq_files/F8_low_cov/ISC_096.2_F8lowcov_4H3_run2_R1.fastq.gz	03_rename_fastq_files/F8_low_cov/ISC_096.2_F8lowcov_4H3_run2_R2.fastq.gz
ISC_097.2	6073x9476_rep2	ISC_097.2_F8lowcov	4H1	2022-12-03	01_unzip_raw_data/02_unzip_lowcov_F8/H32TKDSX5_3_R14689_20230126/demultiplexed/216111/216111_GGTCTATTAACCACGACACG_S200_L003_R1_001.fastq.gz	01_unzip_raw_data/02_unzip_lowcov_F8/H32TKDSX5_3_R14689_20230126/demultiplexed/216111/216111_GGTCTATTAACCACGACACG_S200_L003_R2_001.fastq.gz	03_rename_fastq_files/F8_low_cov/ISC_097.2_F8lowcov_4H1_run1_R1.fastq.gz	03_rename_fastq_files/F8_low_cov/ISC_097.2_F8lowcov_4H1_run1_R2.fastq.gz
ISC_097.2	6073x9476_rep2	ISC_097.2_F8lowcov	4H1	2022-12-03	01_unzip_raw_data/02_unzip_lowcov_F8/H32TKDSX5_4_R14689_20230126/demultiplexed/216111/216111_GGTCTATTAACCACGACACG_S200_L004_R1_001.fastq.gz	01_unzip_raw_data/02_unzip_lowcov_F8/H32TKDSX5_4_R14689_20230126/demultiplexed/216111/216111_GGTCTATTAACCACGACACG_S200_L004_R2_001.fastq.gz	03_rename_fastq_files/F8_low_cov/ISC_097.2_F8lowcov_4H1_run2_R1.fastq.gz	03_rename_fastq_files/F8_low_cov/ISC_097.2_F8lowcov_4H1_run2_R2.fastq.gz
ISC_098.1	6074x9421_rep1	ISC_098.1_F8lowcov	3A4	2022-12-03	01_unzip_raw_data/02_unzip_lowcov_F8/H32TKDSX5_3_R14689_20230126/demultiplexed/216112/216112_CACTATCAACTCAGTTAATG_S121_L003_R1_001.fastq.gz	01_unzip_raw_data/02_unzip_lowcov_F8/H32TKDSX5_3_R14689_20230126/demultiplexed/216112/216112_CACTATCAACTCAGTTAATG_S121_L003_R2_001.fastq.gz	03_rename_fastq_files/F8_low_cov/ISC_098.1_F8lowcov_3A4_run1_R1.fastq.gz	03_rename_fastq_files/F8_low_cov/ISC_098.1_F8lowcov_3A4_run1_R2.fastq.gz
ISC_098.1	6074x9421_rep1	ISC_098.1_F8lowcov	3A4	2022-12-03	01_unzip_raw_data/02_unzip_lowcov_F8/H32TKDSX5_4_R14689_20230126/demultiplexed/216112/216112_CACTATCAACTCAGTTAATG_S121_L004_R1_001.fastq.gz	01_unzip_raw_data/02_unzip_lowcov_F8/H32TKDSX5_4_R14689_20230126/demultiplexed/216112/216112_CACTATCAACTCAGTTAATG_S121_L004_R2_001.fastq.gz	03_rename_fastq_files/F8_low_cov/ISC_098.1_F8lowcov_3A4_run2_R1.fastq.gz	03_rename_fastq_files/F8_low_cov/ISC_098.1_F8lowcov_3A4_run2_R2.fastq.gz
ISC_099.2	6074x9421_rep2	ISC_099.2_F8lowcov	3D9	2022-12-03	01_unzip_raw_data/02_unzip_lowcov_F8/H32TKDSX5_3_R14689_20230126/demultiplexed/216112/216112_GGCGCCATTGACCGCGCAAT_S164_L003_R1_001.fastq.gz	01_unzip_raw_data/02_unzip_lowcov_F8/H32TKDSX5_3_R14689_20230126/demultiplexed/216112/216112_GGCGCCATTGACCGCGCAAT_S164_L003_R2_001.fastq.gz	03_rename_fastq_files/F8_low_cov/ISC_099.2_F8lowcov_3D9_run1_R1.fastq.gz	03_rename_fastq_files/F8_low_cov/ISC_099.2_F8lowcov_3D9_run1_R2.fastq.gz
ISC_099.2	6074x9421_rep2	ISC_099.2_F8lowcov	3D9	2022-12-03	01_unzip_raw_data/02_unzip_lowcov_F8/H32TKDSX5_4_R14689_20230126/demultiplexed/216112/216112_GGCGCCATTGACCGCGCAAT_S164_L004_R1_001.fastq.gz	01_unzip_raw_data/02_unzip_lowcov_F8/H32TKDSX5_4_R14689_20230126/demultiplexed/216112/216112_GGCGCCATTGACCGCGCAAT_S164_L004_R2_001.fastq.gz	03_rename_fastq_files/F8_low_cov/ISC_099.2_F8lowcov_3D9_run2_R1.fastq.gz	03_rename_fastq_files/F8_low_cov/ISC_099.2_F8lowcov_3D9_run2_R2.fastq.gz
ISC_100.1	6076x1254_rep1	ISC_100.1_F8lowcov	3E5	2022-12-03	01_unzip_raw_data/02_unzip_lowcov_F8/H32TKDSX5_3_R14689_20230126/demultiplexed/216112/216112_GCTCTTAACTCACGTCCACC_S133_L003_R1_001.fastq.gz	01_unzip_raw_data/02_unzip_lowcov_F8/H32TKDSX5_3_R14689_20230126/demultiplexed/216112/216112_GCTCTTAACTCACGTCCACC_S133_L003_R2_001.fastq.gz	03_rename_fastq_files/F8_low_cov/ISC_100.1_F8lowcov_3E5_run1_R1.fastq.gz	03_rename_fastq_files/F8_low_cov/ISC_100.1_F8lowcov_3E5_run1_R2.fastq.gz
ISC_100.1	6076x1254_rep1	ISC_100.1_F8lowcov	3E5	2022-12-03	01_unzip_raw_data/02_unzip_lowcov_F8/H32TKDSX5_4_R14689_20230126/demultiplexed/216112/216112_GCTCTTAACTCACGTCCACC_S133_L004_R1_001.fastq.gz	01_unzip_raw_data/02_unzip_lowcov_F8/H32TKDSX5_4_R14689_20230126/demultiplexed/216112/216112_GCTCTTAACTCACGTCCACC_S133_L004_R2_001.fastq.gz	03_rename_fastq_files/F8_low_cov/ISC_100.1_F8lowcov_3E5_run2_R1.fastq.gz	03_rename_fastq_files/F8_low_cov/ISC_100.1_F8lowcov_3E5_run2_R2.fastq.gz
ISC_101.2	6076x1254_rep2	ISC_101.2_F8lowcov	3F7	2022-12-03	01_unzip_raw_data/02_unzip_lowcov_F8/H32TKDSX5_3_R14689_20230126/demultiplexed/216112/216112_ATTATCCACTTACGCACGTA_S150_L003_R1_001.fastq.gz	01_unzip_raw_data/02_unzip_lowcov_F8/H32TKDSX5_3_R14689_20230126/demultiplexed/216112/216112_ATTATCCACTTACGCACGTA_S150_L003_R2_001.fastq.gz	03_rename_fastq_files/F8_low_cov/ISC_101.2_F8lowcov_3F7_run1_R1.fastq.gz	03_rename_fastq_files/F8_low_cov/ISC_101.2_F8lowcov_3F7_run1_R2.fastq.gz
ISC_101.2	6076x1254_rep2	ISC_101.2_F8lowcov	3F7	2022-12-03	01_unzip_raw_data/02_unzip_lowcov_F8/H32TKDSX5_4_R14689_20230126/demultiplexed/216112/216112_ATTATCCACTTACGCACGTA_S150_L004_R1_001.fastq.gz	01_unzip_raw_data/02_unzip_lowcov_F8/H32TKDSX5_4_R14689_20230126/demultiplexed/216112/216112_ATTATCCACTTACGCACGTA_S150_L004_R2_001.fastq.gz	03_rename_fastq_files/F8_low_cov/ISC_101.2_F8lowcov_3F7_run2_R1.fastq.gz	03_rename_fastq_files/F8_low_cov/ISC_101.2_F8lowcov_3F7_run2_R2.fastq.gz
ISC_102.1	6085x9409_rep1	ISC_102.1_F8lowcov	4A11	2022-12-03	01_unzip_raw_data/02_unzip_lowcov_F8/H32TKDSX5_3_R14689_20230126/demultiplexed/216111/216111_CTCGAATATAGAGATGTCGA_S273_L003_R1_001.fastq.gz	01_unzip_raw_data/02_unzip_lowcov_F8/H32TKDSX5_3_R14689_20230126/demultiplexed/216111/216111_CTCGAATATAGAGATGTCGA_S273_L003_R2_001.fastq.gz	03_rename_fastq_files/F8_low_cov/ISC_102.1_F8lowcov_4A11_run1_R1.fastq.gz	03_rename_fastq_files/F8_low_cov/ISC_102.1_F8lowcov_4A11_run1_R2.fastq.gz
ISC_102.1	6085x9409_rep1	ISC_102.1_F8lowcov	4A11	2022-12-03	01_unzip_raw_data/02_unzip_lowcov_F8/H32TKDSX5_4_R14689_20230126/demultiplexed/216111/216111_CTCGAATATAGAGATGTCGA_S273_L004_R1_001.fastq.gz	01_unzip_raw_data/02_unzip_lowcov_F8/H32TKDSX5_4_R14689_20230126/demultiplexed/216111/216111_CTCGAATATAGAGATGTCGA_S273_L004_R2_001.fastq.gz	03_rename_fastq_files/F8_low_cov/ISC_102.1_F8lowcov_4A11_run2_R1.fastq.gz	03_rename_fastq_files/F8_low_cov/ISC_102.1_F8lowcov_4A11_run2_R2.fastq.gz
ISC_103.2	6085x9409_rep2	ISC_103.2_F8lowcov	4F1	2022-12-03	01_unzip_raw_data/02_unzip_lowcov_F8/H32TKDSX5_3_R14689_20230126/demultiplexed/216111/216111_ATGGCGCCTGTCCACGGCCT_S198_L003_R1_001.fastq.gz	01_unzip_raw_data/02_unzip_lowcov_F8/H32TKDSX5_3_R14689_20230126/demultiplexed/216111/216111_ATGGCGCCTGTCCACGGCCT_S198_L003_R2_001.fastq.gz	03_rename_fastq_files/F8_low_cov/ISC_103.2_F8lowcov_4F1_run1_R1.fastq.gz	03_rename_fastq_files/F8_low_cov/ISC_103.2_F8lowcov_4F1_run1_R2.fastq.gz
ISC_103.2	6085x9409_rep2	ISC_103.2_F8lowcov	4F1	2022-12-03	01_unzip_raw_data/02_unzip_lowcov_F8/H32TKDSX5_4_R14689_20230126/demultiplexed/216111/216111_ATGGCGCCTGTCCACGGCCT_S198_L004_R1_001.fastq.gz	01_unzip_raw_data/02_unzip_lowcov_F8/H32TKDSX5_4_R14689_20230126/demultiplexed/216111/216111_ATGGCGCCTGTCCACGGCCT_S198_L004_R2_001.fastq.gz	03_rename_fastq_files/F8_low_cov/ISC_103.2_F8lowcov_4F1_run2_R1.fastq.gz	03_rename_fastq_files/F8_low_cov/ISC_103.2_F8lowcov_4F1_run2_R2.fastq.gz
ISC_104.1	6086x8222_rep1	ISC_104.1_F8lowcov	3G3	2022-12-03	01_unzip_raw_data/02_unzip_lowcov_F8/H32TKDSX5_3_R14689_20230126/demultiplexed/216112/216112_CGCTTAGAATCAGAGTGATA_S119_L003_R1_001.fastq.gz	01_unzip_raw_data/02_unzip_lowcov_F8/H32TKDSX5_3_R14689_20230126/demultiplexed/216112/216112_CGCTTAGAATCAGAGTGATA_S119_L003_R2_001.fastq.gz	03_rename_fastq_files/F8_low_cov/ISC_104.1_F8lowcov_3G3_run1_R1.fastq.gz	03_rename_fastq_files/F8_low_cov/ISC_104.1_F8lowcov_3G3_run1_R2.fastq.gz
ISC_104.1	6086x8222_rep1	ISC_104.1_F8lowcov	3G3	2022-12-03	01_unzip_raw_data/02_unzip_lowcov_F8/H32TKDSX5_4_R14689_20230126/demultiplexed/216112/216112_CGCTTAGAATCAGAGTGATA_S119_L004_R1_001.fastq.gz	01_unzip_raw_data/02_unzip_lowcov_F8/H32TKDSX5_4_R14689_20230126/demultiplexed/216112/216112_CGCTTAGAATCAGAGTGATA_S119_L004_R2_001.fastq.gz	03_rename_fastq_files/F8_low_cov/ISC_104.1_F8lowcov_3G3_run2_R1.fastq.gz	03_rename_fastq_files/F8_low_cov/ISC_104.1_F8lowcov_3G3_run2_R2.fastq.gz
ISC_105.2	6086x8222_rep2	ISC_105.2_F8lowcov	3E9	2022-12-03	01_unzip_raw_data/02_unzip_lowcov_F8/H32TKDSX5_3_R14689_20230126/demultiplexed/216112/216112_AGCGAATTAGAGCCGGAACA_S165_L003_R1_001.fastq.gz	01_unzip_raw_data/02_unzip_lowcov_F8/H32TKDSX5_3_R14689_20230126/demultiplexed/216112/216112_AGCGAATTAGAGCCGGAACA_S165_L003_R2_001.fastq.gz	03_rename_fastq_files/F8_low_cov/ISC_105.2_F8lowcov_3E9_run1_R1.fastq.gz	03_rename_fastq_files/F8_low_cov/ISC_105.2_F8lowcov_3E9_run1_R2.fastq.gz
ISC_105.2	6086x8222_rep2	ISC_105.2_F8lowcov	3E9	2022-12-03	01_unzip_raw_data/02_unzip_lowcov_F8/H32TKDSX5_4_R14689_20230126/demultiplexed/216112/216112_AGCGAATTAGAGCCGGAACA_S165_L004_R1_001.fastq.gz	01_unzip_raw_data/02_unzip_lowcov_F8/H32TKDSX5_4_R14689_20230126/demultiplexed/216112/216112_AGCGAATTAGAGCCGGAACA_S165_L004_R2_001.fastq.gz	03_rename_fastq_files/F8_low_cov/ISC_105.2_F8lowcov_3E9_run2_R1.fastq.gz	03_rename_fastq_files/F8_low_cov/ISC_105.2_F8lowcov_3E9_run2_R2.fastq.gz
ISC_106.1	6088x9386_rep1	ISC_106.1_F8lowcov	5C2	2023-01-19	01_unzip_raw_data/02_unzip_lowcov_F8/HMN2MDRX2_0_R14837_20230130/demultiplexed/219242/219242_AGTATGCTACTTAATAGACC_S11_R1_001.fastq.gz	01_unzip_raw_data/02_unzip_lowcov_F8/HMN2MDRX2_0_R14837_20230130/demultiplexed/219242/219242_AGTATGCTACTTAATAGACC_S11_R2_001.fastq.gz	03_rename_fastq_files/F8_low_cov/ISC_106.1_F8lowcov_5C2_run1_R1.fastq.gz	03_rename_fastq_files/F8_low_cov/ISC_106.1_F8lowcov_5C2_run1_R2.fastq.gz
ISC_107.2	6088x9386_rep2	ISC_107.2_F8lowcov	5G5	2023-01-19	01_unzip_raw_data/02_unzip_lowcov_F8/HMN2MDRX2_0_R14837_20230130/demultiplexed/219242/219242_TGACGGCCGTAGTCAACCAT_S39_R1_001.fastq.gz	01_unzip_raw_data/02_unzip_lowcov_F8/HMN2MDRX2_0_R14837_20230130/demultiplexed/219242/219242_TGACGGCCGTAGTCAACCAT_S39_R2_001.fastq.gz	03_rename_fastq_files/F8_low_cov/ISC_107.2_F8lowcov_5G5_run1_R1.fastq.gz	03_rename_fastq_files/F8_low_cov/ISC_107.2_F8lowcov_5G5_run1_R2.fastq.gz
ISC_108.1	6090x9416_rep1	ISC_108.1_F8lowcov	4C1	2022-12-03	01_unzip_raw_data/02_unzip_lowcov_F8/H32TKDSX5_3_R14689_20230126/demultiplexed/216111/216111_TCTCACACGCCGGACAGTGA_S195_L003_R1_001.fastq.gz	01_unzip_raw_data/02_unzip_lowcov_F8/H32TKDSX5_3_R14689_20230126/demultiplexed/216111/216111_TCTCACACGCCGGACAGTGA_S195_L003_R2_001.fastq.gz	03_rename_fastq_files/F8_low_cov/ISC_108.1_F8lowcov_4C1_run1_R1.fastq.gz	03_rename_fastq_files/F8_low_cov/ISC_108.1_F8lowcov_4C1_run1_R2.fastq.gz
ISC_108.1	6090x9416_rep1	ISC_108.1_F8lowcov	4C1	2022-12-03	01_unzip_raw_data/02_unzip_lowcov_F8/H32TKDSX5_4_R14689_20230126/demultiplexed/216111/216111_TCTCACACGCCGGACAGTGA_S195_L004_R1_001.fastq.gz	01_unzip_raw_data/02_unzip_lowcov_F8/H32TKDSX5_4_R14689_20230126/demultiplexed/216111/216111_TCTCACACGCCGGACAGTGA_S195_L004_R2_001.fastq.gz	03_rename_fastq_files/F8_low_cov/ISC_108.1_F8lowcov_4C1_run2_R1.fastq.gz	03_rename_fastq_files/F8_low_cov/ISC_108.1_F8lowcov_4C1_run2_R2.fastq.gz
ISC_109.2	6090x9416_rep2	ISC_109.2_F8lowcov	3F12	2022-12-03	01_unzip_raw_data/02_unzip_lowcov_F8/H32TKDSX5_3_R14689_20230126/demultiplexed/216112/216112_CATAGTAAGGACCAAGTTAC_S190_L003_R1_001.fastq.gz	01_unzip_raw_data/02_unzip_lowcov_F8/H32TKDSX5_3_R14689_20230126/demultiplexed/216112/216112_CATAGTAAGGACCAAGTTAC_S190_L003_R2_001.fastq.gz	03_rename_fastq_files/F8_low_cov/ISC_109.2_F8lowcov_3F12_run1_R1.fastq.gz	03_rename_fastq_files/F8_low_cov/ISC_109.2_F8lowcov_3F12_run1_R2.fastq.gz
ISC_109.2	6090x9416_rep2	ISC_109.2_F8lowcov	3F12	2022-12-03	01_unzip_raw_data/02_unzip_lowcov_F8/H32TKDSX5_4_R14689_20230126/demultiplexed/216112/216112_CATAGTAAGGACCAAGTTAC_S190_L004_R1_001.fastq.gz	01_unzip_raw_data/02_unzip_lowcov_F8/H32TKDSX5_4_R14689_20230126/demultiplexed/216112/216112_CATAGTAAGGACCAAGTTAC_S190_L004_R2_001.fastq.gz	03_rename_fastq_files/F8_low_cov/ISC_109.2_F8lowcov_3F12_run2_R1.fastq.gz	03_rename_fastq_files/F8_low_cov/ISC_109.2_F8lowcov_3F12_run2_R2.fastq.gz
ISC_110.1	6092x6125_rep1	ISC_110.1_F8lowcov	4D1	2022-12-03	01_unzip_raw_data/02_unzip_lowcov_F8/H32TKDSX5_3_R14689_20230126/demultiplexed/216111/216111_TCAATGGAGAGCACTACAAC_S196_L003_R1_001.fastq.gz	01_unzip_raw_data/02_unzip_lowcov_F8/H32TKDSX5_3_R14689_20230126/demultiplexed/216111/216111_TCAATGGAGAGCACTACAAC_S196_L003_R2_001.fastq.gz	03_rename_fastq_files/F8_low_cov/ISC_110.1_F8lowcov_4D1_run1_R1.fastq.gz	03_rename_fastq_files/F8_low_cov/ISC_110.1_F8lowcov_4D1_run1_R2.fastq.gz
ISC_110.1	6092x6125_rep1	ISC_110.1_F8lowcov	4D1	2022-12-03	01_unzip_raw_data/02_unzip_lowcov_F8/H32TKDSX5_4_R14689_20230126/demultiplexed/216111/216111_TCAATGGAGAGCACTACAAC_S196_L004_R1_001.fastq.gz	01_unzip_raw_data/02_unzip_lowcov_F8/H32TKDSX5_4_R14689_20230126/demultiplexed/216111/216111_TCAATGGAGAGCACTACAAC_S196_L004_R2_001.fastq.gz	03_rename_fastq_files/F8_low_cov/ISC_110.1_F8lowcov_4D1_run2_R1.fastq.gz	03_rename_fastq_files/F8_low_cov/ISC_110.1_F8lowcov_4D1_run2_R2.fastq.gz
ISC_111.2	6092x6125_rep2	ISC_111.2_F8lowcov	4H11	2022-12-03	01_unzip_raw_data/02_unzip_lowcov_F8/H32TKDSX5_3_R14689_20230126/demultiplexed/216111/216111_ATCCAGGTATCAACGTCAGC_S280_L003_R1_001.fastq.gz	01_unzip_raw_data/02_unzip_lowcov_F8/H32TKDSX5_3_R14689_20230126/demultiplexed/216111/216111_ATCCAGGTATCAACGTCAGC_S280_L003_R2_001.fastq.gz	03_rename_fastq_files/F8_low_cov/ISC_111.2_F8lowcov_4H11_run1_R1.fastq.gz	03_rename_fastq_files/F8_low_cov/ISC_111.2_F8lowcov_4H11_run1_R2.fastq.gz
ISC_111.2	6092x6125_rep2	ISC_111.2_F8lowcov	4H11	2022-12-03	01_unzip_raw_data/02_unzip_lowcov_F8/H32TKDSX5_4_R14689_20230126/demultiplexed/216111/216111_ATCCAGGTATCAACGTCAGC_S280_L004_R1_001.fastq.gz	01_unzip_raw_data/02_unzip_lowcov_F8/H32TKDSX5_4_R14689_20230126/demultiplexed/216111/216111_ATCCAGGTATCAACGTCAGC_S280_L004_R2_001.fastq.gz	03_rename_fastq_files/F8_low_cov/ISC_111.2_F8lowcov_4H11_run2_R1.fastq.gz	03_rename_fastq_files/F8_low_cov/ISC_111.2_F8lowcov_4H11_run2_R2.fastq.gz
ISC_112.1	6094x9369_rep1	ISC_112.1_F8lowcov	2D4	2022-12-03	01_unzip_raw_data/02_unzip_lowcov_F8/H32TKDSX5_3_R14689_20230126/demultiplexed/216110/216110_ATGTCGTGGTTCGTATGCGG_S316_L003_R1_001.fastq.gz	01_unzip_raw_data/02_unzip_lowcov_F8/H32TKDSX5_3_R14689_20230126/demultiplexed/216110/216110_ATGTCGTGGTTCGTATGCGG_S316_L003_R2_001.fastq.gz	03_rename_fastq_files/F8_low_cov/ISC_112.1_F8lowcov_2D4_run1_R1.fastq.gz	03_rename_fastq_files/F8_low_cov/ISC_112.1_F8lowcov_2D4_run1_R2.fastq.gz
ISC_112.1	6094x9369_rep1	ISC_112.1_F8lowcov	2D4	2022-12-03	01_unzip_raw_data/02_unzip_lowcov_F8/H32TKDSX5_4_R14689_20230126/demultiplexed/216110/216110_ATGTCGTGGTTCGTATGCGG_S316_L004_R1_001.fastq.gz	01_unzip_raw_data/02_unzip_lowcov_F8/H32TKDSX5_4_R14689_20230126/demultiplexed/216110/216110_ATGTCGTGGTTCGTATGCGG_S316_L004_R2_001.fastq.gz	03_rename_fastq_files/F8_low_cov/ISC_112.1_F8lowcov_2D4_run2_R1.fastq.gz	03_rename_fastq_files/F8_low_cov/ISC_112.1_F8lowcov_2D4_run2_R2.fastq.gz
ISC_113.2	6094x9369_rep2	ISC_113.2_F8lowcov	3G2	2022-12-03	01_unzip_raw_data/02_unzip_lowcov_F8/H32TKDSX5_3_R14689_20230126/demultiplexed/216112/216112_GAATATGCGGACGAGACTGA_S111_L003_R1_001.fastq.gz	01_unzip_raw_data/02_unzip_lowcov_F8/H32TKDSX5_3_R14689_20230126/demultiplexed/216112/216112_GAATATGCGGACGAGACTGA_S111_L003_R2_001.fastq.gz	03_rename_fastq_files/F8_low_cov/ISC_113.2_F8lowcov_3G2_run1_R1.fastq.gz	03_rename_fastq_files/F8_low_cov/ISC_113.2_F8lowcov_3G2_run1_R2.fastq.gz
ISC_113.2	6094x9369_rep2	ISC_113.2_F8lowcov	3G2	2022-12-03	01_unzip_raw_data/02_unzip_lowcov_F8/H32TKDSX5_4_R14689_20230126/demultiplexed/216112/216112_GAATATGCGGACGAGACTGA_S111_L004_R1_001.fastq.gz	01_unzip_raw_data/02_unzip_lowcov_F8/H32TKDSX5_4_R14689_20230126/demultiplexed/216112/216112_GAATATGCGGACGAGACTGA_S111_L004_R2_001.fastq.gz	03_rename_fastq_files/F8_low_cov/ISC_113.2_F8lowcov_3G2_run2_R1.fastq.gz	03_rename_fastq_files/F8_low_cov/ISC_113.2_F8lowcov_3G2_run2_R2.fastq.gz
ISC_114.1	6097x1318_rep1	ISC_114.1_F8lowcov	3C9	2022-12-03	01_unzip_raw_data/02_unzip_lowcov_F8/H32TKDSX5_3_R14689_20230126/demultiplexed/216112/216112_TCATACCGTTGGTAACGCAG_S163_L003_R1_001.fastq.gz	01_unzip_raw_data/02_unzip_lowcov_F8/H32TKDSX5_3_R14689_20230126/demultiplexed/216112/216112_TCATACCGTTGGTAACGCAG_S163_L003_R2_001.fastq.gz	03_rename_fastq_files/F8_low_cov/ISC_114.1_F8lowcov_3C9_run1_R1.fastq.gz	03_rename_fastq_files/F8_low_cov/ISC_114.1_F8lowcov_3C9_run1_R2.fastq.gz
ISC_114.1	6097x1318_rep1	ISC_114.1_F8lowcov	3C9	2022-12-03	01_unzip_raw_data/02_unzip_lowcov_F8/H32TKDSX5_4_R14689_20230126/demultiplexed/216112/216112_TCATACCGTTGGTAACGCAG_S163_L004_R1_001.fastq.gz	01_unzip_raw_data/02_unzip_lowcov_F8/H32TKDSX5_4_R14689_20230126/demultiplexed/216112/216112_TCATACCGTTGGTAACGCAG_S163_L004_R2_001.fastq.gz	03_rename_fastq_files/F8_low_cov/ISC_114.1_F8lowcov_3C9_run2_R1.fastq.gz	03_rename_fastq_files/F8_low_cov/ISC_114.1_F8lowcov_3C9_run2_R2.fastq.gz
ISC_115.2	6097x1318_rep2	ISC_115.2_F8lowcov	4F12	2022-12-03	01_unzip_raw_data/02_unzip_lowcov_F8/H32TKDSX5_3_R14689_20230126/demultiplexed/216111/216111_CACCTTAATCTTAGGATAGA_S286_L003_R1_001.fastq.gz	01_unzip_raw_data/02_unzip_lowcov_F8/H32TKDSX5_3_R14689_20230126/demultiplexed/216111/216111_CACCTTAATCTTAGGATAGA_S286_L003_R2_001.fastq.gz	03_rename_fastq_files/F8_low_cov/ISC_115.2_F8lowcov_4F12_run1_R1.fastq.gz	03_rename_fastq_files/F8_low_cov/ISC_115.2_F8lowcov_4F12_run1_R2.fastq.gz
ISC_115.2	6097x1318_rep2	ISC_115.2_F8lowcov	4F12	2022-12-03	01_unzip_raw_data/02_unzip_lowcov_F8/H32TKDSX5_4_R14689_20230126/demultiplexed/216111/216111_CACCTTAATCTTAGGATAGA_S286_L004_R1_001.fastq.gz	01_unzip_raw_data/02_unzip_lowcov_F8/H32TKDSX5_4_R14689_20230126/demultiplexed/216111/216111_CACCTTAATCTTAGGATAGA_S286_L004_R2_001.fastq.gz	03_rename_fastq_files/F8_low_cov/ISC_115.2_F8lowcov_4F12_run2_R1.fastq.gz	03_rename_fastq_files/F8_low_cov/ISC_115.2_F8lowcov_4F12_run2_R2.fastq.gz
ISC_116.1	6098x9451_rep1	ISC_116.1_F8lowcov	5G4	2023-01-19	01_unzip_raw_data/02_unzip_lowcov_F8/HMN2MDRX2_0_R14837_20230130/demultiplexed/219242/219242_TAGCATAACCGCTATGCGCA_S31_R1_001.fastq.gz	01_unzip_raw_data/02_unzip_lowcov_F8/HMN2MDRX2_0_R14837_20230130/demultiplexed/219242/219242_TAGCATAACCGCTATGCGCA_S31_R2_001.fastq.gz	03_rename_fastq_files/F8_low_cov/ISC_116.1_F8lowcov_5G4_run1_R1.fastq.gz	03_rename_fastq_files/F8_low_cov/ISC_116.1_F8lowcov_5G4_run1_R2.fastq.gz
ISC_117.2	6098x9451_rep2	ISC_117.2_F8lowcov	4G9	2022-12-03	01_unzip_raw_data/02_unzip_lowcov_F8/H32TKDSX5_3_R14689_20230126/demultiplexed/216111/216111_AGCCTATGATCACCACCTAC_S263_L003_R1_001.fastq.gz	01_unzip_raw_data/02_unzip_lowcov_F8/H32TKDSX5_3_R14689_20230126/demultiplexed/216111/216111_AGCCTATGATCACCACCTAC_S263_L003_R2_001.fastq.gz	03_rename_fastq_files/F8_low_cov/ISC_117.2_F8lowcov_4G9_run1_R1.fastq.gz	03_rename_fastq_files/F8_low_cov/ISC_117.2_F8lowcov_4G9_run1_R2.fastq.gz
ISC_117.2	6098x9451_rep2	ISC_117.2_F8lowcov	4G9	2022-12-03	01_unzip_raw_data/02_unzip_lowcov_F8/H32TKDSX5_4_R14689_20230126/demultiplexed/216111/216111_AGCCTATGATCACCACCTAC_S263_L004_R1_001.fastq.gz	01_unzip_raw_data/02_unzip_lowcov_F8/H32TKDSX5_4_R14689_20230126/demultiplexed/216111/216111_AGCCTATGATCACCACCTAC_S263_L004_R2_001.fastq.gz	03_rename_fastq_files/F8_low_cov/ISC_117.2_F8lowcov_4G9_run2_R1.fastq.gz	03_rename_fastq_files/F8_low_cov/ISC_117.2_F8lowcov_4G9_run2_R2.fastq.gz
ISC_118.2	6099x9394_rep2	ISC_118.2_F8lowcov	5D4	2023-01-19	01_unzip_raw_data/02_unzip_lowcov_F8/HMN2MDRX2_0_R14837_20230130/demultiplexed/219242/219242_CTAAGTACGCAACATACCTA_S28_R1_001.fastq.gz	01_unzip_raw_data/02_unzip_lowcov_F8/HMN2MDRX2_0_R14837_20230130/demultiplexed/219242/219242_CTAAGTACGCAACATACCTA_S28_R2_001.fastq.gz	03_rename_fastq_files/F8_low_cov/ISC_118.2_F8lowcov_5D4_run1_R1.fastq.gz	03_rename_fastq_files/F8_low_cov/ISC_118.2_F8lowcov_5D4_run1_R2.fastq.gz
ISC_119.1	6100x6069_rep1	ISC_119.1_F8lowcov	5E4	2023-01-19	01_unzip_raw_data/02_unzip_lowcov_F8/HMN2MDRX2_0_R14837_20230130/demultiplexed/219242/219242_TAGTTCGGTACCATGTGTAG_S29_R1_001.fastq.gz	01_unzip_raw_data/02_unzip_lowcov_F8/HMN2MDRX2_0_R14837_20230130/demultiplexed/219242/219242_TAGTTCGGTACCATGTGTAG_S29_R2_001.fastq.gz	03_rename_fastq_files/F8_low_cov/ISC_119.1_F8lowcov_5E4_run1_R1.fastq.gz	03_rename_fastq_files/F8_low_cov/ISC_119.1_F8lowcov_5E4_run1_R2.fastq.gz
ISC_120.2	6100x6069_rep2	ISC_120.2_F8lowcov	5D1	2023-01-19	01_unzip_raw_data/02_unzip_lowcov_F8/HMN2MDRX2_0_R14837_20230130/demultiplexed/219242/219242_GCGTGGATGGTTGACCAATG_S4_R1_001.fastq.gz	01_unzip_raw_data/02_unzip_lowcov_F8/HMN2MDRX2_0_R14837_20230130/demultiplexed/219242/219242_GCGTGGATGGTTGACCAATG_S4_R2_001.fastq.gz	03_rename_fastq_files/F8_low_cov/ISC_120.2_F8lowcov_5D1_run1_R1.fastq.gz	03_rename_fastq_files/F8_low_cov/ISC_120.2_F8lowcov_5D1_run1_R2.fastq.gz
ISC_121.1	6104x6034_rep1	ISC_121.1_F8lowcov	4E12	2022-12-03	01_unzip_raw_data/02_unzip_lowcov_F8/H32TKDSX5_3_R14689_20230126/demultiplexed/216111/216111_CAACACCGCAGGCAGTAGCA_S285_L003_R1_001.fastq.gz	01_unzip_raw_data/02_unzip_lowcov_F8/H32TKDSX5_3_R14689_20230126/demultiplexed/216111/216111_CAACACCGCAGGCAGTAGCA_S285_L003_R2_001.fastq.gz	03_rename_fastq_files/F8_low_cov/ISC_121.1_F8lowcov_4E12_run1_R1.fastq.gz	03_rename_fastq_files/F8_low_cov/ISC_121.1_F8lowcov_4E12_run1_R2.fastq.gz
ISC_121.1	6104x6034_rep1	ISC_121.1_F8lowcov	4E12	2022-12-03	01_unzip_raw_data/02_unzip_lowcov_F8/H32TKDSX5_4_R14689_20230126/demultiplexed/216111/216111_CAACACCGCAGGCAGTAGCA_S285_L004_R1_001.fastq.gz	01_unzip_raw_data/02_unzip_lowcov_F8/H32TKDSX5_4_R14689_20230126/demultiplexed/216111/216111_CAACACCGCAGGCAGTAGCA_S285_L004_R2_001.fastq.gz	03_rename_fastq_files/F8_low_cov/ISC_121.1_F8lowcov_4E12_run2_R1.fastq.gz	03_rename_fastq_files/F8_low_cov/ISC_121.1_F8lowcov_4E12_run2_R2.fastq.gz
ISC_122.2	6104x6034_rep2	ISC_122.2_F8lowcov	2G8	2022-12-03	01_unzip_raw_data/02_unzip_lowcov_F8/H32TKDSX5_3_R14689_20230126/demultiplexed/216110/216110_ACCGCGCAATTTGGCTCCGC_S351_L003_R1_001.fastq.gz	01_unzip_raw_data/02_unzip_lowcov_F8/H32TKDSX5_3_R14689_20230126/demultiplexed/216110/216110_ACCGCGCAATTTGGCTCCGC_S351_L003_R2_001.fastq.gz	03_rename_fastq_files/F8_low_cov/ISC_122.2_F8lowcov_2G8_run1_R1.fastq.gz	03_rename_fastq_files/F8_low_cov/ISC_122.2_F8lowcov_2G8_run1_R2.fastq.gz
ISC_122.2	6104x6034_rep2	ISC_122.2_F8lowcov	2G8	2022-12-03	01_unzip_raw_data/02_unzip_lowcov_F8/H32TKDSX5_4_R14689_20230126/demultiplexed/216110/216110_ACCGCGCAATTTGGCTCCGC_S351_L004_R1_001.fastq.gz	01_unzip_raw_data/02_unzip_lowcov_F8/H32TKDSX5_4_R14689_20230126/demultiplexed/216110/216110_ACCGCGCAATTTGGCTCCGC_S351_L004_R2_001.fastq.gz	03_rename_fastq_files/F8_low_cov/ISC_122.2_F8lowcov_2G8_run2_R1.fastq.gz	03_rename_fastq_files/F8_low_cov/ISC_122.2_F8lowcov_2G8_run2_R2.fastq.gz
ISC_123.1	6105x5829_rep1	ISC_123.1_F8lowcov	1H12	2022-12-03	01_unzip_raw_data/02_unzip_lowcov_F8/H32TKDSX5_3_R14689_20230126/demultiplexed/216113/216113_AGTGGTTAAGGGTGGAATAC_S96_L003_R1_001.fastq.gz	01_unzip_raw_data/02_unzip_lowcov_F8/H32TKDSX5_3_R14689_20230126/demultiplexed/216113/216113_AGTGGTTAAGGGTGGAATAC_S96_L003_R2_001.fastq.gz	03_rename_fastq_files/F8_low_cov/ISC_123.1_F8lowcov_1H12_run1_R1.fastq.gz	03_rename_fastq_files/F8_low_cov/ISC_123.1_F8lowcov_1H12_run1_R2.fastq.gz
ISC_123.1	6105x5829_rep1	ISC_123.1_F8lowcov	1H12	2022-12-03	01_unzip_raw_data/02_unzip_lowcov_F8/H32TKDSX5_4_R14689_20230126/demultiplexed/216113/216113_AGTGGTTAAGGGTGGAATAC_S96_L004_R1_001.fastq.gz	01_unzip_raw_data/02_unzip_lowcov_F8/H32TKDSX5_4_R14689_20230126/demultiplexed/216113/216113_AGTGGTTAAGGGTGGAATAC_S96_L004_R2_001.fastq.gz	03_rename_fastq_files/F8_low_cov/ISC_123.1_F8lowcov_1H12_run2_R1.fastq.gz	03_rename_fastq_files/F8_low_cov/ISC_123.1_F8lowcov_1H12_run2_R2.fastq.gz
ISC_124.2	6105x5829_rep2	ISC_124.2_F8lowcov	1H5	2022-12-03	01_unzip_raw_data/02_unzip_lowcov_F8/H32TKDSX5_3_R14689_20230126/demultiplexed/216113/216113_CACGGCTAGTGGTGTACAAG_S40_L003_R1_001.fastq.gz	01_unzip_raw_data/02_unzip_lowcov_F8/H32TKDSX5_3_R14689_20230126/demultiplexed/216113/216113_CACGGCTAGTGGTGTACAAG_S40_L003_R2_001.fastq.gz	03_rename_fastq_files/F8_low_cov/ISC_124.2_F8lowcov_1H5_run1_R1.fastq.gz	03_rename_fastq_files/F8_low_cov/ISC_124.2_F8lowcov_1H5_run1_R2.fastq.gz
ISC_124.2	6105x5829_rep2	ISC_124.2_F8lowcov	1H5	2022-12-03	01_unzip_raw_data/02_unzip_lowcov_F8/H32TKDSX5_4_R14689_20230126/demultiplexed/216113/216113_CACGGCTAGTGGTGTACAAG_S40_L004_R1_001.fastq.gz	01_unzip_raw_data/02_unzip_lowcov_F8/H32TKDSX5_4_R14689_20230126/demultiplexed/216113/216113_CACGGCTAGTGGTGTACAAG_S40_L004_R2_001.fastq.gz	03_rename_fastq_files/F8_low_cov/ISC_124.2_F8lowcov_1H5_run2_R1.fastq.gz	03_rename_fastq_files/F8_low_cov/ISC_124.2_F8lowcov_1H5_run2_R2.fastq.gz
ISC_125.1	6106x6071_rep1	ISC_125.1_F8lowcov	3E8	2022-12-03	01_unzip_raw_data/02_unzip_lowcov_F8/H32TKDSX5_3_R14689_20230126/demultiplexed/216112/216112_TCTCAATACCGACGTTCGCG_S157_L003_R1_001.fastq.gz	01_unzip_raw_data/02_unzip_lowcov_F8/H32TKDSX5_3_R14689_20230126/demultiplexed/216112/216112_TCTCAATACCGACGTTCGCG_S157_L003_R2_001.fastq.gz	03_rename_fastq_files/F8_low_cov/ISC_125.1_F8lowcov_3E8_run1_R1.fastq.gz	03_rename_fastq_files/F8_low_cov/ISC_125.1_F8lowcov_3E8_run1_R2.fastq.gz
ISC_125.1	6106x6071_rep1	ISC_125.1_F8lowcov	3E8	2022-12-03	01_unzip_raw_data/02_unzip_lowcov_F8/H32TKDSX5_4_R14689_20230126/demultiplexed/216112/216112_TCTCAATACCGACGTTCGCG_S157_L004_R1_001.fastq.gz	01_unzip_raw_data/02_unzip_lowcov_F8/H32TKDSX5_4_R14689_20230126/demultiplexed/216112/216112_TCTCAATACCGACGTTCGCG_S157_L004_R2_001.fastq.gz	03_rename_fastq_files/F8_low_cov/ISC_125.1_F8lowcov_3E8_run2_R1.fastq.gz	03_rename_fastq_files/F8_low_cov/ISC_125.1_F8lowcov_3E8_run2_R2.fastq.gz
ISC_126.2	6106x6071_rep2	ISC_126.2_F8lowcov	5F2	2023-01-19	01_unzip_raw_data/02_unzip_lowcov_F8/HMN2MDRX2_0_R14837_20230130/demultiplexed/219242/219242_CTGGAACTGTCGTAATTAAC_S14_R1_001.fastq.gz	01_unzip_raw_data/02_unzip_lowcov_F8/HMN2MDRX2_0_R14837_20230130/demultiplexed/219242/219242_CTGGAACTGTCGTAATTAAC_S14_R2_001.fastq.gz	03_rename_fastq_files/F8_low_cov/ISC_126.2_F8lowcov_5F2_run1_R1.fastq.gz	03_rename_fastq_files/F8_low_cov/ISC_126.2_F8lowcov_5F2_run1_R2.fastq.gz
ISC_127.1	6107x6128_rep1	ISC_127.1_F8lowcov	5C1	2023-01-19	01_unzip_raw_data/02_unzip_lowcov_F8/HMN2MDRX2_0_R14837_20230130/demultiplexed/219242/219242_TTCACGAGACAGATTGTTAC_S3_R1_001.fastq.gz	01_unzip_raw_data/02_unzip_lowcov_F8/HMN2MDRX2_0_R14837_20230130/demultiplexed/219242/219242_TTCACGAGACAGATTGTTAC_S3_R2_001.fastq.gz	03_rename_fastq_files/F8_low_cov/ISC_127.1_F8lowcov_5C1_run1_R1.fastq.gz	03_rename_fastq_files/F8_low_cov/ISC_127.1_F8lowcov_5C1_run1_R2.fastq.gz
ISC_128.2	6107x6128_rep2	ISC_128.2_F8lowcov	5H1	2023-01-19	01_unzip_raw_data/02_unzip_lowcov_F8/HMN2MDRX2_0_R14837_20230130/demultiplexed/219242/219242_GAGGTTAGACAATGTATTGC_S8_R1_001.fastq.gz	01_unzip_raw_data/02_unzip_lowcov_F8/HMN2MDRX2_0_R14837_20230130/demultiplexed/219242/219242_GAGGTTAGACAATGTATTGC_S8_R2_001.fastq.gz	03_rename_fastq_files/F8_low_cov/ISC_128.2_F8lowcov_5H1_run1_R1.fastq.gz	03_rename_fastq_files/F8_low_cov/ISC_128.2_F8lowcov_5H1_run1_R2.fastq.gz
ISC_129.2	6108x6192_rep2	ISC_129.2_F8lowcov	1B8	2022-12-03	01_unzip_raw_data/02_unzip_lowcov_F8/H32TKDSX5_3_R14689_20230126/demultiplexed/216113/216113_TAAGGAGGAATTCCGACATT_S58_L003_R1_001.fastq.gz	01_unzip_raw_data/02_unzip_lowcov_F8/H32TKDSX5_3_R14689_20230126/demultiplexed/216113/216113_TAAGGAGGAATTCCGACATT_S58_L003_R2_001.fastq.gz	03_rename_fastq_files/F8_low_cov/ISC_129.2_F8lowcov_1B8_run1_R1.fastq.gz	03_rename_fastq_files/F8_low_cov/ISC_129.2_F8lowcov_1B8_run1_R2.fastq.gz
ISC_129.2	6108x6192_rep2	ISC_129.2_F8lowcov	1B8	2022-12-03	01_unzip_raw_data/02_unzip_lowcov_F8/H32TKDSX5_4_R14689_20230126/demultiplexed/216113/216113_TAAGGAGGAATTCCGACATT_S58_L004_R1_001.fastq.gz	01_unzip_raw_data/02_unzip_lowcov_F8/H32TKDSX5_4_R14689_20230126/demultiplexed/216113/216113_TAAGGAGGAATTCCGACATT_S58_L004_R2_001.fastq.gz	03_rename_fastq_files/F8_low_cov/ISC_129.2_F8lowcov_1B8_run2_R1.fastq.gz	03_rename_fastq_files/F8_low_cov/ISC_129.2_F8lowcov_1B8_run2_R2.fastq.gz
ISC_130.1	6109x9343_rep1	ISC_130.1_F8lowcov	2E4	2022-12-03	01_unzip_raw_data/02_unzip_lowcov_F8/H32TKDSX5_3_R14689_20230126/demultiplexed/216110/216110_AGAGTGCGGCTCCGACCTCG_S317_L003_R1_001.fastq.gz	01_unzip_raw_data/02_unzip_lowcov_F8/H32TKDSX5_3_R14689_20230126/demultiplexed/216110/216110_AGAGTGCGGCTCCGACCTCG_S317_L003_R2_001.fastq.gz	03_rename_fastq_files/F8_low_cov/ISC_130.1_F8lowcov_2E4_run1_R1.fastq.gz	03_rename_fastq_files/F8_low_cov/ISC_130.1_F8lowcov_2E4_run1_R2.fastq.gz
ISC_130.1	6109x9343_rep1	ISC_130.1_F8lowcov	2E4	2022-12-03	01_unzip_raw_data/02_unzip_lowcov_F8/H32TKDSX5_4_R14689_20230126/demultiplexed/216110/216110_AGAGTGCGGCTCCGACCTCG_S317_L004_R1_001.fastq.gz	01_unzip_raw_data/02_unzip_lowcov_F8/H32TKDSX5_4_R14689_20230126/demultiplexed/216110/216110_AGAGTGCGGCTCCGACCTCG_S317_L004_R2_001.fastq.gz	03_rename_fastq_files/F8_low_cov/ISC_130.1_F8lowcov_2E4_run2_R1.fastq.gz	03_rename_fastq_files/F8_low_cov/ISC_130.1_F8lowcov_2E4_run2_R2.fastq.gz
ISC_131.2	6109x9343_rep2	ISC_131.2_F8lowcov	4E8	2022-12-03	01_unzip_raw_data/02_unzip_lowcov_F8/H32TKDSX5_3_R14689_20230126/demultiplexed/216111/216111_CTAGATTGCGAGATATGGCG_S253_L003_R1_001.fastq.gz	01_unzip_raw_data/02_unzip_lowcov_F8/H32TKDSX5_3_R14689_20230126/demultiplexed/216111/216111_CTAGATTGCGAGATATGGCG_S253_L003_R2_001.fastq.gz	03_rename_fastq_files/F8_low_cov/ISC_131.2_F8lowcov_4E8_run1_R1.fastq.gz	03_rename_fastq_files/F8_low_cov/ISC_131.2_F8lowcov_4E8_run1_R2.fastq.gz
ISC_131.2	6109x9343_rep2	ISC_131.2_F8lowcov	4E8	2022-12-03	01_unzip_raw_data/02_unzip_lowcov_F8/H32TKDSX5_4_R14689_20230126/demultiplexed/216111/216111_CTAGATTGCGAGATATGGCG_S253_L004_R1_001.fastq.gz	01_unzip_raw_data/02_unzip_lowcov_F8/H32TKDSX5_4_R14689_20230126/demultiplexed/216111/216111_CTAGATTGCGAGATATGGCG_S253_L004_R2_001.fastq.gz	03_rename_fastq_files/F8_low_cov/ISC_131.2_F8lowcov_4E8_run2_R1.fastq.gz	03_rename_fastq_files/F8_low_cov/ISC_131.2_F8lowcov_4E8_run2_R2.fastq.gz
ISC_132.1	6112x6166_rep1	ISC_132.1_F8lowcov	3G5	2022-12-03	01_unzip_raw_data/02_unzip_lowcov_F8/H32TKDSX5_3_R14689_20230126/demultiplexed/216112/216112_TGACGGCCGTAGTCAACCAT_S135_L003_R1_001.fastq.gz	01_unzip_raw_data/02_unzip_lowcov_F8/H32TKDSX5_3_R14689_20230126/demultiplexed/216112/216112_TGACGGCCGTAGTCAACCAT_S135_L003_R2_001.fastq.gz	03_rename_fastq_files/F8_low_cov/ISC_132.1_F8lowcov_3G5_run1_R1.fastq.gz	03_rename_fastq_files/F8_low_cov/ISC_132.1_F8lowcov_3G5_run1_R2.fastq.gz
ISC_132.1	6112x6166_rep1	ISC_132.1_F8lowcov	3G5	2022-12-03	01_unzip_raw_data/02_unzip_lowcov_F8/H32TKDSX5_4_R14689_20230126/demultiplexed/216112/216112_TGACGGCCGTAGTCAACCAT_S135_L004_R1_001.fastq.gz	01_unzip_raw_data/02_unzip_lowcov_F8/H32TKDSX5_4_R14689_20230126/demultiplexed/216112/216112_TGACGGCCGTAGTCAACCAT_S135_L004_R2_001.fastq.gz	03_rename_fastq_files/F8_low_cov/ISC_132.1_F8lowcov_3G5_run2_R1.fastq.gz	03_rename_fastq_files/F8_low_cov/ISC_132.1_F8lowcov_3G5_run2_R2.fastq.gz
ISC_133.2	6112x6166_rep2	ISC_133.2_F8lowcov	3D8	2022-12-03	01_unzip_raw_data/02_unzip_lowcov_F8/H32TKDSX5_3_R14689_20230126/demultiplexed/216112/216112_GTTGTGACTAACATAACGGA_S156_L003_R1_001.fastq.gz	01_unzip_raw_data/02_unzip_lowcov_F8/H32TKDSX5_3_R14689_20230126/demultiplexed/216112/216112_GTTGTGACTAACATAACGGA_S156_L003_R2_001.fastq.gz	03_rename_fastq_files/F8_low_cov/ISC_133.2_F8lowcov_3D8_run1_R1.fastq.gz	03_rename_fastq_files/F8_low_cov/ISC_133.2_F8lowcov_3D8_run1_R2.fastq.gz
ISC_133.2	6112x6166_rep2	ISC_133.2_F8lowcov	3D8	2022-12-03	01_unzip_raw_data/02_unzip_lowcov_F8/H32TKDSX5_4_R14689_20230126/demultiplexed/216112/216112_GTTGTGACTAACATAACGGA_S156_L004_R1_001.fastq.gz	01_unzip_raw_data/02_unzip_lowcov_F8/H32TKDSX5_4_R14689_20230126/demultiplexed/216112/216112_GTTGTGACTAACATAACGGA_S156_L004_R2_001.fastq.gz	03_rename_fastq_files/F8_low_cov/ISC_133.2_F8lowcov_3D8_run2_R1.fastq.gz	03_rename_fastq_files/F8_low_cov/ISC_133.2_F8lowcov_3D8_run2_R2.fastq.gz
ISC_134.1	6114x9381_rep1	ISC_134.1_F8lowcov	3G10	2022-12-03	01_unzip_raw_data/02_unzip_lowcov_F8/H32TKDSX5_3_R14689_20230126/demultiplexed/216112/216112_ATTATGTCTCAGTTAAGAGC_S175_L003_R1_001.fastq.gz	01_unzip_raw_data/02_unzip_lowcov_F8/H32TKDSX5_3_R14689_20230126/demultiplexed/216112/216112_ATTATGTCTCAGTTAAGAGC_S175_L003_R2_001.fastq.gz	03_rename_fastq_files/F8_low_cov/ISC_134.1_F8lowcov_3G10_run1_R1.fastq.gz	03_rename_fastq_files/F8_low_cov/ISC_134.1_F8lowcov_3G10_run1_R2.fastq.gz
ISC_134.1	6114x9381_rep1	ISC_134.1_F8lowcov	3G10	2022-12-03	01_unzip_raw_data/02_unzip_lowcov_F8/H32TKDSX5_4_R14689_20230126/demultiplexed/216112/216112_ATTATGTCTCAGTTAAGAGC_S175_L004_R1_001.fastq.gz	01_unzip_raw_data/02_unzip_lowcov_F8/H32TKDSX5_4_R14689_20230126/demultiplexed/216112/216112_ATTATGTCTCAGTTAAGAGC_S175_L004_R2_001.fastq.gz	03_rename_fastq_files/F8_low_cov/ISC_134.1_F8lowcov_3G10_run2_R1.fastq.gz	03_rename_fastq_files/F8_low_cov/ISC_134.1_F8lowcov_3G10_run2_R2.fastq.gz
ISC_135.2	6114x9381_rep2	ISC_135.2_F8lowcov	3F5	2022-12-03	01_unzip_raw_data/02_unzip_lowcov_F8/H32TKDSX5_3_R14689_20230126/demultiplexed/216112/216112_GTGGTATCTGGCTACTATCT_S134_L003_R1_001.fastq.gz	01_unzip_raw_data/02_unzip_lowcov_F8/H32TKDSX5_3_R14689_20230126/demultiplexed/216112/216112_GTGGTATCTGGCTACTATCT_S134_L003_R2_001.fastq.gz	03_rename_fastq_files/F8_low_cov/ISC_135.2_F8lowcov_3F5_run1_R1.fastq.gz	03_rename_fastq_files/F8_low_cov/ISC_135.2_F8lowcov_3F5_run1_R2.fastq.gz
ISC_135.2	6114x9381_rep2	ISC_135.2_F8lowcov	3F5	2022-12-03	01_unzip_raw_data/02_unzip_lowcov_F8/H32TKDSX5_4_R14689_20230126/demultiplexed/216112/216112_GTGGTATCTGGCTACTATCT_S134_L004_R1_001.fastq.gz	01_unzip_raw_data/02_unzip_lowcov_F8/H32TKDSX5_4_R14689_20230126/demultiplexed/216112/216112_GTGGTATCTGGCTACTATCT_S134_L004_R2_001.fastq.gz	03_rename_fastq_files/F8_low_cov/ISC_135.2_F8lowcov_3F5_run2_R1.fastq.gz	03_rename_fastq_files/F8_low_cov/ISC_135.2_F8lowcov_3F5_run2_R2.fastq.gz
ISC_136.1	6115x1585_rep1	ISC_136.1_F8lowcov	3G7	2022-12-03	01_unzip_raw_data/02_unzip_lowcov_F8/H32TKDSX5_3_R14689_20230126/demultiplexed/216112/216112_ATGGCGTGCCCGCTTGAAGT_S151_L003_R1_001.fastq.gz	01_unzip_raw_data/02_unzip_lowcov_F8/H32TKDSX5_3_R14689_20230126/demultiplexed/216112/216112_ATGGCGTGCCCGCTTGAAGT_S151_L003_R2_001.fastq.gz	03_rename_fastq_files/F8_low_cov/ISC_136.1_F8lowcov_3G7_run1_R1.fastq.gz	03_rename_fastq_files/F8_low_cov/ISC_136.1_F8lowcov_3G7_run1_R2.fastq.gz
ISC_136.1	6115x1585_rep1	ISC_136.1_F8lowcov	3G7	2022-12-03	01_unzip_raw_data/02_unzip_lowcov_F8/H32TKDSX5_4_R14689_20230126/demultiplexed/216112/216112_ATGGCGTGCCCGCTTGAAGT_S151_L004_R1_001.fastq.gz	01_unzip_raw_data/02_unzip_lowcov_F8/H32TKDSX5_4_R14689_20230126/demultiplexed/216112/216112_ATGGCGTGCCCGCTTGAAGT_S151_L004_R2_001.fastq.gz	03_rename_fastq_files/F8_low_cov/ISC_136.1_F8lowcov_3G7_run2_R1.fastq.gz	03_rename_fastq_files/F8_low_cov/ISC_136.1_F8lowcov_3G7_run2_R2.fastq.gz
ISC_137.2	6115x1585_rep2	ISC_137.2_F8lowcov	4C12	2022-12-03	01_unzip_raw_data/02_unzip_lowcov_F8/H32TKDSX5_3_R14689_20230126/demultiplexed/216111/216111_AGCGCCACACCTAATGTCTT_S283_L003_R1_001.fastq.gz	01_unzip_raw_data/02_unzip_lowcov_F8/H32TKDSX5_3_R14689_20230126/demultiplexed/216111/216111_AGCGCCACACCTAATGTCTT_S283_L003_R2_001.fastq.gz	03_rename_fastq_files/F8_low_cov/ISC_137.2_F8lowcov_4C12_run1_R1.fastq.gz	03_rename_fastq_files/F8_low_cov/ISC_137.2_F8lowcov_4C12_run1_R2.fastq.gz
ISC_137.2	6115x1585_rep2	ISC_137.2_F8lowcov	4C12	2022-12-03	01_unzip_raw_data/02_unzip_lowcov_F8/H32TKDSX5_4_R14689_20230126/demultiplexed/216111/216111_AGCGCCACACCTAATGTCTT_S283_L004_R1_001.fastq.gz	01_unzip_raw_data/02_unzip_lowcov_F8/H32TKDSX5_4_R14689_20230126/demultiplexed/216111/216111_AGCGCCACACCTAATGTCTT_S283_L004_R2_001.fastq.gz	03_rename_fastq_files/F8_low_cov/ISC_137.2_F8lowcov_4C12_run2_R1.fastq.gz	03_rename_fastq_files/F8_low_cov/ISC_137.2_F8lowcov_4C12_run2_R2.fastq.gz
ISC_138.1	6118x8227_rep1	ISC_138.1_F8lowcov	5E2	2023-01-19	01_unzip_raw_data/02_unzip_lowcov_F8/HMN2MDRX2_0_R14837_20230130/demultiplexed/219242/219242_TCCTCGGACTAACGCCAGAG_S13_R1_001.fastq.gz	01_unzip_raw_data/02_unzip_lowcov_F8/HMN2MDRX2_0_R14837_20230130/demultiplexed/219242/219242_TCCTCGGACTAACGCCAGAG_S13_R2_001.fastq.gz	03_rename_fastq_files/F8_low_cov/ISC_138.1_F8lowcov_5E2_run1_R1.fastq.gz	03_rename_fastq_files/F8_low_cov/ISC_138.1_F8lowcov_5E2_run1_R2.fastq.gz
ISC_139.2	6118x8227_rep2	ISC_139.2_F8lowcov	5F4	2023-01-19	01_unzip_raw_data/02_unzip_lowcov_F8/HMN2MDRX2_0_R14837_20230130/demultiplexed/219242/219242_CTATTACTACGAGTCTCTCC_S30_R1_001.fastq.gz	01_unzip_raw_data/02_unzip_lowcov_F8/HMN2MDRX2_0_R14837_20230130/demultiplexed/219242/219242_CTATTACTACGAGTCTCTCC_S30_R2_001.fastq.gz	03_rename_fastq_files/F8_low_cov/ISC_139.2_F8lowcov_5F4_run1_R1.fastq.gz	03_rename_fastq_files/F8_low_cov/ISC_139.2_F8lowcov_5F4_run1_R2.fastq.gz
ISC_140.2	6122x6252_rep2	ISC_140.2_F8lowcov	2F12	2022-12-03	01_unzip_raw_data/02_unzip_lowcov_F8/H32TKDSX5_3_R14689_20230126/demultiplexed/216110/216110_CAATCTATGAGATTAAGGTG_S382_L003_R1_001.fastq.gz	01_unzip_raw_data/02_unzip_lowcov_F8/H32TKDSX5_3_R14689_20230126/demultiplexed/216110/216110_CAATCTATGAGATTAAGGTG_S382_L003_R2_001.fastq.gz	03_rename_fastq_files/F8_low_cov/ISC_140.2_F8lowcov_2F12_run1_R1.fastq.gz	03_rename_fastq_files/F8_low_cov/ISC_140.2_F8lowcov_2F12_run1_R2.fastq.gz
ISC_140.2	6122x6252_rep2	ISC_140.2_F8lowcov	2F12	2022-12-03	01_unzip_raw_data/02_unzip_lowcov_F8/H32TKDSX5_4_R14689_20230126/demultiplexed/216110/216110_CAATCTATGAGATTAAGGTG_S382_L004_R1_001.fastq.gz	01_unzip_raw_data/02_unzip_lowcov_F8/H32TKDSX5_4_R14689_20230126/demultiplexed/216110/216110_CAATCTATGAGATTAAGGTG_S382_L004_R2_001.fastq.gz	03_rename_fastq_files/F8_low_cov/ISC_140.2_F8lowcov_2F12_run2_R1.fastq.gz	03_rename_fastq_files/F8_low_cov/ISC_140.2_F8lowcov_2F12_run2_R2.fastq.gz
ISC_141.1	6124x6184_rep1	ISC_141.1_F8lowcov	5C3	2023-01-19	01_unzip_raw_data/02_unzip_lowcov_F8/HMN2MDRX2_0_R14837_20230130/demultiplexed/219242/219242_CCACCGGAGTGCCTGCCATG_S19_R1_001.fastq.gz	01_unzip_raw_data/02_unzip_lowcov_F8/HMN2MDRX2_0_R14837_20230130/demultiplexed/219242/219242_CCACCGGAGTGCCTGCCATG_S19_R2_001.fastq.gz	03_rename_fastq_files/F8_low_cov/ISC_141.1_F8lowcov_5C3_run1_R1.fastq.gz	03_rename_fastq_files/F8_low_cov/ISC_141.1_F8lowcov_5C3_run1_R2.fastq.gz
ISC_142.2	6124x6184_rep2	ISC_142.2_F8lowcov	4G12	2022-12-03	01_unzip_raw_data/02_unzip_lowcov_F8/H32TKDSX5_3_R14689_20230126/demultiplexed/216111/216111_TTGAATGTTGCGCAATCTAG_S287_L003_R1_001.fastq.gz	01_unzip_raw_data/02_unzip_lowcov_F8/H32TKDSX5_3_R14689_20230126/demultiplexed/216111/216111_TTGAATGTTGCGCAATCTAG_S287_L003_R2_001.fastq.gz	03_rename_fastq_files/F8_low_cov/ISC_142.2_F8lowcov_4G12_run1_R1.fastq.gz	03_rename_fastq_files/F8_low_cov/ISC_142.2_F8lowcov_4G12_run1_R2.fastq.gz
ISC_142.2	6124x6184_rep2	ISC_142.2_F8lowcov	4G12	2022-12-03	01_unzip_raw_data/02_unzip_lowcov_F8/H32TKDSX5_4_R14689_20230126/demultiplexed/216111/216111_TTGAATGTTGCGCAATCTAG_S287_L004_R1_001.fastq.gz	01_unzip_raw_data/02_unzip_lowcov_F8/H32TKDSX5_4_R14689_20230126/demultiplexed/216111/216111_TTGAATGTTGCGCAATCTAG_S287_L004_R2_001.fastq.gz	03_rename_fastq_files/F8_low_cov/ISC_142.2_F8lowcov_4G12_run2_R1.fastq.gz	03_rename_fastq_files/F8_low_cov/ISC_142.2_F8lowcov_4G12_run2_R2.fastq.gz
ISC_143.1	6125x6099_rep1	ISC_143.1_F8lowcov	5H2	2023-01-19	01_unzip_raw_data/02_unzip_lowcov_F8/HMN2MDRX2_0_R14837_20230130/demultiplexed/219242/219242_GATCGGATAAGTATCGGCCG_S16_R1_001.fastq.gz	01_unzip_raw_data/02_unzip_lowcov_F8/HMN2MDRX2_0_R14837_20230130/demultiplexed/219242/219242_GATCGGATAAGTATCGGCCG_S16_R2_001.fastq.gz	03_rename_fastq_files/F8_low_cov/ISC_143.1_F8lowcov_5H2_run1_R1.fastq.gz	03_rename_fastq_files/F8_low_cov/ISC_143.1_F8lowcov_5H2_run1_R2.fastq.gz
ISC_144.2	6125x6099_rep2	ISC_144.2_F8lowcov	5D5	2023-01-19	01_unzip_raw_data/02_unzip_lowcov_F8/HMN2MDRX2_0_R14837_20230130/demultiplexed/219242/219242_ACTAGCGCTATTACTTCCTC_S36_R1_001.fastq.gz	01_unzip_raw_data/02_unzip_lowcov_F8/HMN2MDRX2_0_R14837_20230130/demultiplexed/219242/219242_ACTAGCGCTATTACTTCCTC_S36_R2_001.fastq.gz	03_rename_fastq_files/F8_low_cov/ISC_144.2_F8lowcov_5D5_run1_R1.fastq.gz	03_rename_fastq_files/F8_low_cov/ISC_144.2_F8lowcov_5D5_run1_R2.fastq.gz
ISC_145.1	6126x6172_rep1	ISC_145.1_F8lowcov	4E10	2022-12-03	01_unzip_raw_data/02_unzip_lowcov_F8/H32TKDSX5_3_R14689_20230126/demultiplexed/216111/216111_GTCCACCGCTTCCTATTAGC_S269_L003_R1_001.fastq.gz	01_unzip_raw_data/02_unzip_lowcov_F8/H32TKDSX5_3_R14689_20230126/demultiplexed/216111/216111_GTCCACCGCTTCCTATTAGC_S269_L003_R2_001.fastq.gz	03_rename_fastq_files/F8_low_cov/ISC_145.1_F8lowcov_4E10_run1_R1.fastq.gz	03_rename_fastq_files/F8_low_cov/ISC_145.1_F8lowcov_4E10_run1_R2.fastq.gz
ISC_145.1	6126x6172_rep1	ISC_145.1_F8lowcov	4E10	2022-12-03	01_unzip_raw_data/02_unzip_lowcov_F8/H32TKDSX5_4_R14689_20230126/demultiplexed/216111/216111_GTCCACCGCTTCCTATTAGC_S269_L004_R1_001.fastq.gz	01_unzip_raw_data/02_unzip_lowcov_F8/H32TKDSX5_4_R14689_20230126/demultiplexed/216111/216111_GTCCACCGCTTCCTATTAGC_S269_L004_R2_001.fastq.gz	03_rename_fastq_files/F8_low_cov/ISC_145.1_F8lowcov_4E10_run2_R1.fastq.gz	03_rename_fastq_files/F8_low_cov/ISC_145.1_F8lowcov_4E10_run2_R2.fastq.gz
ISC_146.2	6126x6172_rep2	ISC_146.2_F8lowcov	2F8	2022-12-03	01_unzip_raw_data/02_unzip_lowcov_F8/H32TKDSX5_3_R14689_20230126/demultiplexed/216110/216110_TAACAGTGTTGCAAGTCTCA_S350_L003_R1_001.fastq.gz	01_unzip_raw_data/02_unzip_lowcov_F8/H32TKDSX5_3_R14689_20230126/demultiplexed/216110/216110_TAACAGTGTTGCAAGTCTCA_S350_L003_R2_001.fastq.gz	03_rename_fastq_files/F8_low_cov/ISC_146.2_F8lowcov_2F8_run1_R1.fastq.gz	03_rename_fastq_files/F8_low_cov/ISC_146.2_F8lowcov_2F8_run1_R2.fastq.gz
ISC_146.2	6126x6172_rep2	ISC_146.2_F8lowcov	2F8	2022-12-03	01_unzip_raw_data/02_unzip_lowcov_F8/H32TKDSX5_4_R14689_20230126/demultiplexed/216110/216110_TAACAGTGTTGCAAGTCTCA_S350_L004_R1_001.fastq.gz	01_unzip_raw_data/02_unzip_lowcov_F8/H32TKDSX5_4_R14689_20230126/demultiplexed/216110/216110_TAACAGTGTTGCAAGTCTCA_S350_L004_R2_001.fastq.gz	03_rename_fastq_files/F8_low_cov/ISC_146.2_F8lowcov_2F8_run2_R1.fastq.gz	03_rename_fastq_files/F8_low_cov/ISC_146.2_F8lowcov_2F8_run2_R2.fastq.gz
ISC_147.1	6127x6918_rep1	ISC_147.1_F8lowcov	5G1	2023-01-19	01_unzip_raw_data/02_unzip_lowcov_F8/HMN2MDRX2_0_R14837_20230130/demultiplexed/219242/219242_CGCACGACTGGGACCAACAG_S7_R1_001.fastq.gz	01_unzip_raw_data/02_unzip_lowcov_F8/HMN2MDRX2_0_R14837_20230130/demultiplexed/219242/219242_CGCACGACTGGGACCAACAG_S7_R2_001.fastq.gz	03_rename_fastq_files/F8_low_cov/ISC_147.1_F8lowcov_5G1_run1_R1.fastq.gz	03_rename_fastq_files/F8_low_cov/ISC_147.1_F8lowcov_5G1_run1_R2.fastq.gz
ISC_148.2	6127x6918_rep2	ISC_148.2_F8lowcov	4G11	2022-12-03	01_unzip_raw_data/02_unzip_lowcov_F8/H32TKDSX5_3_R14689_20230126/demultiplexed/216111/216111_TTCCTACAGCGGCGAATTCT_S279_L003_R1_001.fastq.gz	01_unzip_raw_data/02_unzip_lowcov_F8/H32TKDSX5_3_R14689_20230126/demultiplexed/216111/216111_TTCCTACAGCGGCGAATTCT_S279_L003_R2_001.fastq.gz	03_rename_fastq_files/F8_low_cov/ISC_148.2_F8lowcov_4G11_run1_R1.fastq.gz	03_rename_fastq_files/F8_low_cov/ISC_148.2_F8lowcov_4G11_run1_R2.fastq.gz
ISC_148.2	6127x6918_rep2	ISC_148.2_F8lowcov	4G11	2022-12-03	01_unzip_raw_data/02_unzip_lowcov_F8/H32TKDSX5_4_R14689_20230126/demultiplexed/216111/216111_TTCCTACAGCGGCGAATTCT_S279_L004_R1_001.fastq.gz	01_unzip_raw_data/02_unzip_lowcov_F8/H32TKDSX5_4_R14689_20230126/demultiplexed/216111/216111_TTCCTACAGCGGCGAATTCT_S279_L004_R2_001.fastq.gz	03_rename_fastq_files/F8_low_cov/ISC_148.2_F8lowcov_4G11_run2_R1.fastq.gz	03_rename_fastq_files/F8_low_cov/ISC_148.2_F8lowcov_4G11_run2_R2.fastq.gz
ISC_149.1	6128x9413_rep1	ISC_149.1_F8lowcov	1A10	2022-12-03	01_unzip_raw_data/02_unzip_lowcov_F8/H32TKDSX5_3_R14689_20230126/demultiplexed/216113/216113_GTGTACCTTCCTGTGAGCTA_S73_L003_R1_001.fastq.gz	01_unzip_raw_data/02_unzip_lowcov_F8/H32TKDSX5_3_R14689_20230126/demultiplexed/216113/216113_GTGTACCTTCCTGTGAGCTA_S73_L003_R2_001.fastq.gz	03_rename_fastq_files/F8_low_cov/ISC_149.1_F8lowcov_1A10_run1_R1.fastq.gz	03_rename_fastq_files/F8_low_cov/ISC_149.1_F8lowcov_1A10_run1_R2.fastq.gz
ISC_149.1	6128x9413_rep1	ISC_149.1_F8lowcov	1A10	2022-12-03	01_unzip_raw_data/02_unzip_lowcov_F8/H32TKDSX5_4_R14689_20230126/demultiplexed/216113/216113_GTGTACCTTCCTGTGAGCTA_S73_L004_R1_001.fastq.gz	01_unzip_raw_data/02_unzip_lowcov_F8/H32TKDSX5_4_R14689_20230126/demultiplexed/216113/216113_GTGTACCTTCCTGTGAGCTA_S73_L004_R2_001.fastq.gz	03_rename_fastq_files/F8_low_cov/ISC_149.1_F8lowcov_1A10_run2_R1.fastq.gz	03_rename_fastq_files/F8_low_cov/ISC_149.1_F8lowcov_1A10_run2_R2.fastq.gz
ISC_150.2	6128x9413_rep2	ISC_150.2_F8lowcov	4D11	2022-12-03	01_unzip_raw_data/02_unzip_lowcov_F8/H32TKDSX5_3_R14689_20230126/demultiplexed/216111/216111_CGCTGTCTCAATTACTCACC_S276_L003_R1_001.fastq.gz	01_unzip_raw_data/02_unzip_lowcov_F8/H32TKDSX5_3_R14689_20230126/demultiplexed/216111/216111_CGCTGTCTCAATTACTCACC_S276_L003_R2_001.fastq.gz	03_rename_fastq_files/F8_low_cov/ISC_150.2_F8lowcov_4D11_run1_R1.fastq.gz	03_rename_fastq_files/F8_low_cov/ISC_150.2_F8lowcov_4D11_run1_R2.fastq.gz
ISC_150.2	6128x9413_rep2	ISC_150.2_F8lowcov	4D11	2022-12-03	01_unzip_raw_data/02_unzip_lowcov_F8/H32TKDSX5_4_R14689_20230126/demultiplexed/216111/216111_CGCTGTCTCAATTACTCACC_S276_L004_R1_001.fastq.gz	01_unzip_raw_data/02_unzip_lowcov_F8/H32TKDSX5_4_R14689_20230126/demultiplexed/216111/216111_CGCTGTCTCAATTACTCACC_S276_L004_R2_001.fastq.gz	03_rename_fastq_files/F8_low_cov/ISC_150.2_F8lowcov_4D11_run2_R1.fastq.gz	03_rename_fastq_files/F8_low_cov/ISC_150.2_F8lowcov_4D11_run2_R2.fastq.gz
ISC_151.1	6131x6113_rep1	ISC_151.1_F8lowcov	5H5	2023-01-19	01_unzip_raw_data/02_unzip_lowcov_F8/HMN2MDRX2_0_R14837_20230130/demultiplexed/219242/219242_CAGTAATTACCGAGGCGGTA_S40_R1_001.fastq.gz	01_unzip_raw_data/02_unzip_lowcov_F8/HMN2MDRX2_0_R14837_20230130/demultiplexed/219242/219242_CAGTAATTACCGAGGCGGTA_S40_R2_001.fastq.gz	03_rename_fastq_files/F8_low_cov/ISC_151.1_F8lowcov_5H5_run1_R1.fastq.gz	03_rename_fastq_files/F8_low_cov/ISC_151.1_F8lowcov_5H5_run1_R2.fastq.gz
ISC_152.2	6131x6113_rep2	ISC_152.2_F8lowcov	4F11	2022-12-03	01_unzip_raw_data/02_unzip_lowcov_F8/H32TKDSX5_3_R14689_20230126/demultiplexed/216111/216111_AATTCTTGGATTGTCAACTT_S278_L003_R1_001.fastq.gz	01_unzip_raw_data/02_unzip_lowcov_F8/H32TKDSX5_3_R14689_20230126/demultiplexed/216111/216111_AATTCTTGGATTGTCAACTT_S278_L003_R2_001.fastq.gz	03_rename_fastq_files/F8_low_cov/ISC_152.2_F8lowcov_4F11_run1_R1.fastq.gz	03_rename_fastq_files/F8_low_cov/ISC_152.2_F8lowcov_4F11_run1_R2.fastq.gz
ISC_152.2	6131x6113_rep2	ISC_152.2_F8lowcov	4F11	2022-12-03	01_unzip_raw_data/02_unzip_lowcov_F8/H32TKDSX5_4_R14689_20230126/demultiplexed/216111/216111_AATTCTTGGATTGTCAACTT_S278_L004_R1_001.fastq.gz	01_unzip_raw_data/02_unzip_lowcov_F8/H32TKDSX5_4_R14689_20230126/demultiplexed/216111/216111_AATTCTTGGATTGTCAACTT_S278_L004_R2_001.fastq.gz	03_rename_fastq_files/F8_low_cov/ISC_152.2_F8lowcov_4F11_run2_R1.fastq.gz	03_rename_fastq_files/F8_low_cov/ISC_152.2_F8lowcov_4F11_run2_R2.fastq.gz
ISC_153.1	6132x6255_rep1	ISC_153.1_F8lowcov	3A8	2022-12-03	01_unzip_raw_data/02_unzip_lowcov_F8/H32TKDSX5_3_R14689_20230126/demultiplexed/216112/216112_ATGTCCAGCACAGCGGACAA_S153_L003_R1_001.fastq.gz	01_unzip_raw_data/02_unzip_lowcov_F8/H32TKDSX5_3_R14689_20230126/demultiplexed/216112/216112_ATGTCCAGCACAGCGGACAA_S153_L003_R2_001.fastq.gz	03_rename_fastq_files/F8_low_cov/ISC_153.1_F8lowcov_3A8_run1_R1.fastq.gz	03_rename_fastq_files/F8_low_cov/ISC_153.1_F8lowcov_3A8_run1_R2.fastq.gz
ISC_153.1	6132x6255_rep1	ISC_153.1_F8lowcov	3A8	2022-12-03	01_unzip_raw_data/02_unzip_lowcov_F8/H32TKDSX5_4_R14689_20230126/demultiplexed/216112/216112_ATGTCCAGCACAGCGGACAA_S153_L004_R1_001.fastq.gz	01_unzip_raw_data/02_unzip_lowcov_F8/H32TKDSX5_4_R14689_20230126/demultiplexed/216112/216112_ATGTCCAGCACAGCGGACAA_S153_L004_R2_001.fastq.gz	03_rename_fastq_files/F8_low_cov/ISC_153.1_F8lowcov_3A8_run2_R1.fastq.gz	03_rename_fastq_files/F8_low_cov/ISC_153.1_F8lowcov_3A8_run2_R2.fastq.gz
ISC_154.2	6132x6255_rep2	ISC_154.2_F8lowcov	4D5	2022-12-03	01_unzip_raw_data/02_unzip_lowcov_F8/H32TKDSX5_3_R14689_20230126/demultiplexed/216111/216111_ATGTAACGTTACGATTGCTG_S228_L003_R1_001.fastq.gz	01_unzip_raw_data/02_unzip_lowcov_F8/H32TKDSX5_3_R14689_20230126/demultiplexed/216111/216111_ATGTAACGTTACGATTGCTG_S228_L003_R2_001.fastq.gz	03_rename_fastq_files/F8_low_cov/ISC_154.2_F8lowcov_4D5_run1_R1.fastq.gz	03_rename_fastq_files/F8_low_cov/ISC_154.2_F8lowcov_4D5_run1_R2.fastq.gz
ISC_154.2	6132x6255_rep2	ISC_154.2_F8lowcov	4D5	2022-12-03	01_unzip_raw_data/02_unzip_lowcov_F8/H32TKDSX5_4_R14689_20230126/demultiplexed/216111/216111_ATGTAACGTTACGATTGCTG_S228_L004_R1_001.fastq.gz	01_unzip_raw_data/02_unzip_lowcov_F8/H32TKDSX5_4_R14689_20230126/demultiplexed/216111/216111_ATGTAACGTTACGATTGCTG_S228_L004_R2_001.fastq.gz	03_rename_fastq_files/F8_low_cov/ISC_154.2_F8lowcov_4D5_run2_R1.fastq.gz	03_rename_fastq_files/F8_low_cov/ISC_154.2_F8lowcov_4D5_run2_R2.fastq.gz
ISC_155.1	6133x6020_rep1	ISC_155.1_F8lowcov	2H1	2022-12-03	01_unzip_raw_data/02_unzip_lowcov_F8/H32TKDSX5_3_R14689_20230126/demultiplexed/216110/216110_TGCCTTGATCCCTTGTTAAT_S296_L003_R1_001.fastq.gz	01_unzip_raw_data/02_unzip_lowcov_F8/H32TKDSX5_3_R14689_20230126/demultiplexed/216110/216110_TGCCTTGATCCCTTGTTAAT_S296_L003_R2_001.fastq.gz	03_rename_fastq_files/F8_low_cov/ISC_155.1_F8lowcov_2H1_run1_R1.fastq.gz	03_rename_fastq_files/F8_low_cov/ISC_155.1_F8lowcov_2H1_run1_R2.fastq.gz
ISC_155.1	6133x6020_rep1	ISC_155.1_F8lowcov	2H1	2022-12-03	01_unzip_raw_data/02_unzip_lowcov_F8/H32TKDSX5_4_R14689_20230126/demultiplexed/216110/216110_TGCCTTGATCCCTTGTTAAT_S296_L004_R1_001.fastq.gz	01_unzip_raw_data/02_unzip_lowcov_F8/H32TKDSX5_4_R14689_20230126/demultiplexed/216110/216110_TGCCTTGATCCCTTGTTAAT_S296_L004_R2_001.fastq.gz	03_rename_fastq_files/F8_low_cov/ISC_155.1_F8lowcov_2H1_run2_R1.fastq.gz	03_rename_fastq_files/F8_low_cov/ISC_155.1_F8lowcov_2H1_run2_R2.fastq.gz
ISC_156.2	6133x6020_rep2	ISC_156.2_F8lowcov	3E7	2022-12-03	01_unzip_raw_data/02_unzip_lowcov_F8/H32TKDSX5_3_R14689_20230126/demultiplexed/216112/216112_CACTAGACCAACTGCCTTAT_S149_L003_R1_001.fastq.gz	01_unzip_raw_data/02_unzip_lowcov_F8/H32TKDSX5_3_R14689_20230126/demultiplexed/216112/216112_CACTAGACCAACTGCCTTAT_S149_L003_R2_001.fastq.gz	03_rename_fastq_files/F8_low_cov/ISC_156.2_F8lowcov_3E7_run1_R1.fastq.gz	03_rename_fastq_files/F8_low_cov/ISC_156.2_F8lowcov_3E7_run1_R2.fastq.gz
ISC_156.2	6133x6020_rep2	ISC_156.2_F8lowcov	3E7	2022-12-03	01_unzip_raw_data/02_unzip_lowcov_F8/H32TKDSX5_4_R14689_20230126/demultiplexed/216112/216112_CACTAGACCAACTGCCTTAT_S149_L004_R1_001.fastq.gz	01_unzip_raw_data/02_unzip_lowcov_F8/H32TKDSX5_4_R14689_20230126/demultiplexed/216112/216112_CACTAGACCAACTGCCTTAT_S149_L004_R2_001.fastq.gz	03_rename_fastq_files/F8_low_cov/ISC_156.2_F8lowcov_3E7_run2_R1.fastq.gz	03_rename_fastq_files/F8_low_cov/ISC_156.2_F8lowcov_3E7_run2_R2.fastq.gz
ISC_158.2	6133x6917_rep2	ISC_158.2_F8lowcov	5C5	2023-01-19	01_unzip_raw_data/02_unzip_lowcov_F8/HMN2MDRX2_0_R14837_20230130/demultiplexed/219242/219242_GCTTCATATTCGTTCAGCCT_S35_R1_001.fastq.gz	01_unzip_raw_data/02_unzip_lowcov_F8/HMN2MDRX2_0_R14837_20230130/demultiplexed/219242/219242_GCTTCATATTCGTTCAGCCT_S35_R2_001.fastq.gz	03_rename_fastq_files/F8_low_cov/ISC_158.2_F8lowcov_5C5_run1_R1.fastq.gz	03_rename_fastq_files/F8_low_cov/ISC_158.2_F8lowcov_5C5_run1_R2.fastq.gz
ISC_159.1	6134x6013_rep1	ISC_159.1_F8lowcov	3D4	2022-12-03	01_unzip_raw_data/02_unzip_lowcov_F8/H32TKDSX5_3_R14689_20230126/demultiplexed/216112/216112_CTAAGTACGCAACATACCTA_S124_L003_R1_001.fastq.gz	01_unzip_raw_data/02_unzip_lowcov_F8/H32TKDSX5_3_R14689_20230126/demultiplexed/216112/216112_CTAAGTACGCAACATACCTA_S124_L003_R2_001.fastq.gz	03_rename_fastq_files/F8_low_cov/ISC_159.1_F8lowcov_3D4_run1_R1.fastq.gz	03_rename_fastq_files/F8_low_cov/ISC_159.1_F8lowcov_3D4_run1_R2.fastq.gz
ISC_159.1	6134x6013_rep1	ISC_159.1_F8lowcov	3D4	2022-12-03	01_unzip_raw_data/02_unzip_lowcov_F8/H32TKDSX5_4_R14689_20230126/demultiplexed/216112/216112_CTAAGTACGCAACATACCTA_S124_L004_R1_001.fastq.gz	01_unzip_raw_data/02_unzip_lowcov_F8/H32TKDSX5_4_R14689_20230126/demultiplexed/216112/216112_CTAAGTACGCAACATACCTA_S124_L004_R2_001.fastq.gz	03_rename_fastq_files/F8_low_cov/ISC_159.1_F8lowcov_3D4_run2_R1.fastq.gz	03_rename_fastq_files/F8_low_cov/ISC_159.1_F8lowcov_3D4_run2_R2.fastq.gz
ISC_160.2	6134x6013_rep2	ISC_160.2_F8lowcov	2A5	2022-12-03	01_unzip_raw_data/02_unzip_lowcov_F8/H32TKDSX5_3_R14689_20230126/demultiplexed/216110/216110_CGTATAATCAGTCGATTACA_S321_L003_R1_001.fastq.gz	01_unzip_raw_data/02_unzip_lowcov_F8/H32TKDSX5_3_R14689_20230126/demultiplexed/216110/216110_CGTATAATCAGTCGATTACA_S321_L003_R2_001.fastq.gz	03_rename_fastq_files/F8_low_cov/ISC_160.2_F8lowcov_2A5_run1_R1.fastq.gz	03_rename_fastq_files/F8_low_cov/ISC_160.2_F8lowcov_2A5_run1_R2.fastq.gz
ISC_160.2	6134x6013_rep2	ISC_160.2_F8lowcov	2A5	2022-12-03	01_unzip_raw_data/02_unzip_lowcov_F8/H32TKDSX5_4_R14689_20230126/demultiplexed/216110/216110_CGTATAATCAGTCGATTACA_S321_L004_R1_001.fastq.gz	01_unzip_raw_data/02_unzip_lowcov_F8/H32TKDSX5_4_R14689_20230126/demultiplexed/216110/216110_CGTATAATCAGTCGATTACA_S321_L004_R2_001.fastq.gz	03_rename_fastq_files/F8_low_cov/ISC_160.2_F8lowcov_2A5_run2_R1.fastq.gz	03_rename_fastq_files/F8_low_cov/ISC_160.2_F8lowcov_2A5_run2_R2.fastq.gz
ISC_161.1	6136x6064_rep1	ISC_161.1_F8lowcov	3E2	2022-12-03	01_unzip_raw_data/02_unzip_lowcov_F8/H32TKDSX5_3_R14689_20230126/demultiplexed/216112/216112_TCCTCGGACTAACGCCAGAG_S109_L003_R1_001.fastq.gz	01_unzip_raw_data/02_unzip_lowcov_F8/H32TKDSX5_3_R14689_20230126/demultiplexed/216112/216112_TCCTCGGACTAACGCCAGAG_S109_L003_R2_001.fastq.gz	03_rename_fastq_files/F8_low_cov/ISC_161.1_F8lowcov_3E2_run1_R1.fastq.gz	03_rename_fastq_files/F8_low_cov/ISC_161.1_F8lowcov_3E2_run1_R2.fastq.gz
ISC_161.1	6136x6064_rep1	ISC_161.1_F8lowcov	3E2	2022-12-03	01_unzip_raw_data/02_unzip_lowcov_F8/H32TKDSX5_4_R14689_20230126/demultiplexed/216112/216112_TCCTCGGACTAACGCCAGAG_S109_L004_R1_001.fastq.gz	01_unzip_raw_data/02_unzip_lowcov_F8/H32TKDSX5_4_R14689_20230126/demultiplexed/216112/216112_TCCTCGGACTAACGCCAGAG_S109_L004_R2_001.fastq.gz	03_rename_fastq_files/F8_low_cov/ISC_161.1_F8lowcov_3E2_run2_R1.fastq.gz	03_rename_fastq_files/F8_low_cov/ISC_161.1_F8lowcov_3E2_run2_R2.fastq.gz
ISC_162.2	6136x6064_rep2	ISC_162.2_F8lowcov	2H11	2022-12-03	01_unzip_raw_data/02_unzip_lowcov_F8/H32TKDSX5_3_R14689_20230126/demultiplexed/216110/216110_TACACGCTCCATCCGTAAGT_S376_L003_R1_001.fastq.gz	01_unzip_raw_data/02_unzip_lowcov_F8/H32TKDSX5_3_R14689_20230126/demultiplexed/216110/216110_TACACGCTCCATCCGTAAGT_S376_L003_R2_001.fastq.gz	03_rename_fastq_files/F8_low_cov/ISC_162.2_F8lowcov_2H11_run1_R1.fastq.gz	03_rename_fastq_files/F8_low_cov/ISC_162.2_F8lowcov_2H11_run1_R2.fastq.gz
ISC_162.2	6136x6064_rep2	ISC_162.2_F8lowcov	2H11	2022-12-03	01_unzip_raw_data/02_unzip_lowcov_F8/H32TKDSX5_4_R14689_20230126/demultiplexed/216110/216110_TACACGCTCCATCCGTAAGT_S376_L004_R1_001.fastq.gz	01_unzip_raw_data/02_unzip_lowcov_F8/H32TKDSX5_4_R14689_20230126/demultiplexed/216110/216110_TACACGCTCCATCCGTAAGT_S376_L004_R2_001.fastq.gz	03_rename_fastq_files/F8_low_cov/ISC_162.2_F8lowcov_2H11_run2_R1.fastq.gz	03_rename_fastq_files/F8_low_cov/ISC_162.2_F8lowcov_2H11_run2_R2.fastq.gz
ISC_163.1	6137x5867_rep1	ISC_163.1_F8lowcov	2B5	2022-12-03	01_unzip_raw_data/02_unzip_lowcov_F8/H32TKDSX5_3_R14689_20230126/demultiplexed/216110/216110_TACGCGGCTGACTAGCCGTG_S322_L003_R1_001.fastq.gz	01_unzip_raw_data/02_unzip_lowcov_F8/H32TKDSX5_3_R14689_20230126/demultiplexed/216110/216110_TACGCGGCTGACTAGCCGTG_S322_L003_R2_001.fastq.gz	03_rename_fastq_files/F8_low_cov/ISC_163.1_F8lowcov_2B5_run1_R1.fastq.gz	03_rename_fastq_files/F8_low_cov/ISC_163.1_F8lowcov_2B5_run1_R2.fastq.gz
ISC_163.1	6137x5867_rep1	ISC_163.1_F8lowcov	2B5	2022-12-03	01_unzip_raw_data/02_unzip_lowcov_F8/H32TKDSX5_4_R14689_20230126/demultiplexed/216110/216110_TACGCGGCTGACTAGCCGTG_S322_L004_R1_001.fastq.gz	01_unzip_raw_data/02_unzip_lowcov_F8/H32TKDSX5_4_R14689_20230126/demultiplexed/216110/216110_TACGCGGCTGACTAGCCGTG_S322_L004_R2_001.fastq.gz	03_rename_fastq_files/F8_low_cov/ISC_163.1_F8lowcov_2B5_run2_R1.fastq.gz	03_rename_fastq_files/F8_low_cov/ISC_163.1_F8lowcov_2B5_run2_R2.fastq.gz
ISC_164.2	6137x5867_rep2	ISC_164.2_F8lowcov	4C5	2022-12-03	01_unzip_raw_data/02_unzip_lowcov_F8/H32TKDSX5_3_R14689_20230126/demultiplexed/216111/216111_TTCGGTGTGAGAACAAGTAT_S227_L003_R1_001.fastq.gz	01_unzip_raw_data/02_unzip_lowcov_F8/H32TKDSX5_3_R14689_20230126/demultiplexed/216111/216111_TTCGGTGTGAGAACAAGTAT_S227_L003_R2_001.fastq.gz	03_rename_fastq_files/F8_low_cov/ISC_164.2_F8lowcov_4C5_run1_R1.fastq.gz	03_rename_fastq_files/F8_low_cov/ISC_164.2_F8lowcov_4C5_run1_R2.fastq.gz
ISC_164.2	6137x5867_rep2	ISC_164.2_F8lowcov	4C5	2022-12-03	01_unzip_raw_data/02_unzip_lowcov_F8/H32TKDSX5_4_R14689_20230126/demultiplexed/216111/216111_TTCGGTGTGAGAACAAGTAT_S227_L004_R1_001.fastq.gz	01_unzip_raw_data/02_unzip_lowcov_F8/H32TKDSX5_4_R14689_20230126/demultiplexed/216111/216111_TTCGGTGTGAGAACAAGTAT_S227_L004_R2_001.fastq.gz	03_rename_fastq_files/F8_low_cov/ISC_164.2_F8lowcov_4C5_run2_R1.fastq.gz	03_rename_fastq_files/F8_low_cov/ISC_164.2_F8lowcov_4C5_run2_R2.fastq.gz
ISC_165.1	6138x6122_rep1	ISC_165.1_F8lowcov	1G8	2022-12-03	01_unzip_raw_data/02_unzip_lowcov_F8/H32TKDSX5_3_R14689_20230126/demultiplexed/216113/216113_ACTTACTTCATCTGGAATTA_S63_L003_R1_001.fastq.gz	01_unzip_raw_data/02_unzip_lowcov_F8/H32TKDSX5_3_R14689_20230126/demultiplexed/216113/216113_ACTTACTTCATCTGGAATTA_S63_L003_R2_001.fastq.gz	03_rename_fastq_files/F8_low_cov/ISC_165.1_F8lowcov_1G8_run1_R1.fastq.gz	03_rename_fastq_files/F8_low_cov/ISC_165.1_F8lowcov_1G8_run1_R2.fastq.gz
ISC_165.1	6138x6122_rep1	ISC_165.1_F8lowcov	1G8	2022-12-03	01_unzip_raw_data/02_unzip_lowcov_F8/H32TKDSX5_4_R14689_20230126/demultiplexed/216113/216113_ACTTACTTCATCTGGAATTA_S63_L004_R1_001.fastq.gz	01_unzip_raw_data/02_unzip_lowcov_F8/H32TKDSX5_4_R14689_20230126/demultiplexed/216113/216113_ACTTACTTCATCTGGAATTA_S63_L004_R2_001.fastq.gz	03_rename_fastq_files/F8_low_cov/ISC_165.1_F8lowcov_1G8_run2_R1.fastq.gz	03_rename_fastq_files/F8_low_cov/ISC_165.1_F8lowcov_1G8_run2_R2.fastq.gz
ISC_166.2	6138x6122_rep2	ISC_166.2_F8lowcov	2G9	2022-12-03	01_unzip_raw_data/02_unzip_lowcov_F8/H32TKDSX5_3_R14689_20230126/demultiplexed/216110/216110_GGTGTACAAGAAGCGCGCTT_S359_L003_R1_001.fastq.gz	01_unzip_raw_data/02_unzip_lowcov_F8/H32TKDSX5_3_R14689_20230126/demultiplexed/216110/216110_GGTGTACAAGAAGCGCGCTT_S359_L003_R2_001.fastq.gz	03_rename_fastq_files/F8_low_cov/ISC_166.2_F8lowcov_2G9_run1_R1.fastq.gz	03_rename_fastq_files/F8_low_cov/ISC_166.2_F8lowcov_2G9_run1_R2.fastq.gz
ISC_166.2	6138x6122_rep2	ISC_166.2_F8lowcov	2G9	2022-12-03	01_unzip_raw_data/02_unzip_lowcov_F8/H32TKDSX5_4_R14689_20230126/demultiplexed/216110/216110_GGTGTACAAGAAGCGCGCTT_S359_L004_R1_001.fastq.gz	01_unzip_raw_data/02_unzip_lowcov_F8/H32TKDSX5_4_R14689_20230126/demultiplexed/216110/216110_GGTGTACAAGAAGCGCGCTT_S359_L004_R2_001.fastq.gz	03_rename_fastq_files/F8_low_cov/ISC_166.2_F8lowcov_2G9_run2_R1.fastq.gz	03_rename_fastq_files/F8_low_cov/ISC_166.2_F8lowcov_2G9_run2_R2.fastq.gz
ISC_167.1	6140x9388_rep1	ISC_167.1_F8lowcov	3G11	2022-12-03	01_unzip_raw_data/02_unzip_lowcov_F8/H32TKDSX5_3_R14689_20230126/demultiplexed/216112/216112_AACAAGTACAGGATATATCC_S183_L003_R1_001.fastq.gz	01_unzip_raw_data/02_unzip_lowcov_F8/H32TKDSX5_3_R14689_20230126/demultiplexed/216112/216112_AACAAGTACAGGATATATCC_S183_L003_R2_001.fastq.gz	03_rename_fastq_files/F8_low_cov/ISC_167.1_F8lowcov_3G11_run1_R1.fastq.gz	03_rename_fastq_files/F8_low_cov/ISC_167.1_F8lowcov_3G11_run1_R2.fastq.gz
ISC_167.1	6140x9388_rep1	ISC_167.1_F8lowcov	3G11	2022-12-03	01_unzip_raw_data/02_unzip_lowcov_F8/H32TKDSX5_4_R14689_20230126/demultiplexed/216112/216112_AACAAGTACAGGATATATCC_S183_L004_R1_001.fastq.gz	01_unzip_raw_data/02_unzip_lowcov_F8/H32TKDSX5_4_R14689_20230126/demultiplexed/216112/216112_AACAAGTACAGGATATATCC_S183_L004_R2_001.fastq.gz	03_rename_fastq_files/F8_low_cov/ISC_167.1_F8lowcov_3G11_run2_R1.fastq.gz	03_rename_fastq_files/F8_low_cov/ISC_167.1_F8lowcov_3G11_run2_R2.fastq.gz
ISC_168.2	6140x9388_rep2	ISC_168.2_F8lowcov	5B3	2023-01-19	01_unzip_raw_data/02_unzip_lowcov_F8/HMN2MDRX2_0_R14837_20230130/demultiplexed/219242/219242_AGCTACTATAGTTATATGGC_S18_R1_001.fastq.gz	01_unzip_raw_data/02_unzip_lowcov_F8/HMN2MDRX2_0_R14837_20230130/demultiplexed/219242/219242_AGCTACTATAGTTATATGGC_S18_R2_001.fastq.gz	03_rename_fastq_files/F8_low_cov/ISC_168.2_F8lowcov_5B3_run1_R1.fastq.gz	03_rename_fastq_files/F8_low_cov/ISC_168.2_F8lowcov_5B3_run1_R2.fastq.gz
ISC_169.1	6142x7517_rep1	ISC_169.1_F8lowcov	2E11	2022-12-03	01_unzip_raw_data/02_unzip_lowcov_F8/H32TKDSX5_3_R14689_20230126/demultiplexed/216110/216110_TTAGGTACCACATGAGTACT_S373_L003_R1_001.fastq.gz	01_unzip_raw_data/02_unzip_lowcov_F8/H32TKDSX5_3_R14689_20230126/demultiplexed/216110/216110_TTAGGTACCACATGAGTACT_S373_L003_R2_001.fastq.gz	03_rename_fastq_files/F8_low_cov/ISC_169.1_F8lowcov_2E11_run1_R1.fastq.gz	03_rename_fastq_files/F8_low_cov/ISC_169.1_F8lowcov_2E11_run1_R2.fastq.gz
ISC_169.1	6142x7517_rep1	ISC_169.1_F8lowcov	2E11	2022-12-03	01_unzip_raw_data/02_unzip_lowcov_F8/H32TKDSX5_4_R14689_20230126/demultiplexed/216110/216110_TTAGGTACCACATGAGTACT_S373_L004_R1_001.fastq.gz	01_unzip_raw_data/02_unzip_lowcov_F8/H32TKDSX5_4_R14689_20230126/demultiplexed/216110/216110_TTAGGTACCACATGAGTACT_S373_L004_R2_001.fastq.gz	03_rename_fastq_files/F8_low_cov/ISC_169.1_F8lowcov_2E11_run2_R1.fastq.gz	03_rename_fastq_files/F8_low_cov/ISC_169.1_F8lowcov_2E11_run2_R2.fastq.gz
ISC_170.2	6142x7517_rep2	ISC_170.2_F8lowcov	2D11	2022-12-03	01_unzip_raw_data/02_unzip_lowcov_F8/H32TKDSX5_3_R14689_20230126/demultiplexed/216110/216110_GTCCACTTGTGCGCGATGTT_S372_L003_R1_001.fastq.gz	01_unzip_raw_data/02_unzip_lowcov_F8/H32TKDSX5_3_R14689_20230126/demultiplexed/216110/216110_GTCCACTTGTGCGCGATGTT_S372_L003_R2_001.fastq.gz	03_rename_fastq_files/F8_low_cov/ISC_170.2_F8lowcov_2D11_run1_R1.fastq.gz	03_rename_fastq_files/F8_low_cov/ISC_170.2_F8lowcov_2D11_run1_R2.fastq.gz
ISC_170.2	6142x7517_rep2	ISC_170.2_F8lowcov	2D11	2022-12-03	01_unzip_raw_data/02_unzip_lowcov_F8/H32TKDSX5_4_R14689_20230126/demultiplexed/216110/216110_GTCCACTTGTGCGCGATGTT_S372_L004_R1_001.fastq.gz	01_unzip_raw_data/02_unzip_lowcov_F8/H32TKDSX5_4_R14689_20230126/demultiplexed/216110/216110_GTCCACTTGTGCGCGATGTT_S372_L004_R2_001.fastq.gz	03_rename_fastq_files/F8_low_cov/ISC_170.2_F8lowcov_2D11_run2_R1.fastq.gz	03_rename_fastq_files/F8_low_cov/ISC_170.2_F8lowcov_2D11_run2_R2.fastq.gz
ISC_171.1	6145x8247_rep1	ISC_171.1_F8lowcov	2H6	2022-12-03	01_unzip_raw_data/02_unzip_lowcov_F8/H32TKDSX5_3_R14689_20230126/demultiplexed/216110/216110_AGTGCCACTGTAACAATAGG_S336_L003_R1_001.fastq.gz	01_unzip_raw_data/02_unzip_lowcov_F8/H32TKDSX5_3_R14689_20230126/demultiplexed/216110/216110_AGTGCCACTGTAACAATAGG_S336_L003_R2_001.fastq.gz	03_rename_fastq_files/F8_low_cov/ISC_171.1_F8lowcov_2H6_run1_R1.fastq.gz	03_rename_fastq_files/F8_low_cov/ISC_171.1_F8lowcov_2H6_run1_R2.fastq.gz
ISC_171.1	6145x8247_rep1	ISC_171.1_F8lowcov	2H6	2022-12-03	01_unzip_raw_data/02_unzip_lowcov_F8/H32TKDSX5_4_R14689_20230126/demultiplexed/216110/216110_AGTGCCACTGTAACAATAGG_S336_L004_R1_001.fastq.gz	01_unzip_raw_data/02_unzip_lowcov_F8/H32TKDSX5_4_R14689_20230126/demultiplexed/216110/216110_AGTGCCACTGTAACAATAGG_S336_L004_R2_001.fastq.gz	03_rename_fastq_files/F8_low_cov/ISC_171.1_F8lowcov_2H6_run2_R1.fastq.gz	03_rename_fastq_files/F8_low_cov/ISC_171.1_F8lowcov_2H6_run2_R2.fastq.gz
ISC_172.2	6145x8247_rep2	ISC_172.2_F8lowcov	2A7	2022-12-03	01_unzip_raw_data/02_unzip_lowcov_F8/H32TKDSX5_3_R14689_20230126/demultiplexed/216110/216110_GTGCAACACTCTGGTACACG_S337_L003_R1_001.fastq.gz	01_unzip_raw_data/02_unzip_lowcov_F8/H32TKDSX5_3_R14689_20230126/demultiplexed/216110/216110_GTGCAACACTCTGGTACACG_S337_L003_R2_001.fastq.gz	03_rename_fastq_files/F8_low_cov/ISC_172.2_F8lowcov_2A7_run1_R1.fastq.gz	03_rename_fastq_files/F8_low_cov/ISC_172.2_F8lowcov_2A7_run1_R2.fastq.gz
ISC_172.2	6145x8247_rep2	ISC_172.2_F8lowcov	2A7	2022-12-03	01_unzip_raw_data/02_unzip_lowcov_F8/H32TKDSX5_4_R14689_20230126/demultiplexed/216110/216110_GTGCAACACTCTGGTACACG_S337_L004_R1_001.fastq.gz	01_unzip_raw_data/02_unzip_lowcov_F8/H32TKDSX5_4_R14689_20230126/demultiplexed/216110/216110_GTGCAACACTCTGGTACACG_S337_L004_R2_001.fastq.gz	03_rename_fastq_files/F8_low_cov/ISC_172.2_F8lowcov_2A7_run2_R1.fastq.gz	03_rename_fastq_files/F8_low_cov/ISC_172.2_F8lowcov_2A7_run2_R2.fastq.gz
ISC_173.1	6148x6138_rep1	ISC_173.1_F8lowcov	2D1	2022-12-03	01_unzip_raw_data/02_unzip_lowcov_F8/H32TKDSX5_3_R14689_20230126/demultiplexed/216110/216110_CTTATGGAATTGCCTGGTGG_S292_L003_R1_001.fastq.gz	01_unzip_raw_data/02_unzip_lowcov_F8/H32TKDSX5_3_R14689_20230126/demultiplexed/216110/216110_CTTATGGAATTGCCTGGTGG_S292_L003_R2_001.fastq.gz	03_rename_fastq_files/F8_low_cov/ISC_173.1_F8lowcov_2D1_run1_R1.fastq.gz	03_rename_fastq_files/F8_low_cov/ISC_173.1_F8lowcov_2D1_run1_R2.fastq.gz
ISC_173.1	6148x6138_rep1	ISC_173.1_F8lowcov	2D1	2022-12-03	01_unzip_raw_data/02_unzip_lowcov_F8/H32TKDSX5_4_R14689_20230126/demultiplexed/216110/216110_CTTATGGAATTGCCTGGTGG_S292_L004_R1_001.fastq.gz	01_unzip_raw_data/02_unzip_lowcov_F8/H32TKDSX5_4_R14689_20230126/demultiplexed/216110/216110_CTTATGGAATTGCCTGGTGG_S292_L004_R2_001.fastq.gz	03_rename_fastq_files/F8_low_cov/ISC_173.1_F8lowcov_2D1_run2_R1.fastq.gz	03_rename_fastq_files/F8_low_cov/ISC_173.1_F8lowcov_2D1_run2_R2.fastq.gz
ISC_174.2	6148x6138_rep2	ISC_174.2_F8lowcov	4B5	2022-12-03	01_unzip_raw_data/02_unzip_lowcov_F8/H32TKDSX5_3_R14689_20230126/demultiplexed/216111/216111_ATAGCCAAGAAGTGCCACTG_S226_L003_R1_001.fastq.gz	01_unzip_raw_data/02_unzip_lowcov_F8/H32TKDSX5_3_R14689_20230126/demultiplexed/216111/216111_ATAGCCAAGAAGTGCCACTG_S226_L003_R2_001.fastq.gz	03_rename_fastq_files/F8_low_cov/ISC_174.2_F8lowcov_4B5_run1_R1.fastq.gz	03_rename_fastq_files/F8_low_cov/ISC_174.2_F8lowcov_4B5_run1_R2.fastq.gz
ISC_174.2	6148x6138_rep2	ISC_174.2_F8lowcov	4B5	2022-12-03	01_unzip_raw_data/02_unzip_lowcov_F8/H32TKDSX5_4_R14689_20230126/demultiplexed/216111/216111_ATAGCCAAGAAGTGCCACTG_S226_L004_R1_001.fastq.gz	01_unzip_raw_data/02_unzip_lowcov_F8/H32TKDSX5_4_R14689_20230126/demultiplexed/216111/216111_ATAGCCAAGAAGTGCCACTG_S226_L004_R2_001.fastq.gz	03_rename_fastq_files/F8_low_cov/ISC_174.2_F8lowcov_4B5_run2_R1.fastq.gz	03_rename_fastq_files/F8_low_cov/ISC_174.2_F8lowcov_4B5_run2_R2.fastq.gz
ISC_175.1	6149x9395_rep1	ISC_175.1_F8lowcov	4A5	2022-12-03	01_unzip_raw_data/02_unzip_lowcov_F8/H32TKDSX5_3_R14689_20230126/demultiplexed/216111/216111_TCTAGGCGCGCGAAGGTTAA_S225_L003_R1_001.fastq.gz	01_unzip_raw_data/02_unzip_lowcov_F8/H32TKDSX5_3_R14689_20230126/demultiplexed/216111/216111_TCTAGGCGCGCGAAGGTTAA_S225_L003_R2_001.fastq.gz	03_rename_fastq_files/F8_low_cov/ISC_175.1_F8lowcov_4A5_run1_R1.fastq.gz	03_rename_fastq_files/F8_low_cov/ISC_175.1_F8lowcov_4A5_run1_R2.fastq.gz
ISC_175.1	6149x9395_rep1	ISC_175.1_F8lowcov	4A5	2022-12-03	01_unzip_raw_data/02_unzip_lowcov_F8/H32TKDSX5_4_R14689_20230126/demultiplexed/216111/216111_TCTAGGCGCGCGAAGGTTAA_S225_L004_R1_001.fastq.gz	01_unzip_raw_data/02_unzip_lowcov_F8/H32TKDSX5_4_R14689_20230126/demultiplexed/216111/216111_TCTAGGCGCGCGAAGGTTAA_S225_L004_R2_001.fastq.gz	03_rename_fastq_files/F8_low_cov/ISC_175.1_F8lowcov_4A5_run2_R1.fastq.gz	03_rename_fastq_files/F8_low_cov/ISC_175.1_F8lowcov_4A5_run2_R2.fastq.gz
ISC_176.2	6149x9395_rep2	ISC_176.2_F8lowcov	3B12	2022-12-03	01_unzip_raw_data/02_unzip_lowcov_F8/H32TKDSX5_3_R14689_20230126/demultiplexed/216112/216112_AGAATTCGCCCGGCAAGCTC_S186_L003_R1_001.fastq.gz	01_unzip_raw_data/02_unzip_lowcov_F8/H32TKDSX5_3_R14689_20230126/demultiplexed/216112/216112_AGAATTCGCCCGGCAAGCTC_S186_L003_R2_001.fastq.gz	03_rename_fastq_files/F8_low_cov/ISC_176.2_F8lowcov_3B12_run1_R1.fastq.gz	03_rename_fastq_files/F8_low_cov/ISC_176.2_F8lowcov_3B12_run1_R2.fastq.gz
ISC_176.2	6149x9395_rep2	ISC_176.2_F8lowcov	3B12	2022-12-03	01_unzip_raw_data/02_unzip_lowcov_F8/H32TKDSX5_4_R14689_20230126/demultiplexed/216112/216112_AGAATTCGCCCGGCAAGCTC_S186_L004_R1_001.fastq.gz	01_unzip_raw_data/02_unzip_lowcov_F8/H32TKDSX5_4_R14689_20230126/demultiplexed/216112/216112_AGAATTCGCCCGGCAAGCTC_S186_L004_R2_001.fastq.gz	03_rename_fastq_files/F8_low_cov/ISC_176.2_F8lowcov_3B12_run2_R1.fastq.gz	03_rename_fastq_files/F8_low_cov/ISC_176.2_F8lowcov_3B12_run2_R2.fastq.gz
ISC_177.1	6150x6218_rep1	ISC_177.1_F8lowcov	3F4	2022-12-03	01_unzip_raw_data/02_unzip_lowcov_F8/H32TKDSX5_3_R14689_20230126/demultiplexed/216112/216112_CTATTACTACGAGTCTCTCC_S126_L003_R1_001.fastq.gz	01_unzip_raw_data/02_unzip_lowcov_F8/H32TKDSX5_3_R14689_20230126/demultiplexed/216112/216112_CTATTACTACGAGTCTCTCC_S126_L003_R2_001.fastq.gz	03_rename_fastq_files/F8_low_cov/ISC_177.1_F8lowcov_3F4_run1_R1.fastq.gz	03_rename_fastq_files/F8_low_cov/ISC_177.1_F8lowcov_3F4_run1_R2.fastq.gz
ISC_177.1	6150x6218_rep1	ISC_177.1_F8lowcov	3F4	2022-12-03	01_unzip_raw_data/02_unzip_lowcov_F8/H32TKDSX5_4_R14689_20230126/demultiplexed/216112/216112_CTATTACTACGAGTCTCTCC_S126_L004_R1_001.fastq.gz	01_unzip_raw_data/02_unzip_lowcov_F8/H32TKDSX5_4_R14689_20230126/demultiplexed/216112/216112_CTATTACTACGAGTCTCTCC_S126_L004_R2_001.fastq.gz	03_rename_fastq_files/F8_low_cov/ISC_177.1_F8lowcov_3F4_run2_R1.fastq.gz	03_rename_fastq_files/F8_low_cov/ISC_177.1_F8lowcov_3F4_run2_R2.fastq.gz
ISC_178.2	6150x6218_rep2	ISC_178.2_F8lowcov	2B10	2022-12-03	01_unzip_raw_data/02_unzip_lowcov_F8/H32TKDSX5_3_R14689_20230126/demultiplexed/216110/216110_ACCTTATGAATGTTAGAAGG_S362_L003_R1_001.fastq.gz	01_unzip_raw_data/02_unzip_lowcov_F8/H32TKDSX5_3_R14689_20230126/demultiplexed/216110/216110_ACCTTATGAATGTTAGAAGG_S362_L003_R2_001.fastq.gz	03_rename_fastq_files/F8_low_cov/ISC_178.2_F8lowcov_2B10_run1_R1.fastq.gz	03_rename_fastq_files/F8_low_cov/ISC_178.2_F8lowcov_2B10_run1_R2.fastq.gz
ISC_178.2	6150x6218_rep2	ISC_178.2_F8lowcov	2B10	2022-12-03	01_unzip_raw_data/02_unzip_lowcov_F8/H32TKDSX5_4_R14689_20230126/demultiplexed/216110/216110_ACCTTATGAATGTTAGAAGG_S362_L004_R1_001.fastq.gz	01_unzip_raw_data/02_unzip_lowcov_F8/H32TKDSX5_4_R14689_20230126/demultiplexed/216110/216110_ACCTTATGAATGTTAGAAGG_S362_L004_R2_001.fastq.gz	03_rename_fastq_files/F8_low_cov/ISC_178.2_F8lowcov_2B10_run2_R1.fastq.gz	03_rename_fastq_files/F8_low_cov/ISC_178.2_F8lowcov_2B10_run2_R2.fastq.gz
ISC_179.1	6151x9408_rep1	ISC_179.1_F8lowcov	4G5	2022-12-03	01_unzip_raw_data/02_unzip_lowcov_F8/H32TKDSX5_3_R14689_20230126/demultiplexed/216111/216111_TGGCCTCTGTTGAGACAGCG_S231_L003_R1_001.fastq.gz	01_unzip_raw_data/02_unzip_lowcov_F8/H32TKDSX5_3_R14689_20230126/demultiplexed/216111/216111_TGGCCTCTGTTGAGACAGCG_S231_L003_R2_001.fastq.gz	03_rename_fastq_files/F8_low_cov/ISC_179.1_F8lowcov_4G5_run1_R1.fastq.gz	03_rename_fastq_files/F8_low_cov/ISC_179.1_F8lowcov_4G5_run1_R2.fastq.gz
ISC_179.1	6151x9408_rep1	ISC_179.1_F8lowcov	4G5	2022-12-03	01_unzip_raw_data/02_unzip_lowcov_F8/H32TKDSX5_4_R14689_20230126/demultiplexed/216111/216111_TGGCCTCTGTTGAGACAGCG_S231_L004_R1_001.fastq.gz	01_unzip_raw_data/02_unzip_lowcov_F8/H32TKDSX5_4_R14689_20230126/demultiplexed/216111/216111_TGGCCTCTGTTGAGACAGCG_S231_L004_R2_001.fastq.gz	03_rename_fastq_files/F8_low_cov/ISC_179.1_F8lowcov_4G5_run2_R1.fastq.gz	03_rename_fastq_files/F8_low_cov/ISC_179.1_F8lowcov_4G5_run2_R2.fastq.gz
ISC_180.2	6151x9408_rep2	ISC_180.2_F8lowcov	2A10	2022-12-03	01_unzip_raw_data/02_unzip_lowcov_F8/H32TKDSX5_3_R14689_20230126/demultiplexed/216110/216110_GTTCCGCAGGATCATAGGCT_S361_L003_R1_001.fastq.gz	01_unzip_raw_data/02_unzip_lowcov_F8/H32TKDSX5_3_R14689_20230126/demultiplexed/216110/216110_GTTCCGCAGGATCATAGGCT_S361_L003_R2_001.fastq.gz	03_rename_fastq_files/F8_low_cov/ISC_180.2_F8lowcov_2A10_run1_R1.fastq.gz	03_rename_fastq_files/F8_low_cov/ISC_180.2_F8lowcov_2A10_run1_R2.fastq.gz
ISC_180.2	6151x9408_rep2	ISC_180.2_F8lowcov	2A10	2022-12-03	01_unzip_raw_data/02_unzip_lowcov_F8/H32TKDSX5_4_R14689_20230126/demultiplexed/216110/216110_GTTCCGCAGGATCATAGGCT_S361_L004_R1_001.fastq.gz	01_unzip_raw_data/02_unzip_lowcov_F8/H32TKDSX5_4_R14689_20230126/demultiplexed/216110/216110_GTTCCGCAGGATCATAGGCT_S361_L004_R2_001.fastq.gz	03_rename_fastq_files/F8_low_cov/ISC_180.2_F8lowcov_2A10_run2_R1.fastq.gz	03_rename_fastq_files/F8_low_cov/ISC_180.2_F8lowcov_2A10_run2_R2.fastq.gz
ISC_181.1	6154x6221_rep1	ISC_181.1_F8lowcov	5B5	2023-01-19	01_unzip_raw_data/02_unzip_lowcov_F8/HMN2MDRX2_0_R14837_20230130/demultiplexed/219242/219242_CGCCATATCTGACCGGAGAT_S34_R1_001.fastq.gz	01_unzip_raw_data/02_unzip_lowcov_F8/HMN2MDRX2_0_R14837_20230130/demultiplexed/219242/219242_CGCCATATCTGACCGGAGAT_S34_R2_001.fastq.gz	03_rename_fastq_files/F8_low_cov/ISC_181.1_F8lowcov_5B5_run1_R1.fastq.gz	03_rename_fastq_files/F8_low_cov/ISC_181.1_F8lowcov_5B5_run1_R2.fastq.gz
ISC_182.2	6154x6221_rep2	ISC_182.2_F8lowcov	5F5	2023-01-19	01_unzip_raw_data/02_unzip_lowcov_F8/HMN2MDRX2_0_R14837_20230130/demultiplexed/219242/219242_GTGGTATCTGGCTACTATCT_S38_R1_001.fastq.gz	01_unzip_raw_data/02_unzip_lowcov_F8/HMN2MDRX2_0_R14837_20230130/demultiplexed/219242/219242_GTGGTATCTGGCTACTATCT_S38_R2_001.fastq.gz	03_rename_fastq_files/F8_low_cov/ISC_182.2_F8lowcov_5F5_run1_R1.fastq.gz	03_rename_fastq_files/F8_low_cov/ISC_182.2_F8lowcov_5F5_run1_R2.fastq.gz
ISC_183.1	6163x6111_rep1	ISC_183.1_F8lowcov	3E10	2022-12-03	01_unzip_raw_data/02_unzip_lowcov_F8/H32TKDSX5_3_R14689_20230126/demultiplexed/216112/216112_GTAGGCGAGCTAGGAGCGCA_S173_L003_R1_001.fastq.gz	01_unzip_raw_data/02_unzip_lowcov_F8/H32TKDSX5_3_R14689_20230126/demultiplexed/216112/216112_GTAGGCGAGCTAGGAGCGCA_S173_L003_R2_001.fastq.gz	03_rename_fastq_files/F8_low_cov/ISC_183.1_F8lowcov_3E10_run1_R1.fastq.gz	03_rename_fastq_files/F8_low_cov/ISC_183.1_F8lowcov_3E10_run1_R2.fastq.gz
ISC_183.1	6163x6111_rep1	ISC_183.1_F8lowcov	3E10	2022-12-03	01_unzip_raw_data/02_unzip_lowcov_F8/H32TKDSX5_4_R14689_20230126/demultiplexed/216112/216112_GTAGGCGAGCTAGGAGCGCA_S173_L004_R1_001.fastq.gz	01_unzip_raw_data/02_unzip_lowcov_F8/H32TKDSX5_4_R14689_20230126/demultiplexed/216112/216112_GTAGGCGAGCTAGGAGCGCA_S173_L004_R2_001.fastq.gz	03_rename_fastq_files/F8_low_cov/ISC_183.1_F8lowcov_3E10_run2_R1.fastq.gz	03_rename_fastq_files/F8_low_cov/ISC_183.1_F8lowcov_3E10_run2_R2.fastq.gz
ISC_184.2	6163x6111_rep2	ISC_184.2_F8lowcov	5A3	2023-01-19	01_unzip_raw_data/02_unzip_lowcov_F8/HMN2MDRX2_0_R14837_20230130/demultiplexed/219242/219242_GCTAGACTATAATACGACAT_S17_R1_001.fastq.gz	01_unzip_raw_data/02_unzip_lowcov_F8/HMN2MDRX2_0_R14837_20230130/demultiplexed/219242/219242_GCTAGACTATAATACGACAT_S17_R2_001.fastq.gz	03_rename_fastq_files/F8_low_cov/ISC_184.2_F8lowcov_5A3_run1_R1.fastq.gz	03_rename_fastq_files/F8_low_cov/ISC_184.2_F8lowcov_5A3_run1_R2.fastq.gz
ISC_185.1	6163x9405_rep1	ISC_185.1_F8lowcov	5D2	2023-01-19	01_unzip_raw_data/02_unzip_lowcov_F8/HMN2MDRX2_0_R14837_20230130/demultiplexed/219242/219242_GTAACTGAAGGGAGTCGCGA_S12_R1_001.fastq.gz	01_unzip_raw_data/02_unzip_lowcov_F8/HMN2MDRX2_0_R14837_20230130/demultiplexed/219242/219242_GTAACTGAAGGGAGTCGCGA_S12_R2_001.fastq.gz	03_rename_fastq_files/F8_low_cov/ISC_185.1_F8lowcov_5D2_run1_R1.fastq.gz	03_rename_fastq_files/F8_low_cov/ISC_185.1_F8lowcov_5D2_run1_R2.fastq.gz
ISC_186.2	6163x9405_rep2	ISC_186.2_F8lowcov	5B4	2023-01-19	01_unzip_raw_data/02_unzip_lowcov_F8/HMN2MDRX2_0_R14837_20230130/demultiplexed/219242/219242_TTGCTCTATTGTGACCTTGA_S26_R1_001.fastq.gz	01_unzip_raw_data/02_unzip_lowcov_F8/HMN2MDRX2_0_R14837_20230130/demultiplexed/219242/219242_TTGCTCTATTGTGACCTTGA_S26_R2_001.fastq.gz	03_rename_fastq_files/F8_low_cov/ISC_186.2_F8lowcov_5B4_run1_R1.fastq.gz	03_rename_fastq_files/F8_low_cov/ISC_186.2_F8lowcov_5B4_run1_R2.fastq.gz
ISC_187.1	6166x7519_rep1	ISC_187.1_F8lowcov	2H5	2022-12-03	01_unzip_raw_data/02_unzip_lowcov_F8/H32TKDSX5_3_R14689_20230126/demultiplexed/216110/216110_TGACTACATACGCACTAATG_S328_L003_R1_001.fastq.gz	01_unzip_raw_data/02_unzip_lowcov_F8/H32TKDSX5_3_R14689_20230126/demultiplexed/216110/216110_TGACTACATACGCACTAATG_S328_L003_R2_001.fastq.gz	03_rename_fastq_files/F8_low_cov/ISC_187.1_F8lowcov_2H5_run1_R1.fastq.gz	03_rename_fastq_files/F8_low_cov/ISC_187.1_F8lowcov_2H5_run1_R2.fastq.gz
ISC_187.1	6166x7519_rep1	ISC_187.1_F8lowcov	2H5	2022-12-03	01_unzip_raw_data/02_unzip_lowcov_F8/H32TKDSX5_4_R14689_20230126/demultiplexed/216110/216110_TGACTACATACGCACTAATG_S328_L004_R1_001.fastq.gz	01_unzip_raw_data/02_unzip_lowcov_F8/H32TKDSX5_4_R14689_20230126/demultiplexed/216110/216110_TGACTACATACGCACTAATG_S328_L004_R2_001.fastq.gz	03_rename_fastq_files/F8_low_cov/ISC_187.1_F8lowcov_2H5_run2_R1.fastq.gz	03_rename_fastq_files/F8_low_cov/ISC_187.1_F8lowcov_2H5_run2_R2.fastq.gz
ISC_188.2	6166x7519_rep2	ISC_188.2_F8lowcov	2A2	2022-12-03	01_unzip_raw_data/02_unzip_lowcov_F8/H32TKDSX5_3_R14689_20230126/demultiplexed/216110/216110_CTACTCAGTCGTTGATAGTG_S297_L003_R1_001.fastq.gz	01_unzip_raw_data/02_unzip_lowcov_F8/H32TKDSX5_3_R14689_20230126/demultiplexed/216110/216110_CTACTCAGTCGTTGATAGTG_S297_L003_R2_001.fastq.gz	03_rename_fastq_files/F8_low_cov/ISC_188.2_F8lowcov_2A2_run1_R1.fastq.gz	03_rename_fastq_files/F8_low_cov/ISC_188.2_F8lowcov_2A2_run1_R2.fastq.gz
ISC_188.2	6166x7519_rep2	ISC_188.2_F8lowcov	2A2	2022-12-03	01_unzip_raw_data/02_unzip_lowcov_F8/H32TKDSX5_4_R14689_20230126/demultiplexed/216110/216110_CTACTCAGTCGTTGATAGTG_S297_L004_R1_001.fastq.gz	01_unzip_raw_data/02_unzip_lowcov_F8/H32TKDSX5_4_R14689_20230126/demultiplexed/216110/216110_CTACTCAGTCGTTGATAGTG_S297_L004_R2_001.fastq.gz	03_rename_fastq_files/F8_low_cov/ISC_188.2_F8lowcov_2A2_run2_R1.fastq.gz	03_rename_fastq_files/F8_low_cov/ISC_188.2_F8lowcov_2A2_run2_R2.fastq.gz
ISC_189.1	6169x8230_rep1	ISC_189.1_F8lowcov	3A12	2022-12-03	01_unzip_raw_data/02_unzip_lowcov_F8/H32TKDSX5_3_R14689_20230126/demultiplexed/216112/216112_TATCACTCTGAACGTTACAT_S185_L003_R1_001.fastq.gz	01_unzip_raw_data/02_unzip_lowcov_F8/H32TKDSX5_3_R14689_20230126/demultiplexed/216112/216112_TATCACTCTGAACGTTACAT_S185_L003_R2_001.fastq.gz	03_rename_fastq_files/F8_low_cov/ISC_189.1_F8lowcov_3A12_run1_R1.fastq.gz	03_rename_fastq_files/F8_low_cov/ISC_189.1_F8lowcov_3A12_run1_R2.fastq.gz
ISC_189.1	6169x8230_rep1	ISC_189.1_F8lowcov	3A12	2022-12-03	01_unzip_raw_data/02_unzip_lowcov_F8/H32TKDSX5_4_R14689_20230126/demultiplexed/216112/216112_TATCACTCTGAACGTTACAT_S185_L004_R1_001.fastq.gz	01_unzip_raw_data/02_unzip_lowcov_F8/H32TKDSX5_4_R14689_20230126/demultiplexed/216112/216112_TATCACTCTGAACGTTACAT_S185_L004_R2_001.fastq.gz	03_rename_fastq_files/F8_low_cov/ISC_189.1_F8lowcov_3A12_run2_R1.fastq.gz	03_rename_fastq_files/F8_low_cov/ISC_189.1_F8lowcov_3A12_run2_R2.fastq.gz
ISC_190.2	6169x8230_rep2	ISC_190.2_F8lowcov	4H5	2022-12-03	01_unzip_raw_data/02_unzip_lowcov_F8/H32TKDSX5_3_R14689_20230126/demultiplexed/216111/216111_CCAGGCACCAACGCTAATTA_S232_L003_R1_001.fastq.gz	01_unzip_raw_data/02_unzip_lowcov_F8/H32TKDSX5_3_R14689_20230126/demultiplexed/216111/216111_CCAGGCACCAACGCTAATTA_S232_L003_R2_001.fastq.gz	03_rename_fastq_files/F8_low_cov/ISC_190.2_F8lowcov_4H5_run1_R1.fastq.gz	03_rename_fastq_files/F8_low_cov/ISC_190.2_F8lowcov_4H5_run1_R2.fastq.gz
ISC_190.2	6169x8230_rep2	ISC_190.2_F8lowcov	4H5	2022-12-03	01_unzip_raw_data/02_unzip_lowcov_F8/H32TKDSX5_4_R14689_20230126/demultiplexed/216111/216111_CCAGGCACCAACGCTAATTA_S232_L004_R1_001.fastq.gz	01_unzip_raw_data/02_unzip_lowcov_F8/H32TKDSX5_4_R14689_20230126/demultiplexed/216111/216111_CCAGGCACCAACGCTAATTA_S232_L004_R2_001.fastq.gz	03_rename_fastq_files/F8_low_cov/ISC_190.2_F8lowcov_4H5_run2_R1.fastq.gz	03_rename_fastq_files/F8_low_cov/ISC_190.2_F8lowcov_4H5_run2_R2.fastq.gz
ISC_191.1	6171x6074_rep1	ISC_191.1_F8lowcov	4C9	2022-12-03	01_unzip_raw_data/02_unzip_lowcov_F8/H32TKDSX5_3_R14689_20230126/demultiplexed/216111/216111_ACTTGTTATCCGCGCCTAGA_S259_L003_R1_001.fastq.gz	01_unzip_raw_data/02_unzip_lowcov_F8/H32TKDSX5_3_R14689_20230126/demultiplexed/216111/216111_ACTTGTTATCCGCGCCTAGA_S259_L003_R2_001.fastq.gz	03_rename_fastq_files/F8_low_cov/ISC_191.1_F8lowcov_4C9_run1_R1.fastq.gz	03_rename_fastq_files/F8_low_cov/ISC_191.1_F8lowcov_4C9_run1_R2.fastq.gz
ISC_191.1	6171x6074_rep1	ISC_191.1_F8lowcov	4C9	2022-12-03	01_unzip_raw_data/02_unzip_lowcov_F8/H32TKDSX5_4_R14689_20230126/demultiplexed/216111/216111_ACTTGTTATCCGCGCCTAGA_S259_L004_R1_001.fastq.gz	01_unzip_raw_data/02_unzip_lowcov_F8/H32TKDSX5_4_R14689_20230126/demultiplexed/216111/216111_ACTTGTTATCCGCGCCTAGA_S259_L004_R2_001.fastq.gz	03_rename_fastq_files/F8_low_cov/ISC_191.1_F8lowcov_4C9_run2_R1.fastq.gz	03_rename_fastq_files/F8_low_cov/ISC_191.1_F8lowcov_4C9_run2_R2.fastq.gz
ISC_192.2	6171x6074_rep2	ISC_192.2_F8lowcov	3H10	2022-12-03	01_unzip_raw_data/02_unzip_lowcov_F8/H32TKDSX5_3_R14689_20230126/demultiplexed/216112/216112_TATAACAGCTTCGCGTATAA_S176_L003_R1_001.fastq.gz	01_unzip_raw_data/02_unzip_lowcov_F8/H32TKDSX5_3_R14689_20230126/demultiplexed/216112/216112_TATAACAGCTTCGCGTATAA_S176_L003_R2_001.fastq.gz	03_rename_fastq_files/F8_low_cov/ISC_192.2_F8lowcov_3H10_run1_R1.fastq.gz	03_rename_fastq_files/F8_low_cov/ISC_192.2_F8lowcov_3H10_run1_R2.fastq.gz
ISC_192.2	6171x6074_rep2	ISC_192.2_F8lowcov	3H10	2022-12-03	01_unzip_raw_data/02_unzip_lowcov_F8/H32TKDSX5_4_R14689_20230126/demultiplexed/216112/216112_TATAACAGCTTCGCGTATAA_S176_L004_R1_001.fastq.gz	01_unzip_raw_data/02_unzip_lowcov_F8/H32TKDSX5_4_R14689_20230126/demultiplexed/216112/216112_TATAACAGCTTCGCGTATAA_S176_L004_R2_001.fastq.gz	03_rename_fastq_files/F8_low_cov/ISC_192.2_F8lowcov_3H10_run2_R1.fastq.gz	03_rename_fastq_files/F8_low_cov/ISC_192.2_F8lowcov_3H10_run2_R2.fastq.gz
ISC_193.1	6172x6148_rep1	ISC_193.1_F8lowcov	4G2	2022-12-03	01_unzip_raw_data/02_unzip_lowcov_F8/H32TKDSX5_3_R14689_20230126/demultiplexed/216111/216111_ATTAACAAGGTGTTGTTCGT_S207_L003_R1_001.fastq.gz	01_unzip_raw_data/02_unzip_lowcov_F8/H32TKDSX5_3_R14689_20230126/demultiplexed/216111/216111_ATTAACAAGGTGTTGTTCGT_S207_L003_R2_001.fastq.gz	03_rename_fastq_files/F8_low_cov/ISC_193.1_F8lowcov_4G2_run1_R1.fastq.gz	03_rename_fastq_files/F8_low_cov/ISC_193.1_F8lowcov_4G2_run1_R2.fastq.gz
ISC_193.1	6172x6148_rep1	ISC_193.1_F8lowcov	4G2	2022-12-03	01_unzip_raw_data/02_unzip_lowcov_F8/H32TKDSX5_4_R14689_20230126/demultiplexed/216111/216111_ATTAACAAGGTGTTGTTCGT_S207_L004_R1_001.fastq.gz	01_unzip_raw_data/02_unzip_lowcov_F8/H32TKDSX5_4_R14689_20230126/demultiplexed/216111/216111_ATTAACAAGGTGTTGTTCGT_S207_L004_R2_001.fastq.gz	03_rename_fastq_files/F8_low_cov/ISC_193.1_F8lowcov_4G2_run2_R1.fastq.gz	03_rename_fastq_files/F8_low_cov/ISC_193.1_F8lowcov_4G2_run2_R2.fastq.gz
ISC_194.2	6172x6148_rep2	ISC_194.2_F8lowcov	2C9	2022-12-03	01_unzip_raw_data/02_unzip_lowcov_F8/H32TKDSX5_3_R14689_20230126/demultiplexed/216110/216110_AGCACATCCTTTACAATTCC_S355_L003_R1_001.fastq.gz	01_unzip_raw_data/02_unzip_lowcov_F8/H32TKDSX5_3_R14689_20230126/demultiplexed/216110/216110_AGCACATCCTTTACAATTCC_S355_L003_R2_001.fastq.gz	03_rename_fastq_files/F8_low_cov/ISC_194.2_F8lowcov_2C9_run1_R1.fastq.gz	03_rename_fastq_files/F8_low_cov/ISC_194.2_F8lowcov_2C9_run1_R2.fastq.gz
ISC_194.2	6172x6148_rep2	ISC_194.2_F8lowcov	2C9	2022-12-03	01_unzip_raw_data/02_unzip_lowcov_F8/H32TKDSX5_4_R14689_20230126/demultiplexed/216110/216110_AGCACATCCTTTACAATTCC_S355_L004_R1_001.fastq.gz	01_unzip_raw_data/02_unzip_lowcov_F8/H32TKDSX5_4_R14689_20230126/demultiplexed/216110/216110_AGCACATCCTTTACAATTCC_S355_L004_R2_001.fastq.gz	03_rename_fastq_files/F8_low_cov/ISC_194.2_F8lowcov_2C9_run2_R1.fastq.gz	03_rename_fastq_files/F8_low_cov/ISC_194.2_F8lowcov_2C9_run2_R2.fastq.gz
ISC_195.1	6173x9383_rep1	ISC_195.1_F8lowcov	2B9	2022-12-03	01_unzip_raw_data/02_unzip_lowcov_F8/H32TKDSX5_3_R14689_20230126/demultiplexed/216110/216110_GCGTTGGTATAATTGCTGCG_S354_L003_R1_001.fastq.gz	01_unzip_raw_data/02_unzip_lowcov_F8/H32TKDSX5_3_R14689_20230126/demultiplexed/216110/216110_GCGTTGGTATAATTGCTGCG_S354_L003_R2_001.fastq.gz	03_rename_fastq_files/F8_low_cov/ISC_195.1_F8lowcov_2B9_run1_R1.fastq.gz	03_rename_fastq_files/F8_low_cov/ISC_195.1_F8lowcov_2B9_run1_R2.fastq.gz
ISC_195.1	6173x9383_rep1	ISC_195.1_F8lowcov	2B9	2022-12-03	01_unzip_raw_data/02_unzip_lowcov_F8/H32TKDSX5_4_R14689_20230126/demultiplexed/216110/216110_GCGTTGGTATAATTGCTGCG_S354_L004_R1_001.fastq.gz	01_unzip_raw_data/02_unzip_lowcov_F8/H32TKDSX5_4_R14689_20230126/demultiplexed/216110/216110_GCGTTGGTATAATTGCTGCG_S354_L004_R2_001.fastq.gz	03_rename_fastq_files/F8_low_cov/ISC_195.1_F8lowcov_2B9_run2_R1.fastq.gz	03_rename_fastq_files/F8_low_cov/ISC_195.1_F8lowcov_2B9_run2_R2.fastq.gz
ISC_196.2	6173x9383_rep2	ISC_196.2_F8lowcov	1E12	2022-12-03	01_unzip_raw_data/02_unzip_lowcov_F8/H32TKDSX5_3_R14689_20230126/demultiplexed/216113/216113_TGGTTCTCATCTCAAGGCCG_S93_L003_R1_001.fastq.gz	01_unzip_raw_data/02_unzip_lowcov_F8/H32TKDSX5_3_R14689_20230126/demultiplexed/216113/216113_TGGTTCTCATCTCAAGGCCG_S93_L003_R2_001.fastq.gz	03_rename_fastq_files/F8_low_cov/ISC_196.2_F8lowcov_1E12_run1_R1.fastq.gz	03_rename_fastq_files/F8_low_cov/ISC_196.2_F8lowcov_1E12_run1_R2.fastq.gz
ISC_196.2	6173x9383_rep2	ISC_196.2_F8lowcov	1E12	2022-12-03	01_unzip_raw_data/02_unzip_lowcov_F8/H32TKDSX5_4_R14689_20230126/demultiplexed/216113/216113_TGGTTCTCATCTCAAGGCCG_S93_L004_R1_001.fastq.gz	01_unzip_raw_data/02_unzip_lowcov_F8/H32TKDSX5_4_R14689_20230126/demultiplexed/216113/216113_TGGTTCTCATCTCAAGGCCG_S93_L004_R2_001.fastq.gz	03_rename_fastq_files/F8_low_cov/ISC_196.2_F8lowcov_1E12_run2_R1.fastq.gz	03_rename_fastq_files/F8_low_cov/ISC_196.2_F8lowcov_1E12_run2_R2.fastq.gz
ISC_197.1	6177x6023_rep1	ISC_197.1_F8lowcov	2G6	2022-12-03	01_unzip_raw_data/02_unzip_lowcov_F8/H32TKDSX5_3_R14689_20230126/demultiplexed/216110/216110_TATCCAGGACCGGTGGCGAA_S335_L003_R1_001.fastq.gz	01_unzip_raw_data/02_unzip_lowcov_F8/H32TKDSX5_3_R14689_20230126/demultiplexed/216110/216110_TATCCAGGACCGGTGGCGAA_S335_L003_R2_001.fastq.gz	03_rename_fastq_files/F8_low_cov/ISC_197.1_F8lowcov_2G6_run1_R1.fastq.gz	03_rename_fastq_files/F8_low_cov/ISC_197.1_F8lowcov_2G6_run1_R2.fastq.gz
ISC_197.1	6177x6023_rep1	ISC_197.1_F8lowcov	2G6	2022-12-03	01_unzip_raw_data/02_unzip_lowcov_F8/H32TKDSX5_4_R14689_20230126/demultiplexed/216110/216110_TATCCAGGACCGGTGGCGAA_S335_L004_R1_001.fastq.gz	01_unzip_raw_data/02_unzip_lowcov_F8/H32TKDSX5_4_R14689_20230126/demultiplexed/216110/216110_TATCCAGGACCGGTGGCGAA_S335_L004_R2_001.fastq.gz	03_rename_fastq_files/F8_low_cov/ISC_197.1_F8lowcov_2G6_run2_R1.fastq.gz	03_rename_fastq_files/F8_low_cov/ISC_197.1_F8lowcov_2G6_run2_R2.fastq.gz
ISC_198.2	6177x6023_rep2	ISC_198.2_F8lowcov	4C10	2022-12-03	01_unzip_raw_data/02_unzip_lowcov_F8/H32TKDSX5_3_R14689_20230126/demultiplexed/216111/216111_AGGCGTTCGCTTCATCCAAC_S267_L003_R1_001.fastq.gz	01_unzip_raw_data/02_unzip_lowcov_F8/H32TKDSX5_3_R14689_20230126/demultiplexed/216111/216111_AGGCGTTCGCTTCATCCAAC_S267_L003_R2_001.fastq.gz	03_rename_fastq_files/F8_low_cov/ISC_198.2_F8lowcov_4C10_run1_R1.fastq.gz	03_rename_fastq_files/F8_low_cov/ISC_198.2_F8lowcov_4C10_run1_R2.fastq.gz
ISC_198.2	6177x6023_rep2	ISC_198.2_F8lowcov	4C10	2022-12-03	01_unzip_raw_data/02_unzip_lowcov_F8/H32TKDSX5_4_R14689_20230126/demultiplexed/216111/216111_AGGCGTTCGCTTCATCCAAC_S267_L004_R1_001.fastq.gz	01_unzip_raw_data/02_unzip_lowcov_F8/H32TKDSX5_4_R14689_20230126/demultiplexed/216111/216111_AGGCGTTCGCTTCATCCAAC_S267_L004_R2_001.fastq.gz	03_rename_fastq_files/F8_low_cov/ISC_198.2_F8lowcov_4C10_run2_R1.fastq.gz	03_rename_fastq_files/F8_low_cov/ISC_198.2_F8lowcov_4C10_run2_R2.fastq.gz
ISC_199.1	6180x1317_rep1	ISC_199.1_F8lowcov	4A3	2022-12-03	01_unzip_raw_data/02_unzip_lowcov_F8/H32TKDSX5_3_R14689_20230126/demultiplexed/216111/216111_GAATTACAAGACCGGCTCAG_S209_L003_R1_001.fastq.gz	01_unzip_raw_data/02_unzip_lowcov_F8/H32TKDSX5_3_R14689_20230126/demultiplexed/216111/216111_GAATTACAAGACCGGCTCAG_S209_L003_R2_001.fastq.gz	03_rename_fastq_files/F8_low_cov/ISC_199.1_F8lowcov_4A3_run1_R1.fastq.gz	03_rename_fastq_files/F8_low_cov/ISC_199.1_F8lowcov_4A3_run1_R2.fastq.gz
ISC_199.1	6180x1317_rep1	ISC_199.1_F8lowcov	4A3	2022-12-03	01_unzip_raw_data/02_unzip_lowcov_F8/H32TKDSX5_4_R14689_20230126/demultiplexed/216111/216111_GAATTACAAGACCGGCTCAG_S209_L004_R1_001.fastq.gz	01_unzip_raw_data/02_unzip_lowcov_F8/H32TKDSX5_4_R14689_20230126/demultiplexed/216111/216111_GAATTACAAGACCGGCTCAG_S209_L004_R2_001.fastq.gz	03_rename_fastq_files/F8_low_cov/ISC_199.1_F8lowcov_4A3_run2_R1.fastq.gz	03_rename_fastq_files/F8_low_cov/ISC_199.1_F8lowcov_4A3_run2_R2.fastq.gz
ISC_200.2	6180x1317_rep2	ISC_200.2_F8lowcov	4D4	2022-12-03	01_unzip_raw_data/02_unzip_lowcov_F8/H32TKDSX5_3_R14689_20230126/demultiplexed/216111/216111_CTGCGTTACCTATGGCTCGA_S220_L003_R1_001.fastq.gz	01_unzip_raw_data/02_unzip_lowcov_F8/H32TKDSX5_3_R14689_20230126/demultiplexed/216111/216111_CTGCGTTACCTATGGCTCGA_S220_L003_R2_001.fastq.gz	03_rename_fastq_files/F8_low_cov/ISC_200.2_F8lowcov_4D4_run1_R1.fastq.gz	03_rename_fastq_files/F8_low_cov/ISC_200.2_F8lowcov_4D4_run1_R2.fastq.gz
ISC_200.2	6180x1317_rep2	ISC_200.2_F8lowcov	4D4	2022-12-03	01_unzip_raw_data/02_unzip_lowcov_F8/H32TKDSX5_4_R14689_20230126/demultiplexed/216111/216111_CTGCGTTACCTATGGCTCGA_S220_L004_R1_001.fastq.gz	01_unzip_raw_data/02_unzip_lowcov_F8/H32TKDSX5_4_R14689_20230126/demultiplexed/216111/216111_CTGCGTTACCTATGGCTCGA_S220_L004_R2_001.fastq.gz	03_rename_fastq_files/F8_low_cov/ISC_200.2_F8lowcov_4D4_run2_R1.fastq.gz	03_rename_fastq_files/F8_low_cov/ISC_200.2_F8lowcov_4D4_run2_R2.fastq.gz
ISC_201.1	6184x6025_rep1	ISC_201.1_F8lowcov	3D7	2022-12-03	01_unzip_raw_data/02_unzip_lowcov_F8/H32TKDSX5_3_R14689_20230126/demultiplexed/216112/216112_ATCCTCTCAATCCGCAAGGC_S148_L003_R1_001.fastq.gz	01_unzip_raw_data/02_unzip_lowcov_F8/H32TKDSX5_3_R14689_20230126/demultiplexed/216112/216112_ATCCTCTCAATCCGCAAGGC_S148_L003_R2_001.fastq.gz	03_rename_fastq_files/F8_low_cov/ISC_201.1_F8lowcov_3D7_run1_R1.fastq.gz	03_rename_fastq_files/F8_low_cov/ISC_201.1_F8lowcov_3D7_run1_R2.fastq.gz
ISC_201.1	6184x6025_rep1	ISC_201.1_F8lowcov	3D7	2022-12-03	01_unzip_raw_data/02_unzip_lowcov_F8/H32TKDSX5_4_R14689_20230126/demultiplexed/216112/216112_ATCCTCTCAATCCGCAAGGC_S148_L004_R1_001.fastq.gz	01_unzip_raw_data/02_unzip_lowcov_F8/H32TKDSX5_4_R14689_20230126/demultiplexed/216112/216112_ATCCTCTCAATCCGCAAGGC_S148_L004_R2_001.fastq.gz	03_rename_fastq_files/F8_low_cov/ISC_201.1_F8lowcov_3D7_run2_R1.fastq.gz	03_rename_fastq_files/F8_low_cov/ISC_201.1_F8lowcov_3D7_run2_R2.fastq.gz
ISC_202.2	6184x6025_rep2	ISC_202.2_F8lowcov	4H10	2022-12-03	01_unzip_raw_data/02_unzip_lowcov_F8/H32TKDSX5_3_R14689_20230126/demultiplexed/216111/216111_CCTTCTAACAGATAAGCTCT_S272_L003_R1_001.fastq.gz	01_unzip_raw_data/02_unzip_lowcov_F8/H32TKDSX5_3_R14689_20230126/demultiplexed/216111/216111_CCTTCTAACAGATAAGCTCT_S272_L003_R2_001.fastq.gz	03_rename_fastq_files/F8_low_cov/ISC_202.2_F8lowcov_4H10_run1_R1.fastq.gz	03_rename_fastq_files/F8_low_cov/ISC_202.2_F8lowcov_4H10_run1_R2.fastq.gz
ISC_202.2	6184x6025_rep2	ISC_202.2_F8lowcov	4H10	2022-12-03	01_unzip_raw_data/02_unzip_lowcov_F8/H32TKDSX5_4_R14689_20230126/demultiplexed/216111/216111_CCTTCTAACAGATAAGCTCT_S272_L004_R1_001.fastq.gz	01_unzip_raw_data/02_unzip_lowcov_F8/H32TKDSX5_4_R14689_20230126/demultiplexed/216111/216111_CCTTCTAACAGATAAGCTCT_S272_L004_R2_001.fastq.gz	03_rename_fastq_files/F8_low_cov/ISC_202.2_F8lowcov_4H10_run2_R1.fastq.gz	03_rename_fastq_files/F8_low_cov/ISC_202.2_F8lowcov_4H10_run2_R2.fastq.gz
ISC_203.1	6189x6220_rep1	ISC_203.1_F8lowcov	1H3	2022-12-03	01_unzip_raw_data/02_unzip_lowcov_F8/H32TKDSX5_3_R14689_20230126/demultiplexed/216113/216113_GCTAGGAAGTTCTCGGACGA_S24_L003_R1_001.fastq.gz	01_unzip_raw_data/02_unzip_lowcov_F8/H32TKDSX5_3_R14689_20230126/demultiplexed/216113/216113_GCTAGGAAGTTCTCGGACGA_S24_L003_R2_001.fastq.gz	03_rename_fastq_files/F8_low_cov/ISC_203.1_F8lowcov_1H3_run1_R1.fastq.gz	03_rename_fastq_files/F8_low_cov/ISC_203.1_F8lowcov_1H3_run1_R2.fastq.gz
ISC_203.1	6189x6220_rep1	ISC_203.1_F8lowcov	1H3	2022-12-03	01_unzip_raw_data/02_unzip_lowcov_F8/H32TKDSX5_4_R14689_20230126/demultiplexed/216113/216113_GCTAGGAAGTTCTCGGACGA_S24_L004_R1_001.fastq.gz	01_unzip_raw_data/02_unzip_lowcov_F8/H32TKDSX5_4_R14689_20230126/demultiplexed/216113/216113_GCTAGGAAGTTCTCGGACGA_S24_L004_R2_001.fastq.gz	03_rename_fastq_files/F8_low_cov/ISC_203.1_F8lowcov_1H3_run2_R1.fastq.gz	03_rename_fastq_files/F8_low_cov/ISC_203.1_F8lowcov_1H3_run2_R2.fastq.gz
ISC_204.2	6189x6220_rep2	ISC_204.2_F8lowcov	1A9	2022-12-03	01_unzip_raw_data/02_unzip_lowcov_F8/H32TKDSX5_3_R14689_20230126/demultiplexed/216113/216113_GATATCACACGACTATATGT_S65_L003_R1_001.fastq.gz	01_unzip_raw_data/02_unzip_lowcov_F8/H32TKDSX5_3_R14689_20230126/demultiplexed/216113/216113_GATATCACACGACTATATGT_S65_L003_R2_001.fastq.gz	03_rename_fastq_files/F8_low_cov/ISC_204.2_F8lowcov_1A9_run1_R1.fastq.gz	03_rename_fastq_files/F8_low_cov/ISC_204.2_F8lowcov_1A9_run1_R2.fastq.gz
ISC_204.2	6189x6220_rep2	ISC_204.2_F8lowcov	1A9	2022-12-03	01_unzip_raw_data/02_unzip_lowcov_F8/H32TKDSX5_4_R14689_20230126/demultiplexed/216113/216113_GATATCACACGACTATATGT_S65_L004_R1_001.fastq.gz	01_unzip_raw_data/02_unzip_lowcov_F8/H32TKDSX5_4_R14689_20230126/demultiplexed/216113/216113_GATATCACACGACTATATGT_S65_L004_R2_001.fastq.gz	03_rename_fastq_files/F8_low_cov/ISC_204.2_F8lowcov_1A9_run2_R1.fastq.gz	03_rename_fastq_files/F8_low_cov/ISC_204.2_F8lowcov_1A9_run2_R2.fastq.gz
ISC_205.1	6191x6965_rep1	ISC_205.1_F8lowcov	1C7	2022-12-03	01_unzip_raw_data/02_unzip_lowcov_F8/H32TKDSX5_3_R14689_20230126/demultiplexed/216113/216113_ACATGAGTGACCGCTTAGCT_S51_L003_R1_001.fastq.gz	01_unzip_raw_data/02_unzip_lowcov_F8/H32TKDSX5_3_R14689_20230126/demultiplexed/216113/216113_ACATGAGTGACCGCTTAGCT_S51_L003_R2_001.fastq.gz	03_rename_fastq_files/F8_low_cov/ISC_205.1_F8lowcov_1C7_run1_R1.fastq.gz	03_rename_fastq_files/F8_low_cov/ISC_205.1_F8lowcov_1C7_run1_R2.fastq.gz
ISC_205.1	6191x6965_rep1	ISC_205.1_F8lowcov	1C7	2022-12-03	01_unzip_raw_data/02_unzip_lowcov_F8/H32TKDSX5_4_R14689_20230126/demultiplexed/216113/216113_ACATGAGTGACCGCTTAGCT_S51_L004_R1_001.fastq.gz	01_unzip_raw_data/02_unzip_lowcov_F8/H32TKDSX5_4_R14689_20230126/demultiplexed/216113/216113_ACATGAGTGACCGCTTAGCT_S51_L004_R2_001.fastq.gz	03_rename_fastq_files/F8_low_cov/ISC_205.1_F8lowcov_1C7_run2_R1.fastq.gz	03_rename_fastq_files/F8_low_cov/ISC_205.1_F8lowcov_1C7_run2_R2.fastq.gz
ISC_206.2	6191x6965_rep2	ISC_206.2_F8lowcov	1A11	2022-12-03	01_unzip_raw_data/02_unzip_lowcov_F8/H32TKDSX5_3_R14689_20230126/demultiplexed/216113/216113_GCCATATAACACACAATATC_S81_L003_R1_001.fastq.gz	01_unzip_raw_data/02_unzip_lowcov_F8/H32TKDSX5_3_R14689_20230126/demultiplexed/216113/216113_GCCATATAACACACAATATC_S81_L003_R2_001.fastq.gz	03_rename_fastq_files/F8_low_cov/ISC_206.2_F8lowcov_1A11_run1_R1.fastq.gz	03_rename_fastq_files/F8_low_cov/ISC_206.2_F8lowcov_1A11_run1_R2.fastq.gz
ISC_206.2	6191x6965_rep2	ISC_206.2_F8lowcov	1A11	2022-12-03	01_unzip_raw_data/02_unzip_lowcov_F8/H32TKDSX5_4_R14689_20230126/demultiplexed/216113/216113_GCCATATAACACACAATATC_S81_L004_R1_001.fastq.gz	01_unzip_raw_data/02_unzip_lowcov_F8/H32TKDSX5_4_R14689_20230126/demultiplexed/216113/216113_GCCATATAACACACAATATC_S81_L004_R2_001.fastq.gz	03_rename_fastq_files/F8_low_cov/ISC_206.2_F8lowcov_1A11_run2_R1.fastq.gz	03_rename_fastq_files/F8_low_cov/ISC_206.2_F8lowcov_1A11_run2_R2.fastq.gz
ISC_207.1	6192x1062_rep1	ISC_207.1_F8lowcov	1F5	2022-12-03	01_unzip_raw_data/02_unzip_lowcov_F8/H32TKDSX5_3_R14689_20230126/demultiplexed/216113/216113_TGGATCTGGCCAATGCTGAA_S38_L003_R1_001.fastq.gz	01_unzip_raw_data/02_unzip_lowcov_F8/H32TKDSX5_3_R14689_20230126/demultiplexed/216113/216113_TGGATCTGGCCAATGCTGAA_S38_L003_R2_001.fastq.gz	03_rename_fastq_files/F8_low_cov/ISC_207.1_F8lowcov_1F5_run1_R1.fastq.gz	03_rename_fastq_files/F8_low_cov/ISC_207.1_F8lowcov_1F5_run1_R2.fastq.gz
ISC_207.1	6192x1062_rep1	ISC_207.1_F8lowcov	1F5	2022-12-03	01_unzip_raw_data/02_unzip_lowcov_F8/H32TKDSX5_4_R14689_20230126/demultiplexed/216113/216113_TGGATCTGGCCAATGCTGAA_S38_L004_R1_001.fastq.gz	01_unzip_raw_data/02_unzip_lowcov_F8/H32TKDSX5_4_R14689_20230126/demultiplexed/216113/216113_TGGATCTGGCCAATGCTGAA_S38_L004_R2_001.fastq.gz	03_rename_fastq_files/F8_low_cov/ISC_207.1_F8lowcov_1F5_run2_R1.fastq.gz	03_rename_fastq_files/F8_low_cov/ISC_207.1_F8lowcov_1F5_run2_R2.fastq.gz
ISC_208.2	6192x1062_rep2	ISC_208.2_F8lowcov	1B5	2022-12-03	01_unzip_raw_data/02_unzip_lowcov_F8/H32TKDSX5_3_R14689_20230126/demultiplexed/216113/216113_CTCGTAGGCATCATCCTCTT_S34_L003_R1_001.fastq.gz	01_unzip_raw_data/02_unzip_lowcov_F8/H32TKDSX5_3_R14689_20230126/demultiplexed/216113/216113_CTCGTAGGCATCATCCTCTT_S34_L003_R2_001.fastq.gz	03_rename_fastq_files/F8_low_cov/ISC_208.2_F8lowcov_1B5_run1_R1.fastq.gz	03_rename_fastq_files/F8_low_cov/ISC_208.2_F8lowcov_1B5_run1_R2.fastq.gz
ISC_208.2	6192x1062_rep2	ISC_208.2_F8lowcov	1B5	2022-12-03	01_unzip_raw_data/02_unzip_lowcov_F8/H32TKDSX5_4_R14689_20230126/demultiplexed/216113/216113_CTCGTAGGCATCATCCTCTT_S34_L004_R1_001.fastq.gz	01_unzip_raw_data/02_unzip_lowcov_F8/H32TKDSX5_4_R14689_20230126/demultiplexed/216113/216113_CTCGTAGGCATCATCCTCTT_S34_L004_R2_001.fastq.gz	03_rename_fastq_files/F8_low_cov/ISC_208.2_F8lowcov_1B5_run2_R1.fastq.gz	03_rename_fastq_files/F8_low_cov/ISC_208.2_F8lowcov_1B5_run2_R2.fastq.gz
ISC_209.1	6193x6133_rep1	ISC_209.1_F8lowcov	1E6	2022-12-03	01_unzip_raw_data/02_unzip_lowcov_F8/H32TKDSX5_3_R14689_20230126/demultiplexed/216113/216113_CGTCACCTTGCAGCCGATTG_S45_L003_R1_001.fastq.gz	01_unzip_raw_data/02_unzip_lowcov_F8/H32TKDSX5_3_R14689_20230126/demultiplexed/216113/216113_CGTCACCTTGCAGCCGATTG_S45_L003_R2_001.fastq.gz	03_rename_fastq_files/F8_low_cov/ISC_209.1_F8lowcov_1E6_run1_R1.fastq.gz	03_rename_fastq_files/F8_low_cov/ISC_209.1_F8lowcov_1E6_run1_R2.fastq.gz
ISC_209.1	6193x6133_rep1	ISC_209.1_F8lowcov	1E6	2022-12-03	01_unzip_raw_data/02_unzip_lowcov_F8/H32TKDSX5_4_R14689_20230126/demultiplexed/216113/216113_CGTCACCTTGCAGCCGATTG_S45_L004_R1_001.fastq.gz	01_unzip_raw_data/02_unzip_lowcov_F8/H32TKDSX5_4_R14689_20230126/demultiplexed/216113/216113_CGTCACCTTGCAGCCGATTG_S45_L004_R2_001.fastq.gz	03_rename_fastq_files/F8_low_cov/ISC_209.1_F8lowcov_1E6_run2_R1.fastq.gz	03_rename_fastq_files/F8_low_cov/ISC_209.1_F8lowcov_1E6_run2_R2.fastq.gz
ISC_210.2	6193x6133_rep2	ISC_210.2_F8lowcov	1A6	2022-12-03	01_unzip_raw_data/02_unzip_lowcov_F8/H32TKDSX5_3_R14689_20230126/demultiplexed/216113/216113_GAGCTTGCCGAGGTTGCAGG_S41_L003_R1_001.fastq.gz	01_unzip_raw_data/02_unzip_lowcov_F8/H32TKDSX5_3_R14689_20230126/demultiplexed/216113/216113_GAGCTTGCCGAGGTTGCAGG_S41_L003_R2_001.fastq.gz	03_rename_fastq_files/F8_low_cov/ISC_210.2_F8lowcov_1A6_run1_R1.fastq.gz	03_rename_fastq_files/F8_low_cov/ISC_210.2_F8lowcov_1A6_run1_R2.fastq.gz
ISC_210.2	6193x6133_rep2	ISC_210.2_F8lowcov	1A6	2022-12-03	01_unzip_raw_data/02_unzip_lowcov_F8/H32TKDSX5_4_R14689_20230126/demultiplexed/216113/216113_GAGCTTGCCGAGGTTGCAGG_S41_L004_R1_001.fastq.gz	01_unzip_raw_data/02_unzip_lowcov_F8/H32TKDSX5_4_R14689_20230126/demultiplexed/216113/216113_GAGCTTGCCGAGGTTGCAGG_S41_L004_R2_001.fastq.gz	03_rename_fastq_files/F8_low_cov/ISC_210.2_F8lowcov_1A6_run2_R1.fastq.gz	03_rename_fastq_files/F8_low_cov/ISC_210.2_F8lowcov_1A6_run2_R2.fastq.gz
ISC_211.1	6193x9394_rep1	ISC_211.1_F8lowcov	4H2	2022-12-03	01_unzip_raw_data/02_unzip_lowcov_F8/H32TKDSX5_3_R14689_20230126/demultiplexed/216111/216111_TGATGGCTACCCAACAACAT_S208_L003_R1_001.fastq.gz	01_unzip_raw_data/02_unzip_lowcov_F8/H32TKDSX5_3_R14689_20230126/demultiplexed/216111/216111_TGATGGCTACCCAACAACAT_S208_L003_R2_001.fastq.gz	03_rename_fastq_files/F8_low_cov/ISC_211.1_F8lowcov_4H2_run1_R1.fastq.gz	03_rename_fastq_files/F8_low_cov/ISC_211.1_F8lowcov_4H2_run1_R2.fastq.gz
ISC_211.1	6193x9394_rep1	ISC_211.1_F8lowcov	4H2	2022-12-03	01_unzip_raw_data/02_unzip_lowcov_F8/H32TKDSX5_4_R14689_20230126/demultiplexed/216111/216111_TGATGGCTACCCAACAACAT_S208_L004_R1_001.fastq.gz	01_unzip_raw_data/02_unzip_lowcov_F8/H32TKDSX5_4_R14689_20230126/demultiplexed/216111/216111_TGATGGCTACCCAACAACAT_S208_L004_R2_001.fastq.gz	03_rename_fastq_files/F8_low_cov/ISC_211.1_F8lowcov_4H2_run2_R1.fastq.gz	03_rename_fastq_files/F8_low_cov/ISC_211.1_F8lowcov_4H2_run2_R2.fastq.gz
ISC_212.2	6193x9394_rep2	ISC_212.2_F8lowcov	1G7	2022-12-03	01_unzip_raw_data/02_unzip_lowcov_F8/H32TKDSX5_3_R14689_20230126/demultiplexed/216113/216113_TCTTACGCCGATTCATTGCA_S55_L003_R1_001.fastq.gz	01_unzip_raw_data/02_unzip_lowcov_F8/H32TKDSX5_3_R14689_20230126/demultiplexed/216113/216113_TCTTACGCCGATTCATTGCA_S55_L003_R2_001.fastq.gz	03_rename_fastq_files/F8_low_cov/ISC_212.2_F8lowcov_1G7_run1_R1.fastq.gz	03_rename_fastq_files/F8_low_cov/ISC_212.2_F8lowcov_1G7_run1_R2.fastq.gz
ISC_212.2	6193x9394_rep2	ISC_212.2_F8lowcov	1G7	2022-12-03	01_unzip_raw_data/02_unzip_lowcov_F8/H32TKDSX5_4_R14689_20230126/demultiplexed/216113/216113_TCTTACGCCGATTCATTGCA_S55_L004_R1_001.fastq.gz	01_unzip_raw_data/02_unzip_lowcov_F8/H32TKDSX5_4_R14689_20230126/demultiplexed/216113/216113_TCTTACGCCGATTCATTGCA_S55_L004_R2_001.fastq.gz	03_rename_fastq_files/F8_low_cov/ISC_212.2_F8lowcov_1G7_run2_R1.fastq.gz	03_rename_fastq_files/F8_low_cov/ISC_212.2_F8lowcov_1G7_run2_R2.fastq.gz
ISC_213.1	6194x1061_rep1	ISC_213.1_F8lowcov	1D12	2022-12-03	01_unzip_raw_data/02_unzip_lowcov_F8/H32TKDSX5_3_R14689_20230126/demultiplexed/216113/216113_GGATTATGGATCCGATAGAG_S92_L003_R1_001.fastq.gz	01_unzip_raw_data/02_unzip_lowcov_F8/H32TKDSX5_3_R14689_20230126/demultiplexed/216113/216113_GGATTATGGATCCGATAGAG_S92_L003_R2_001.fastq.gz	03_rename_fastq_files/F8_low_cov/ISC_213.1_F8lowcov_1D12_run1_R1.fastq.gz	03_rename_fastq_files/F8_low_cov/ISC_213.1_F8lowcov_1D12_run1_R2.fastq.gz
ISC_213.1	6194x1061_rep1	ISC_213.1_F8lowcov	1D12	2022-12-03	01_unzip_raw_data/02_unzip_lowcov_F8/H32TKDSX5_4_R14689_20230126/demultiplexed/216113/216113_GGATTATGGATCCGATAGAG_S92_L004_R1_001.fastq.gz	01_unzip_raw_data/02_unzip_lowcov_F8/H32TKDSX5_4_R14689_20230126/demultiplexed/216113/216113_GGATTATGGATCCGATAGAG_S92_L004_R2_001.fastq.gz	03_rename_fastq_files/F8_low_cov/ISC_213.1_F8lowcov_1D12_run2_R1.fastq.gz	03_rename_fastq_files/F8_low_cov/ISC_213.1_F8lowcov_1D12_run2_R2.fastq.gz
ISC_214.2	6194x1061_rep2	ISC_214.2_F8lowcov	1B12	2022-12-03	01_unzip_raw_data/02_unzip_lowcov_F8/H32TKDSX5_3_R14689_20230126/demultiplexed/216113/216113_CCGCGGTTCTGGAGTAGATT_S90_L003_R1_001.fastq.gz	01_unzip_raw_data/02_unzip_lowcov_F8/H32TKDSX5_3_R14689_20230126/demultiplexed/216113/216113_CCGCGGTTCTGGAGTAGATT_S90_L003_R2_001.fastq.gz	03_rename_fastq_files/F8_low_cov/ISC_214.2_F8lowcov_1B12_run1_R1.fastq.gz	03_rename_fastq_files/F8_low_cov/ISC_214.2_F8lowcov_1B12_run1_R2.fastq.gz
ISC_214.2	6194x1061_rep2	ISC_214.2_F8lowcov	1B12	2022-12-03	01_unzip_raw_data/02_unzip_lowcov_F8/H32TKDSX5_4_R14689_20230126/demultiplexed/216113/216113_CCGCGGTTCTGGAGTAGATT_S90_L004_R1_001.fastq.gz	01_unzip_raw_data/02_unzip_lowcov_F8/H32TKDSX5_4_R14689_20230126/demultiplexed/216113/216113_CCGCGGTTCTGGAGTAGATT_S90_L004_R2_001.fastq.gz	03_rename_fastq_files/F8_low_cov/ISC_214.2_F8lowcov_1B12_run2_R1.fastq.gz	03_rename_fastq_files/F8_low_cov/ISC_214.2_F8lowcov_1B12_run2_R2.fastq.gz
ISC_215.1	6195x1074_rep1	ISC_215.1_F8lowcov	4C3	2022-12-03	01_unzip_raw_data/02_unzip_lowcov_F8/H32TKDSX5_3_R14689_20230126/demultiplexed/216111/216111_AGGCAGCTCTCGGCTAACGT_S211_L003_R1_001.fastq.gz	01_unzip_raw_data/02_unzip_lowcov_F8/H32TKDSX5_3_R14689_20230126/demultiplexed/216111/216111_AGGCAGCTCTCGGCTAACGT_S211_L003_R2_001.fastq.gz	03_rename_fastq_files/F8_low_cov/ISC_215.1_F8lowcov_4C3_run1_R1.fastq.gz	03_rename_fastq_files/F8_low_cov/ISC_215.1_F8lowcov_4C3_run1_R2.fastq.gz
ISC_215.1	6195x1074_rep1	ISC_215.1_F8lowcov	4C3	2022-12-03	01_unzip_raw_data/02_unzip_lowcov_F8/H32TKDSX5_4_R14689_20230126/demultiplexed/216111/216111_AGGCAGCTCTCGGCTAACGT_S211_L004_R1_001.fastq.gz	01_unzip_raw_data/02_unzip_lowcov_F8/H32TKDSX5_4_R14689_20230126/demultiplexed/216111/216111_AGGCAGCTCTCGGCTAACGT_S211_L004_R2_001.fastq.gz	03_rename_fastq_files/F8_low_cov/ISC_215.1_F8lowcov_4C3_run2_R1.fastq.gz	03_rename_fastq_files/F8_low_cov/ISC_215.1_F8lowcov_4C3_run2_R2.fastq.gz
ISC_216.2	6195x1074_rep2	ISC_216.2_F8lowcov	1H2	2022-12-03	01_unzip_raw_data/02_unzip_lowcov_F8/H32TKDSX5_3_R14689_20230126/demultiplexed/216113/216113_CCGCTCCGTTTACGGCGAAG_S16_L003_R1_001.fastq.gz	01_unzip_raw_data/02_unzip_lowcov_F8/H32TKDSX5_3_R14689_20230126/demultiplexed/216113/216113_CCGCTCCGTTTACGGCGAAG_S16_L003_R2_001.fastq.gz	03_rename_fastq_files/F8_low_cov/ISC_216.2_F8lowcov_1H2_run1_R1.fastq.gz	03_rename_fastq_files/F8_low_cov/ISC_216.2_F8lowcov_1H2_run1_R2.fastq.gz
ISC_216.2	6195x1074_rep2	ISC_216.2_F8lowcov	1H2	2022-12-03	01_unzip_raw_data/02_unzip_lowcov_F8/H32TKDSX5_4_R14689_20230126/demultiplexed/216113/216113_CCGCTCCGTTTACGGCGAAG_S16_L004_R1_001.fastq.gz	01_unzip_raw_data/02_unzip_lowcov_F8/H32TKDSX5_4_R14689_20230126/demultiplexed/216113/216113_CCGCTCCGTTTACGGCGAAG_S16_L004_R2_001.fastq.gz	03_rename_fastq_files/F8_low_cov/ISC_216.2_F8lowcov_1H2_run2_R1.fastq.gz	03_rename_fastq_files/F8_low_cov/ISC_216.2_F8lowcov_1H2_run2_R2.fastq.gz
ISC_217.1	6197x6127_rep1	ISC_217.1_F8lowcov	1F3	2022-12-03	01_unzip_raw_data/02_unzip_lowcov_F8/H32TKDSX5_3_R14689_20230126/demultiplexed/216113/216113_CACCTCTCTTCTCGACTCCT_S22_L003_R1_001.fastq.gz	01_unzip_raw_data/02_unzip_lowcov_F8/H32TKDSX5_3_R14689_20230126/demultiplexed/216113/216113_CACCTCTCTTCTCGACTCCT_S22_L003_R2_001.fastq.gz	03_rename_fastq_files/F8_low_cov/ISC_217.1_F8lowcov_1F3_run1_R1.fastq.gz	03_rename_fastq_files/F8_low_cov/ISC_217.1_F8lowcov_1F3_run1_R2.fastq.gz
ISC_217.1	6197x6127_rep1	ISC_217.1_F8lowcov	1F3	2022-12-03	01_unzip_raw_data/02_unzip_lowcov_F8/H32TKDSX5_4_R14689_20230126/demultiplexed/216113/216113_CACCTCTCTTCTCGACTCCT_S22_L004_R1_001.fastq.gz	01_unzip_raw_data/02_unzip_lowcov_F8/H32TKDSX5_4_R14689_20230126/demultiplexed/216113/216113_CACCTCTCTTCTCGACTCCT_S22_L004_R2_001.fastq.gz	03_rename_fastq_files/F8_low_cov/ISC_217.1_F8lowcov_1F3_run2_R1.fastq.gz	03_rename_fastq_files/F8_low_cov/ISC_217.1_F8lowcov_1F3_run2_R2.fastq.gz
ISC_218.2	6197x6127_rep2	ISC_218.2_F8lowcov	1C12	2022-12-03	01_unzip_raw_data/02_unzip_lowcov_F8/H32TKDSX5_3_R14689_20230126/demultiplexed/216113/216113_ATTGATACTGTACACGCTCC_S91_L003_R1_001.fastq.gz	01_unzip_raw_data/02_unzip_lowcov_F8/H32TKDSX5_3_R14689_20230126/demultiplexed/216113/216113_ATTGATACTGTACACGCTCC_S91_L003_R2_001.fastq.gz	03_rename_fastq_files/F8_low_cov/ISC_218.2_F8lowcov_1C12_run1_R1.fastq.gz	03_rename_fastq_files/F8_low_cov/ISC_218.2_F8lowcov_1C12_run1_R2.fastq.gz
ISC_218.2	6197x6127_rep2	ISC_218.2_F8lowcov	1C12	2022-12-03	01_unzip_raw_data/02_unzip_lowcov_F8/H32TKDSX5_4_R14689_20230126/demultiplexed/216113/216113_ATTGATACTGTACACGCTCC_S91_L004_R1_001.fastq.gz	01_unzip_raw_data/02_unzip_lowcov_F8/H32TKDSX5_4_R14689_20230126/demultiplexed/216113/216113_ATTGATACTGTACACGCTCC_S91_L004_R2_001.fastq.gz	03_rename_fastq_files/F8_low_cov/ISC_218.2_F8lowcov_1C12_run2_R1.fastq.gz	03_rename_fastq_files/F8_low_cov/ISC_218.2_F8lowcov_1C12_run2_R2.fastq.gz
ISC_219.1	6198x6118_rep1	ISC_219.1_F8lowcov	2G5	2022-12-03	01_unzip_raw_data/02_unzip_lowcov_F8/H32TKDSX5_3_R14689_20230126/demultiplexed/216110/216110_CAGCCGATTGGCTGTAGGAA_S327_L003_R1_001.fastq.gz	01_unzip_raw_data/02_unzip_lowcov_F8/H32TKDSX5_3_R14689_20230126/demultiplexed/216110/216110_CAGCCGATTGGCTGTAGGAA_S327_L003_R2_001.fastq.gz	03_rename_fastq_files/F8_low_cov/ISC_219.1_F8lowcov_2G5_run1_R1.fastq.gz	03_rename_fastq_files/F8_low_cov/ISC_219.1_F8lowcov_2G5_run1_R2.fastq.gz
ISC_219.1	6198x6118_rep1	ISC_219.1_F8lowcov	2G5	2022-12-03	01_unzip_raw_data/02_unzip_lowcov_F8/H32TKDSX5_4_R14689_20230126/demultiplexed/216110/216110_CAGCCGATTGGCTGTAGGAA_S327_L004_R1_001.fastq.gz	01_unzip_raw_data/02_unzip_lowcov_F8/H32TKDSX5_4_R14689_20230126/demultiplexed/216110/216110_CAGCCGATTGGCTGTAGGAA_S327_L004_R2_001.fastq.gz	03_rename_fastq_files/F8_low_cov/ISC_219.1_F8lowcov_2G5_run2_R1.fastq.gz	03_rename_fastq_files/F8_low_cov/ISC_219.1_F8lowcov_2G5_run2_R2.fastq.gz
ISC_220.2	6198x6118_rep2	ISC_220.2_F8lowcov	3H6	2022-12-03	01_unzip_raw_data/02_unzip_lowcov_F8/H32TKDSX5_3_R14689_20230126/demultiplexed/216112/216112_GGAAGGAGACTGGTGAGTCT_S144_L003_R1_001.fastq.gz	01_unzip_raw_data/02_unzip_lowcov_F8/H32TKDSX5_3_R14689_20230126/demultiplexed/216112/216112_GGAAGGAGACTGGTGAGTCT_S144_L003_R2_001.fastq.gz	03_rename_fastq_files/F8_low_cov/ISC_220.2_F8lowcov_3H6_run1_R1.fastq.gz	03_rename_fastq_files/F8_low_cov/ISC_220.2_F8lowcov_3H6_run1_R2.fastq.gz
ISC_220.2	6198x6118_rep2	ISC_220.2_F8lowcov	3H6	2022-12-03	01_unzip_raw_data/02_unzip_lowcov_F8/H32TKDSX5_4_R14689_20230126/demultiplexed/216112/216112_GGAAGGAGACTGGTGAGTCT_S144_L004_R1_001.fastq.gz	01_unzip_raw_data/02_unzip_lowcov_F8/H32TKDSX5_4_R14689_20230126/demultiplexed/216112/216112_GGAAGGAGACTGGTGAGTCT_S144_L004_R2_001.fastq.gz	03_rename_fastq_files/F8_low_cov/ISC_220.2_F8lowcov_3H6_run2_R1.fastq.gz	03_rename_fastq_files/F8_low_cov/ISC_220.2_F8lowcov_3H6_run2_R2.fastq.gz
ISC_221.1	6201x9399_rep1	ISC_221.1_F8lowcov	2F9	2022-12-03	01_unzip_raw_data/02_unzip_lowcov_F8/H32TKDSX5_3_R14689_20230126/demultiplexed/216110/216110_ACGTCAATACGGAATTCCAA_S358_L003_R1_001.fastq.gz	01_unzip_raw_data/02_unzip_lowcov_F8/H32TKDSX5_3_R14689_20230126/demultiplexed/216110/216110_ACGTCAATACGGAATTCCAA_S358_L003_R2_001.fastq.gz	03_rename_fastq_files/F8_low_cov/ISC_221.1_F8lowcov_2F9_run1_R1.fastq.gz	03_rename_fastq_files/F8_low_cov/ISC_221.1_F8lowcov_2F9_run1_R2.fastq.gz
ISC_221.1	6201x9399_rep1	ISC_221.1_F8lowcov	2F9	2022-12-03	01_unzip_raw_data/02_unzip_lowcov_F8/H32TKDSX5_4_R14689_20230126/demultiplexed/216110/216110_ACGTCAATACGGAATTCCAA_S358_L004_R1_001.fastq.gz	01_unzip_raw_data/02_unzip_lowcov_F8/H32TKDSX5_4_R14689_20230126/demultiplexed/216110/216110_ACGTCAATACGGAATTCCAA_S358_L004_R2_001.fastq.gz	03_rename_fastq_files/F8_low_cov/ISC_221.1_F8lowcov_2F9_run2_R1.fastq.gz	03_rename_fastq_files/F8_low_cov/ISC_221.1_F8lowcov_2F9_run2_R2.fastq.gz
ISC_222.2	6201x9399_rep2	ISC_222.2_F8lowcov	4C4	2022-12-03	01_unzip_raw_data/02_unzip_lowcov_F8/H32TKDSX5_3_R14689_20230126/demultiplexed/216111/216111_CGTACAGGAATAGGTTCTCT_S219_L003_R1_001.fastq.gz	01_unzip_raw_data/02_unzip_lowcov_F8/H32TKDSX5_3_R14689_20230126/demultiplexed/216111/216111_CGTACAGGAATAGGTTCTCT_S219_L003_R2_001.fastq.gz	03_rename_fastq_files/F8_low_cov/ISC_222.2_F8lowcov_4C4_run1_R1.fastq.gz	03_rename_fastq_files/F8_low_cov/ISC_222.2_F8lowcov_4C4_run1_R2.fastq.gz
ISC_222.2	6201x9399_rep2	ISC_222.2_F8lowcov	4C4	2022-12-03	01_unzip_raw_data/02_unzip_lowcov_F8/H32TKDSX5_4_R14689_20230126/demultiplexed/216111/216111_CGTACAGGAATAGGTTCTCT_S219_L004_R1_001.fastq.gz	01_unzip_raw_data/02_unzip_lowcov_F8/H32TKDSX5_4_R14689_20230126/demultiplexed/216111/216111_CGTACAGGAATAGGTTCTCT_S219_L004_R2_001.fastq.gz	03_rename_fastq_files/F8_low_cov/ISC_222.2_F8lowcov_4C4_run2_R1.fastq.gz	03_rename_fastq_files/F8_low_cov/ISC_222.2_F8lowcov_4C4_run2_R2.fastq.gz
ISC_223.1	6202x9402_rep1	ISC_223.1_F8lowcov	2E9	2022-12-03	01_unzip_raw_data/02_unzip_lowcov_F8/H32TKDSX5_3_R14689_20230126/demultiplexed/216110/216110_AAGTACTCCATCTGTGTGGA_S357_L003_R1_001.fastq.gz	01_unzip_raw_data/02_unzip_lowcov_F8/H32TKDSX5_3_R14689_20230126/demultiplexed/216110/216110_AAGTACTCCATCTGTGTGGA_S357_L003_R2_001.fastq.gz	03_rename_fastq_files/F8_low_cov/ISC_223.1_F8lowcov_2E9_run1_R1.fastq.gz	03_rename_fastq_files/F8_low_cov/ISC_223.1_F8lowcov_2E9_run1_R2.fastq.gz
ISC_223.1	6202x9402_rep1	ISC_223.1_F8lowcov	2E9	2022-12-03	01_unzip_raw_data/02_unzip_lowcov_F8/H32TKDSX5_4_R14689_20230126/demultiplexed/216110/216110_AAGTACTCCATCTGTGTGGA_S357_L004_R1_001.fastq.gz	01_unzip_raw_data/02_unzip_lowcov_F8/H32TKDSX5_4_R14689_20230126/demultiplexed/216110/216110_AAGTACTCCATCTGTGTGGA_S357_L004_R2_001.fastq.gz	03_rename_fastq_files/F8_low_cov/ISC_223.1_F8lowcov_2E9_run2_R1.fastq.gz	03_rename_fastq_files/F8_low_cov/ISC_223.1_F8lowcov_2E9_run2_R2.fastq.gz
ISC_224.2	6202x9402_rep2	ISC_224.2_F8lowcov	2D9	2022-12-03	01_unzip_raw_data/02_unzip_lowcov_F8/H32TKDSX5_3_R14689_20230126/demultiplexed/216110/216110_TTGTTCCGTGAACCTAGCAC_S356_L003_R1_001.fastq.gz	01_unzip_raw_data/02_unzip_lowcov_F8/H32TKDSX5_3_R14689_20230126/demultiplexed/216110/216110_TTGTTCCGTGAACCTAGCAC_S356_L003_R2_001.fastq.gz	03_rename_fastq_files/F8_low_cov/ISC_224.2_F8lowcov_2D9_run1_R1.fastq.gz	03_rename_fastq_files/F8_low_cov/ISC_224.2_F8lowcov_2D9_run1_R2.fastq.gz
ISC_224.2	6202x9402_rep2	ISC_224.2_F8lowcov	2D9	2022-12-03	01_unzip_raw_data/02_unzip_lowcov_F8/H32TKDSX5_4_R14689_20230126/demultiplexed/216110/216110_TTGTTCCGTGAACCTAGCAC_S356_L004_R1_001.fastq.gz	01_unzip_raw_data/02_unzip_lowcov_F8/H32TKDSX5_4_R14689_20230126/demultiplexed/216110/216110_TTGTTCCGTGAACCTAGCAC_S356_L004_R2_001.fastq.gz	03_rename_fastq_files/F8_low_cov/ISC_224.2_F8lowcov_2D9_run2_R1.fastq.gz	03_rename_fastq_files/F8_low_cov/ISC_224.2_F8lowcov_2D9_run2_R2.fastq.gz
ISC_225.1	6203x9321_rep1	ISC_225.1_F8lowcov	4B3	2022-12-03	01_unzip_raw_data/02_unzip_lowcov_F8/H32TKDSX5_3_R14689_20230126/demultiplexed/216111/216111_TAGAATTGGAGTTAATCTGA_S210_L003_R1_001.fastq.gz	01_unzip_raw_data/02_unzip_lowcov_F8/H32TKDSX5_3_R14689_20230126/demultiplexed/216111/216111_TAGAATTGGAGTTAATCTGA_S210_L003_R2_001.fastq.gz	03_rename_fastq_files/F8_low_cov/ISC_225.1_F8lowcov_4B3_run1_R1.fastq.gz	03_rename_fastq_files/F8_low_cov/ISC_225.1_F8lowcov_4B3_run1_R2.fastq.gz
ISC_225.1	6203x9321_rep1	ISC_225.1_F8lowcov	4B3	2022-12-03	01_unzip_raw_data/02_unzip_lowcov_F8/H32TKDSX5_4_R14689_20230126/demultiplexed/216111/216111_TAGAATTGGAGTTAATCTGA_S210_L004_R1_001.fastq.gz	01_unzip_raw_data/02_unzip_lowcov_F8/H32TKDSX5_4_R14689_20230126/demultiplexed/216111/216111_TAGAATTGGAGTTAATCTGA_S210_L004_R2_001.fastq.gz	03_rename_fastq_files/F8_low_cov/ISC_225.1_F8lowcov_4B3_run2_R1.fastq.gz	03_rename_fastq_files/F8_low_cov/ISC_225.1_F8lowcov_4B3_run2_R2.fastq.gz
ISC_226.2	6203x9321_rep2	ISC_226.2_F8lowcov	2E5	2022-12-03	01_unzip_raw_data/02_unzip_lowcov_F8/H32TKDSX5_3_R14689_20230126/demultiplexed/216110/216110_GTCGATTACAGATCACCGCG_S325_L003_R1_001.fastq.gz	01_unzip_raw_data/02_unzip_lowcov_F8/H32TKDSX5_3_R14689_20230126/demultiplexed/216110/216110_GTCGATTACAGATCACCGCG_S325_L003_R2_001.fastq.gz	03_rename_fastq_files/F8_low_cov/ISC_226.2_F8lowcov_2E5_run1_R1.fastq.gz	03_rename_fastq_files/F8_low_cov/ISC_226.2_F8lowcov_2E5_run1_R2.fastq.gz
ISC_226.2	6203x9321_rep2	ISC_226.2_F8lowcov	2E5	2022-12-03	01_unzip_raw_data/02_unzip_lowcov_F8/H32TKDSX5_4_R14689_20230126/demultiplexed/216110/216110_GTCGATTACAGATCACCGCG_S325_L004_R1_001.fastq.gz	01_unzip_raw_data/02_unzip_lowcov_F8/H32TKDSX5_4_R14689_20230126/demultiplexed/216110/216110_GTCGATTACAGATCACCGCG_S325_L004_R2_001.fastq.gz	03_rename_fastq_files/F8_low_cov/ISC_226.2_F8lowcov_2E5_run2_R1.fastq.gz	03_rename_fastq_files/F8_low_cov/ISC_226.2_F8lowcov_2E5_run2_R2.fastq.gz
ISC_227.1	6209x6151_rep1	ISC_227.1_F8lowcov	3H12	2022-12-03	01_unzip_raw_data/02_unzip_lowcov_F8/H32TKDSX5_3_R14689_20230126/demultiplexed/216112/216112_GTACCGATTAAACTAACGTT_S192_L003_R1_001.fastq.gz	01_unzip_raw_data/02_unzip_lowcov_F8/H32TKDSX5_3_R14689_20230126/demultiplexed/216112/216112_GTACCGATTAAACTAACGTT_S192_L003_R2_001.fastq.gz	03_rename_fastq_files/F8_low_cov/ISC_227.1_F8lowcov_3H12_run1_R1.fastq.gz	03_rename_fastq_files/F8_low_cov/ISC_227.1_F8lowcov_3H12_run1_R2.fastq.gz
ISC_227.1	6209x6151_rep1	ISC_227.1_F8lowcov	3H12	2022-12-03	01_unzip_raw_data/02_unzip_lowcov_F8/H32TKDSX5_4_R14689_20230126/demultiplexed/216112/216112_GTACCGATTAAACTAACGTT_S192_L004_R1_001.fastq.gz	01_unzip_raw_data/02_unzip_lowcov_F8/H32TKDSX5_4_R14689_20230126/demultiplexed/216112/216112_GTACCGATTAAACTAACGTT_S192_L004_R2_001.fastq.gz	03_rename_fastq_files/F8_low_cov/ISC_227.1_F8lowcov_3H12_run2_R1.fastq.gz	03_rename_fastq_files/F8_low_cov/ISC_227.1_F8lowcov_3H12_run2_R2.fastq.gz
ISC_228.2	6209x6151_rep2	ISC_228.2_F8lowcov	3C12	2022-12-03	01_unzip_raw_data/02_unzip_lowcov_F8/H32TKDSX5_3_R14689_20230126/demultiplexed/216112/216112_CCTGACCACTTCTTGGCTAT_S187_L003_R1_001.fastq.gz	01_unzip_raw_data/02_unzip_lowcov_F8/H32TKDSX5_3_R14689_20230126/demultiplexed/216112/216112_CCTGACCACTTCTTGGCTAT_S187_L003_R2_001.fastq.gz	03_rename_fastq_files/F8_low_cov/ISC_228.2_F8lowcov_3C12_run1_R1.fastq.gz	03_rename_fastq_files/F8_low_cov/ISC_228.2_F8lowcov_3C12_run1_R2.fastq.gz
ISC_228.2	6209x6151_rep2	ISC_228.2_F8lowcov	3C12	2022-12-03	01_unzip_raw_data/02_unzip_lowcov_F8/H32TKDSX5_4_R14689_20230126/demultiplexed/216112/216112_CCTGACCACTTCTTGGCTAT_S187_L004_R1_001.fastq.gz	01_unzip_raw_data/02_unzip_lowcov_F8/H32TKDSX5_4_R14689_20230126/demultiplexed/216112/216112_CCTGACCACTTCTTGGCTAT_S187_L004_R2_001.fastq.gz	03_rename_fastq_files/F8_low_cov/ISC_228.2_F8lowcov_3C12_run2_R1.fastq.gz	03_rename_fastq_files/F8_low_cov/ISC_228.2_F8lowcov_3C12_run2_R2.fastq.gz
ISC_229.1	6210x6134_rep1	ISC_229.1_F8lowcov	5D3	2023-01-19	01_unzip_raw_data/02_unzip_lowcov_F8/HMN2MDRX2_0_R14837_20230130/demultiplexed/219242/219242_CTTACCGCACTAAGACCTAT_S20_R1_001.fastq.gz	01_unzip_raw_data/02_unzip_lowcov_F8/HMN2MDRX2_0_R14837_20230130/demultiplexed/219242/219242_CTTACCGCACTAAGACCTAT_S20_R2_001.fastq.gz	03_rename_fastq_files/F8_low_cov/ISC_229.1_F8lowcov_5D3_run1_R1.fastq.gz	03_rename_fastq_files/F8_low_cov/ISC_229.1_F8lowcov_5D3_run1_R2.fastq.gz
ISC_230.2	6210x6134_rep2	ISC_230.2_F8lowcov	3C10	2022-12-03	01_unzip_raw_data/02_unzip_lowcov_F8/H32TKDSX5_3_R14689_20230126/demultiplexed/216112/216112_TAACCGGCGAGCTACATTAG_S171_L003_R1_001.fastq.gz	01_unzip_raw_data/02_unzip_lowcov_F8/H32TKDSX5_3_R14689_20230126/demultiplexed/216112/216112_TAACCGGCGAGCTACATTAG_S171_L003_R2_001.fastq.gz	03_rename_fastq_files/F8_low_cov/ISC_230.2_F8lowcov_3C10_run1_R1.fastq.gz	03_rename_fastq_files/F8_low_cov/ISC_230.2_F8lowcov_3C10_run1_R2.fastq.gz
ISC_230.2	6210x6134_rep2	ISC_230.2_F8lowcov	3C10	2022-12-03	01_unzip_raw_data/02_unzip_lowcov_F8/H32TKDSX5_4_R14689_20230126/demultiplexed/216112/216112_TAACCGGCGAGCTACATTAG_S171_L004_R1_001.fastq.gz	01_unzip_raw_data/02_unzip_lowcov_F8/H32TKDSX5_4_R14689_20230126/demultiplexed/216112/216112_TAACCGGCGAGCTACATTAG_S171_L004_R2_001.fastq.gz	03_rename_fastq_files/F8_low_cov/ISC_230.2_F8lowcov_3C10_run2_R1.fastq.gz	03_rename_fastq_files/F8_low_cov/ISC_230.2_F8lowcov_3C10_run2_R2.fastq.gz
ISC_231.1	6216x6258_rep1	ISC_231.1_F8lowcov	3D12	2022-12-03	01_unzip_raw_data/02_unzip_lowcov_F8/H32TKDSX5_3_R14689_20230126/demultiplexed/216112/216112_AGCTGGAATGACGGAATGCG_S188_L003_R1_001.fastq.gz	01_unzip_raw_data/02_unzip_lowcov_F8/H32TKDSX5_3_R14689_20230126/demultiplexed/216112/216112_AGCTGGAATGACGGAATGCG_S188_L003_R2_001.fastq.gz	03_rename_fastq_files/F8_low_cov/ISC_231.1_F8lowcov_3D12_run1_R1.fastq.gz	03_rename_fastq_files/F8_low_cov/ISC_231.1_F8lowcov_3D12_run1_R2.fastq.gz
ISC_231.1	6216x6258_rep1	ISC_231.1_F8lowcov	3D12	2022-12-03	01_unzip_raw_data/02_unzip_lowcov_F8/H32TKDSX5_4_R14689_20230126/demultiplexed/216112/216112_AGCTGGAATGACGGAATGCG_S188_L004_R1_001.fastq.gz	01_unzip_raw_data/02_unzip_lowcov_F8/H32TKDSX5_4_R14689_20230126/demultiplexed/216112/216112_AGCTGGAATGACGGAATGCG_S188_L004_R2_001.fastq.gz	03_rename_fastq_files/F8_low_cov/ISC_231.1_F8lowcov_3D12_run2_R1.fastq.gz	03_rename_fastq_files/F8_low_cov/ISC_231.1_F8lowcov_3D12_run2_R2.fastq.gz
ISC_232.2	6216x6258_rep2	ISC_232.2_F8lowcov	5C4	2023-01-19	01_unzip_raw_data/02_unzip_lowcov_F8/HMN2MDRX2_0_R14837_20230130/demultiplexed/219242/219242_TTACAGTTAGACATGCATAT_S27_R1_001.fastq.gz	01_unzip_raw_data/02_unzip_lowcov_F8/HMN2MDRX2_0_R14837_20230130/demultiplexed/219242/219242_TTACAGTTAGACATGCATAT_S27_R2_001.fastq.gz	03_rename_fastq_files/F8_low_cov/ISC_232.2_F8lowcov_5C4_run1_R1.fastq.gz	03_rename_fastq_files/F8_low_cov/ISC_232.2_F8lowcov_5C4_run1_R2.fastq.gz
ISC_233.1	6217x6126_rep1	ISC_233.1_F8lowcov	4A2	2022-12-03	01_unzip_raw_data/02_unzip_lowcov_F8/H32TKDSX5_3_R14689_20230126/demultiplexed/216111/216111_CAGCAATCGTTGTGATGTAT_S201_L003_R1_001.fastq.gz	01_unzip_raw_data/02_unzip_lowcov_F8/H32TKDSX5_3_R14689_20230126/demultiplexed/216111/216111_CAGCAATCGTTGTGATGTAT_S201_L003_R2_001.fastq.gz	03_rename_fastq_files/F8_low_cov/ISC_233.1_F8lowcov_4A2_run1_R1.fastq.gz	03_rename_fastq_files/F8_low_cov/ISC_233.1_F8lowcov_4A2_run1_R2.fastq.gz
ISC_233.1	6217x6126_rep1	ISC_233.1_F8lowcov	4A2	2022-12-03	01_unzip_raw_data/02_unzip_lowcov_F8/H32TKDSX5_4_R14689_20230126/demultiplexed/216111/216111_CAGCAATCGTTGTGATGTAT_S201_L004_R1_001.fastq.gz	01_unzip_raw_data/02_unzip_lowcov_F8/H32TKDSX5_4_R14689_20230126/demultiplexed/216111/216111_CAGCAATCGTTGTGATGTAT_S201_L004_R2_001.fastq.gz	03_rename_fastq_files/F8_low_cov/ISC_233.1_F8lowcov_4A2_run2_R1.fastq.gz	03_rename_fastq_files/F8_low_cov/ISC_233.1_F8lowcov_4A2_run2_R2.fastq.gz
ISC_234.2	6217x6126_rep2	ISC_234.2_F8lowcov	2D7	2022-12-03	01_unzip_raw_data/02_unzip_lowcov_F8/H32TKDSX5_3_R14689_20230126/demultiplexed/216110/216110_TCTTACATCAGTGCGTCCTT_S340_L003_R1_001.fastq.gz	01_unzip_raw_data/02_unzip_lowcov_F8/H32TKDSX5_3_R14689_20230126/demultiplexed/216110/216110_TCTTACATCAGTGCGTCCTT_S340_L003_R2_001.fastq.gz	03_rename_fastq_files/F8_low_cov/ISC_234.2_F8lowcov_2D7_run1_R1.fastq.gz	03_rename_fastq_files/F8_low_cov/ISC_234.2_F8lowcov_2D7_run1_R2.fastq.gz
ISC_234.2	6217x6126_rep2	ISC_234.2_F8lowcov	2D7	2022-12-03	01_unzip_raw_data/02_unzip_lowcov_F8/H32TKDSX5_4_R14689_20230126/demultiplexed/216110/216110_TCTTACATCAGTGCGTCCTT_S340_L004_R1_001.fastq.gz	01_unzip_raw_data/02_unzip_lowcov_F8/H32TKDSX5_4_R14689_20230126/demultiplexed/216110/216110_TCTTACATCAGTGCGTCCTT_S340_L004_R2_001.fastq.gz	03_rename_fastq_files/F8_low_cov/ISC_234.2_F8lowcov_2D7_run2_R1.fastq.gz	03_rename_fastq_files/F8_low_cov/ISC_234.2_F8lowcov_2D7_run2_R2.fastq.gz
ISC_235.1	6218x6043_rep1	ISC_235.1_F8lowcov	4C8	2022-12-03	01_unzip_raw_data/02_unzip_lowcov_F8/H32TKDSX5_3_R14689_20230126/demultiplexed/216111/216111_ATAGCGGAATGCGCAGAGTA_S251_L003_R1_001.fastq.gz	01_unzip_raw_data/02_unzip_lowcov_F8/H32TKDSX5_3_R14689_20230126/demultiplexed/216111/216111_ATAGCGGAATGCGCAGAGTA_S251_L003_R2_001.fastq.gz	03_rename_fastq_files/F8_low_cov/ISC_235.1_F8lowcov_4C8_run1_R1.fastq.gz	03_rename_fastq_files/F8_low_cov/ISC_235.1_F8lowcov_4C8_run1_R2.fastq.gz
ISC_235.1	6218x6043_rep1	ISC_235.1_F8lowcov	4C8	2022-12-03	01_unzip_raw_data/02_unzip_lowcov_F8/H32TKDSX5_4_R14689_20230126/demultiplexed/216111/216111_ATAGCGGAATGCGCAGAGTA_S251_L004_R1_001.fastq.gz	01_unzip_raw_data/02_unzip_lowcov_F8/H32TKDSX5_4_R14689_20230126/demultiplexed/216111/216111_ATAGCGGAATGCGCAGAGTA_S251_L004_R2_001.fastq.gz	03_rename_fastq_files/F8_low_cov/ISC_235.1_F8lowcov_4C8_run2_R1.fastq.gz	03_rename_fastq_files/F8_low_cov/ISC_235.1_F8lowcov_4C8_run2_R2.fastq.gz
ISC_236.2	6218x6043_rep2	ISC_236.2_F8lowcov	3F11	2022-12-03	01_unzip_raw_data/02_unzip_lowcov_F8/H32TKDSX5_3_R14689_20230126/demultiplexed/216112/216112_GTGGACAAGTCCGTGGCCTT_S182_L003_R1_001.fastq.gz	01_unzip_raw_data/02_unzip_lowcov_F8/H32TKDSX5_3_R14689_20230126/demultiplexed/216112/216112_GTGGACAAGTCCGTGGCCTT_S182_L003_R2_001.fastq.gz	03_rename_fastq_files/F8_low_cov/ISC_236.2_F8lowcov_3F11_run1_R1.fastq.gz	03_rename_fastq_files/F8_low_cov/ISC_236.2_F8lowcov_3F11_run1_R2.fastq.gz
ISC_236.2	6218x6043_rep2	ISC_236.2_F8lowcov	3F11	2022-12-03	01_unzip_raw_data/02_unzip_lowcov_F8/H32TKDSX5_4_R14689_20230126/demultiplexed/216112/216112_GTGGACAAGTCCGTGGCCTT_S182_L004_R1_001.fastq.gz	01_unzip_raw_data/02_unzip_lowcov_F8/H32TKDSX5_4_R14689_20230126/demultiplexed/216112/216112_GTGGACAAGTCCGTGGCCTT_S182_L004_R2_001.fastq.gz	03_rename_fastq_files/F8_low_cov/ISC_236.2_F8lowcov_3F11_run2_R1.fastq.gz	03_rename_fastq_files/F8_low_cov/ISC_236.2_F8lowcov_3F11_run2_R2.fastq.gz
ISC_237.1	6220x9339_rep1	ISC_237.1_F8lowcov	3E11	2022-12-03	01_unzip_raw_data/02_unzip_lowcov_F8/H32TKDSX5_3_R14689_20230126/demultiplexed/216112/216112_CGATCTGTGATAGGAAGACT_S181_L003_R1_001.fastq.gz	01_unzip_raw_data/02_unzip_lowcov_F8/H32TKDSX5_3_R14689_20230126/demultiplexed/216112/216112_CGATCTGTGATAGGAAGACT_S181_L003_R2_001.fastq.gz	03_rename_fastq_files/F8_low_cov/ISC_237.1_F8lowcov_3E11_run1_R1.fastq.gz	03_rename_fastq_files/F8_low_cov/ISC_237.1_F8lowcov_3E11_run1_R2.fastq.gz
ISC_237.1	6220x9339_rep1	ISC_237.1_F8lowcov	3E11	2022-12-03	01_unzip_raw_data/02_unzip_lowcov_F8/H32TKDSX5_4_R14689_20230126/demultiplexed/216112/216112_CGATCTGTGATAGGAAGACT_S181_L004_R1_001.fastq.gz	01_unzip_raw_data/02_unzip_lowcov_F8/H32TKDSX5_4_R14689_20230126/demultiplexed/216112/216112_CGATCTGTGATAGGAAGACT_S181_L004_R2_001.fastq.gz	03_rename_fastq_files/F8_low_cov/ISC_237.1_F8lowcov_3E11_run2_R1.fastq.gz	03_rename_fastq_files/F8_low_cov/ISC_237.1_F8lowcov_3E11_run2_R2.fastq.gz
ISC_238.2	6220x9339_rep2	ISC_238.2_F8lowcov	3B11	2022-12-03	01_unzip_raw_data/02_unzip_lowcov_F8/H32TKDSX5_3_R14689_20230126/demultiplexed/216112/216112_GAGGCCTATTCTAGTCCGGA_S178_L003_R1_001.fastq.gz	01_unzip_raw_data/02_unzip_lowcov_F8/H32TKDSX5_3_R14689_20230126/demultiplexed/216112/216112_GAGGCCTATTCTAGTCCGGA_S178_L003_R2_001.fastq.gz	03_rename_fastq_files/F8_low_cov/ISC_238.2_F8lowcov_3B11_run1_R1.fastq.gz	03_rename_fastq_files/F8_low_cov/ISC_238.2_F8lowcov_3B11_run1_R2.fastq.gz
ISC_238.2	6220x9339_rep2	ISC_238.2_F8lowcov	3B11	2022-12-03	01_unzip_raw_data/02_unzip_lowcov_F8/H32TKDSX5_4_R14689_20230126/demultiplexed/216112/216112_GAGGCCTATTCTAGTCCGGA_S178_L004_R1_001.fastq.gz	01_unzip_raw_data/02_unzip_lowcov_F8/H32TKDSX5_4_R14689_20230126/demultiplexed/216112/216112_GAGGCCTATTCTAGTCCGGA_S178_L004_R2_001.fastq.gz	03_rename_fastq_files/F8_low_cov/ISC_238.2_F8lowcov_3B11_run2_R1.fastq.gz	03_rename_fastq_files/F8_low_cov/ISC_238.2_F8lowcov_3B11_run2_R2.fastq.gz
ISC_239.1	6221x9455_rep1	ISC_239.1_F8lowcov	5D6	2023-01-19	01_unzip_raw_data/02_unzip_lowcov_F8/HMN2MDRX2_0_R14837_20230130/demultiplexed/219242/219242_ATAGTTAGCACTCTAAGTAG_S44_R1_001.fastq.gz	01_unzip_raw_data/02_unzip_lowcov_F8/HMN2MDRX2_0_R14837_20230130/demultiplexed/219242/219242_ATAGTTAGCACTCTAAGTAG_S44_R2_001.fastq.gz	03_rename_fastq_files/F8_low_cov/ISC_239.1_F8lowcov_5D6_run1_R1.fastq.gz	03_rename_fastq_files/F8_low_cov/ISC_239.1_F8lowcov_5D6_run1_R2.fastq.gz
ISC_240.1	6231x6039_rep1	ISC_240.1_F8lowcov	1A7	2022-12-03	01_unzip_raw_data/02_unzip_lowcov_F8/H32TKDSX5_3_R14689_20230126/demultiplexed/216113/216113_TGTAAGGTGGAAGGCCTTGG_S49_L003_R1_001.fastq.gz	01_unzip_raw_data/02_unzip_lowcov_F8/H32TKDSX5_3_R14689_20230126/demultiplexed/216113/216113_TGTAAGGTGGAAGGCCTTGG_S49_L003_R2_001.fastq.gz	03_rename_fastq_files/F8_low_cov/ISC_240.1_F8lowcov_1A7_run1_R1.fastq.gz	03_rename_fastq_files/F8_low_cov/ISC_240.1_F8lowcov_1A7_run1_R2.fastq.gz
ISC_240.1	6231x6039_rep1	ISC_240.1_F8lowcov	1A7	2022-12-03	01_unzip_raw_data/02_unzip_lowcov_F8/H32TKDSX5_4_R14689_20230126/demultiplexed/216113/216113_TGTAAGGTGGAAGGCCTTGG_S49_L004_R1_001.fastq.gz	01_unzip_raw_data/02_unzip_lowcov_F8/H32TKDSX5_4_R14689_20230126/demultiplexed/216113/216113_TGTAAGGTGGAAGGCCTTGG_S49_L004_R2_001.fastq.gz	03_rename_fastq_files/F8_low_cov/ISC_240.1_F8lowcov_1A7_run2_R1.fastq.gz	03_rename_fastq_files/F8_low_cov/ISC_240.1_F8lowcov_1A7_run2_R2.fastq.gz
ISC_241.2	6231x6039_rep2	ISC_241.2_F8lowcov	5C6	2023-01-19	01_unzip_raw_data/02_unzip_lowcov_F8/HMN2MDRX2_0_R14837_20230130/demultiplexed/219242/219242_CTCCACTAATTGTACTTGTT_S43_R1_001.fastq.gz	01_unzip_raw_data/02_unzip_lowcov_F8/HMN2MDRX2_0_R14837_20230130/demultiplexed/219242/219242_CTCCACTAATTGTACTTGTT_S43_R2_001.fastq.gz	03_rename_fastq_files/F8_low_cov/ISC_241.2_F8lowcov_5C6_run1_R1.fastq.gz	03_rename_fastq_files/F8_low_cov/ISC_241.2_F8lowcov_5C6_run1_R2.fastq.gz
ISC_242.1	6237x6090_rep1	ISC_242.1_F8lowcov	4E7	2022-12-03	01_unzip_raw_data/02_unzip_lowcov_F8/H32TKDSX5_3_R14689_20230126/demultiplexed/216111/216111_GATTCTGAATAGCGGTGGAC_S245_L003_R1_001.fastq.gz	01_unzip_raw_data/02_unzip_lowcov_F8/H32TKDSX5_3_R14689_20230126/demultiplexed/216111/216111_GATTCTGAATAGCGGTGGAC_S245_L003_R2_001.fastq.gz	03_rename_fastq_files/F8_low_cov/ISC_242.1_F8lowcov_4E7_run1_R1.fastq.gz	03_rename_fastq_files/F8_low_cov/ISC_242.1_F8lowcov_4E7_run1_R2.fastq.gz
ISC_242.1	6237x6090_rep1	ISC_242.1_F8lowcov	4E7	2022-12-03	01_unzip_raw_data/02_unzip_lowcov_F8/H32TKDSX5_4_R14689_20230126/demultiplexed/216111/216111_GATTCTGAATAGCGGTGGAC_S245_L004_R1_001.fastq.gz	01_unzip_raw_data/02_unzip_lowcov_F8/H32TKDSX5_4_R14689_20230126/demultiplexed/216111/216111_GATTCTGAATAGCGGTGGAC_S245_L004_R2_001.fastq.gz	03_rename_fastq_files/F8_low_cov/ISC_242.1_F8lowcov_4E7_run2_R1.fastq.gz	03_rename_fastq_files/F8_low_cov/ISC_242.1_F8lowcov_4E7_run2_R2.fastq.gz
ISC_243.2	6237x6090_rep2	ISC_243.2_F8lowcov	2D12	2022-12-03	01_unzip_raw_data/02_unzip_lowcov_F8/H32TKDSX5_3_R14689_20230126/demultiplexed/216110/216110_ATACCAACGCACATACTTCC_S380_L003_R1_001.fastq.gz	01_unzip_raw_data/02_unzip_lowcov_F8/H32TKDSX5_3_R14689_20230126/demultiplexed/216110/216110_ATACCAACGCACATACTTCC_S380_L003_R2_001.fastq.gz	03_rename_fastq_files/F8_low_cov/ISC_243.2_F8lowcov_2D12_run1_R1.fastq.gz	03_rename_fastq_files/F8_low_cov/ISC_243.2_F8lowcov_2D12_run1_R2.fastq.gz
ISC_243.2	6237x6090_rep2	ISC_243.2_F8lowcov	2D12	2022-12-03	01_unzip_raw_data/02_unzip_lowcov_F8/H32TKDSX5_4_R14689_20230126/demultiplexed/216110/216110_ATACCAACGCACATACTTCC_S380_L004_R1_001.fastq.gz	01_unzip_raw_data/02_unzip_lowcov_F8/H32TKDSX5_4_R14689_20230126/demultiplexed/216110/216110_ATACCAACGCACATACTTCC_S380_L004_R2_001.fastq.gz	03_rename_fastq_files/F8_low_cov/ISC_243.2_F8lowcov_2D12_run2_R1.fastq.gz	03_rename_fastq_files/F8_low_cov/ISC_243.2_F8lowcov_2D12_run2_R2.fastq.gz
ISC_244.1	6238x6105_rep1	ISC_244.1_F8lowcov	3H3	2022-12-03	01_unzip_raw_data/02_unzip_lowcov_F8/H32TKDSX5_3_R14689_20230126/demultiplexed/216112/216112_CCGAAGCGCTTGCTAACTAT_S120_L003_R1_001.fastq.gz	01_unzip_raw_data/02_unzip_lowcov_F8/H32TKDSX5_3_R14689_20230126/demultiplexed/216112/216112_CCGAAGCGCTTGCTAACTAT_S120_L003_R2_001.fastq.gz	03_rename_fastq_files/F8_low_cov/ISC_244.1_F8lowcov_3H3_run1_R1.fastq.gz	03_rename_fastq_files/F8_low_cov/ISC_244.1_F8lowcov_3H3_run1_R2.fastq.gz
ISC_244.1	6238x6105_rep1	ISC_244.1_F8lowcov	3H3	2022-12-03	01_unzip_raw_data/02_unzip_lowcov_F8/H32TKDSX5_4_R14689_20230126/demultiplexed/216112/216112_CCGAAGCGCTTGCTAACTAT_S120_L004_R1_001.fastq.gz	01_unzip_raw_data/02_unzip_lowcov_F8/H32TKDSX5_4_R14689_20230126/demultiplexed/216112/216112_CCGAAGCGCTTGCTAACTAT_S120_L004_R2_001.fastq.gz	03_rename_fastq_files/F8_low_cov/ISC_244.1_F8lowcov_3H3_run2_R1.fastq.gz	03_rename_fastq_files/F8_low_cov/ISC_244.1_F8lowcov_3H3_run2_R2.fastq.gz
ISC_245.2	6238x6105_rep2	ISC_245.2_F8lowcov	3A11	2022-12-03	01_unzip_raw_data/02_unzip_lowcov_F8/H32TKDSX5_3_R14689_20230126/demultiplexed/216112/216112_CCAATGATACGAGTGTGCCG_S177_L003_R1_001.fastq.gz	01_unzip_raw_data/02_unzip_lowcov_F8/H32TKDSX5_3_R14689_20230126/demultiplexed/216112/216112_CCAATGATACGAGTGTGCCG_S177_L003_R2_001.fastq.gz	03_rename_fastq_files/F8_low_cov/ISC_245.2_F8lowcov_3A11_run1_R1.fastq.gz	03_rename_fastq_files/F8_low_cov/ISC_245.2_F8lowcov_3A11_run1_R2.fastq.gz
ISC_245.2	6238x6105_rep2	ISC_245.2_F8lowcov	3A11	2022-12-03	01_unzip_raw_data/02_unzip_lowcov_F8/H32TKDSX5_4_R14689_20230126/demultiplexed/216112/216112_CCAATGATACGAGTGTGCCG_S177_L004_R1_001.fastq.gz	01_unzip_raw_data/02_unzip_lowcov_F8/H32TKDSX5_4_R14689_20230126/demultiplexed/216112/216112_CCAATGATACGAGTGTGCCG_S177_L004_R2_001.fastq.gz	03_rename_fastq_files/F8_low_cov/ISC_245.2_F8lowcov_3A11_run2_R1.fastq.gz	03_rename_fastq_files/F8_low_cov/ISC_245.2_F8lowcov_3A11_run2_R2.fastq.gz
ISC_246.1	6240x5831_rep1	ISC_246.1_F8lowcov	3G12	2022-12-03	01_unzip_raw_data/02_unzip_lowcov_F8/H32TKDSX5_3_R14689_20230126/demultiplexed/216112/216112_ATTGGCTTCTTGGCTCGCAG_S191_L003_R1_001.fastq.gz	01_unzip_raw_data/02_unzip_lowcov_F8/H32TKDSX5_3_R14689_20230126/demultiplexed/216112/216112_ATTGGCTTCTTGGCTCGCAG_S191_L003_R2_001.fastq.gz	03_rename_fastq_files/F8_low_cov/ISC_246.1_F8lowcov_3G12_run1_R1.fastq.gz	03_rename_fastq_files/F8_low_cov/ISC_246.1_F8lowcov_3G12_run1_R2.fastq.gz
ISC_246.1	6240x5831_rep1	ISC_246.1_F8lowcov	3G12	2022-12-03	01_unzip_raw_data/02_unzip_lowcov_F8/H32TKDSX5_4_R14689_20230126/demultiplexed/216112/216112_ATTGGCTTCTTGGCTCGCAG_S191_L004_R1_001.fastq.gz	01_unzip_raw_data/02_unzip_lowcov_F8/H32TKDSX5_4_R14689_20230126/demultiplexed/216112/216112_ATTGGCTTCTTGGCTCGCAG_S191_L004_R2_001.fastq.gz	03_rename_fastq_files/F8_low_cov/ISC_246.1_F8lowcov_3G12_run2_R1.fastq.gz	03_rename_fastq_files/F8_low_cov/ISC_246.1_F8lowcov_3G12_run2_R2.fastq.gz
ISC_247.2	6240x5831_rep2	ISC_247.2_F8lowcov	2E1	2022-12-03	01_unzip_raw_data/02_unzip_lowcov_F8/H32TKDSX5_3_R14689_20230126/demultiplexed/216110/216110_TAATCTCGTCACATTATCCT_S293_L003_R1_001.fastq.gz	01_unzip_raw_data/02_unzip_lowcov_F8/H32TKDSX5_3_R14689_20230126/demultiplexed/216110/216110_TAATCTCGTCACATTATCCT_S293_L003_R2_001.fastq.gz	03_rename_fastq_files/F8_low_cov/ISC_247.2_F8lowcov_2E1_run1_R1.fastq.gz	03_rename_fastq_files/F8_low_cov/ISC_247.2_F8lowcov_2E1_run1_R2.fastq.gz
ISC_247.2	6240x5831_rep2	ISC_247.2_F8lowcov	2E1	2022-12-03	01_unzip_raw_data/02_unzip_lowcov_F8/H32TKDSX5_4_R14689_20230126/demultiplexed/216110/216110_TAATCTCGTCACATTATCCT_S293_L004_R1_001.fastq.gz	01_unzip_raw_data/02_unzip_lowcov_F8/H32TKDSX5_4_R14689_20230126/demultiplexed/216110/216110_TAATCTCGTCACATTATCCT_S293_L004_R2_001.fastq.gz	03_rename_fastq_files/F8_low_cov/ISC_247.2_F8lowcov_2E1_run2_R1.fastq.gz	03_rename_fastq_files/F8_low_cov/ISC_247.2_F8lowcov_2E1_run2_R2.fastq.gz
ISC_248.1	6241x1552_rep1	ISC_248.1_F8lowcov	3E6	2022-12-03	01_unzip_raw_data/02_unzip_lowcov_F8/H32TKDSX5_3_R14689_20230126/demultiplexed/216112/216112_ATAGGTCTTAGTCACCACAG_S141_L003_R1_001.fastq.gz	01_unzip_raw_data/02_unzip_lowcov_F8/H32TKDSX5_3_R14689_20230126/demultiplexed/216112/216112_ATAGGTCTTAGTCACCACAG_S141_L003_R2_001.fastq.gz	03_rename_fastq_files/F8_low_cov/ISC_248.1_F8lowcov_3E6_run1_R1.fastq.gz	03_rename_fastq_files/F8_low_cov/ISC_248.1_F8lowcov_3E6_run1_R2.fastq.gz
ISC_248.1	6241x1552_rep1	ISC_248.1_F8lowcov	3E6	2022-12-03	01_unzip_raw_data/02_unzip_lowcov_F8/H32TKDSX5_4_R14689_20230126/demultiplexed/216112/216112_ATAGGTCTTAGTCACCACAG_S141_L004_R1_001.fastq.gz	01_unzip_raw_data/02_unzip_lowcov_F8/H32TKDSX5_4_R14689_20230126/demultiplexed/216112/216112_ATAGGTCTTAGTCACCACAG_S141_L004_R2_001.fastq.gz	03_rename_fastq_files/F8_low_cov/ISC_248.1_F8lowcov_3E6_run2_R1.fastq.gz	03_rename_fastq_files/F8_low_cov/ISC_248.1_F8lowcov_3E6_run2_R2.fastq.gz
ISC_249.2	6241x1552_rep2	ISC_249.2_F8lowcov	2C1	2022-12-03	01_unzip_raw_data/02_unzip_lowcov_F8/H32TKDSX5_3_R14689_20230126/demultiplexed/216110/216110_ATATGAGACGTATAGTAGCT_S291_L003_R1_001.fastq.gz	01_unzip_raw_data/02_unzip_lowcov_F8/H32TKDSX5_3_R14689_20230126/demultiplexed/216110/216110_ATATGAGACGTATAGTAGCT_S291_L003_R2_001.fastq.gz	03_rename_fastq_files/F8_low_cov/ISC_249.2_F8lowcov_2C1_run1_R1.fastq.gz	03_rename_fastq_files/F8_low_cov/ISC_249.2_F8lowcov_2C1_run1_R2.fastq.gz
ISC_249.2	6241x1552_rep2	ISC_249.2_F8lowcov	2C1	2022-12-03	01_unzip_raw_data/02_unzip_lowcov_F8/H32TKDSX5_4_R14689_20230126/demultiplexed/216110/216110_ATATGAGACGTATAGTAGCT_S291_L004_R1_001.fastq.gz	01_unzip_raw_data/02_unzip_lowcov_F8/H32TKDSX5_4_R14689_20230126/demultiplexed/216110/216110_ATATGAGACGTATAGTAGCT_S291_L004_R2_001.fastq.gz	03_rename_fastq_files/F8_low_cov/ISC_249.2_F8lowcov_2C1_run2_R1.fastq.gz	03_rename_fastq_files/F8_low_cov/ISC_249.2_F8lowcov_2C1_run2_R2.fastq.gz
ISC_250.1	6243x6180_rep1	ISC_250.1_F8lowcov	1B3	2022-12-03	01_unzip_raw_data/02_unzip_lowcov_F8/H32TKDSX5_3_R14689_20230126/demultiplexed/216113/216113_TAGGTATGTTCGAGACCAAG_S18_L003_R1_001.fastq.gz	01_unzip_raw_data/02_unzip_lowcov_F8/H32TKDSX5_3_R14689_20230126/demultiplexed/216113/216113_TAGGTATGTTCGAGACCAAG_S18_L003_R2_001.fastq.gz	03_rename_fastq_files/F8_low_cov/ISC_250.1_F8lowcov_1B3_run1_R1.fastq.gz	03_rename_fastq_files/F8_low_cov/ISC_250.1_F8lowcov_1B3_run1_R2.fastq.gz
ISC_250.1	6243x6180_rep1	ISC_250.1_F8lowcov	1B3	2022-12-03	01_unzip_raw_data/02_unzip_lowcov_F8/H32TKDSX5_4_R14689_20230126/demultiplexed/216113/216113_TAGGTATGTTCGAGACCAAG_S18_L004_R1_001.fastq.gz	01_unzip_raw_data/02_unzip_lowcov_F8/H32TKDSX5_4_R14689_20230126/demultiplexed/216113/216113_TAGGTATGTTCGAGACCAAG_S18_L004_R2_001.fastq.gz	03_rename_fastq_files/F8_low_cov/ISC_250.1_F8lowcov_1B3_run2_R1.fastq.gz	03_rename_fastq_files/F8_low_cov/ISC_250.1_F8lowcov_1B3_run2_R2.fastq.gz
ISC_251.2	6243x6180_rep2	ISC_251.2_F8lowcov	1A1	2022-12-03	01_unzip_raw_data/02_unzip_lowcov_F8/H32TKDSX5_3_R14689_20230126/demultiplexed/216113/216113_GAACAATTCCTAGAGTTGGA_S1_L003_R1_001.fastq.gz	01_unzip_raw_data/02_unzip_lowcov_F8/H32TKDSX5_3_R14689_20230126/demultiplexed/216113/216113_GAACAATTCCTAGAGTTGGA_S1_L003_R2_001.fastq.gz	03_rename_fastq_files/F8_low_cov/ISC_251.2_F8lowcov_1A1_run1_R1.fastq.gz	03_rename_fastq_files/F8_low_cov/ISC_251.2_F8lowcov_1A1_run1_R2.fastq.gz
ISC_251.2	6243x6180_rep2	ISC_251.2_F8lowcov	1A1	2022-12-03	01_unzip_raw_data/02_unzip_lowcov_F8/H32TKDSX5_4_R14689_20230126/demultiplexed/216113/216113_GAACAATTCCTAGAGTTGGA_S1_L004_R1_001.fastq.gz	01_unzip_raw_data/02_unzip_lowcov_F8/H32TKDSX5_4_R14689_20230126/demultiplexed/216113/216113_GAACAATTCCTAGAGTTGGA_S1_L004_R2_001.fastq.gz	03_rename_fastq_files/F8_low_cov/ISC_251.2_F8lowcov_1A1_run2_R1.fastq.gz	03_rename_fastq_files/F8_low_cov/ISC_251.2_F8lowcov_1A1_run2_R2.fastq.gz
ISC_252.1	6244x6173_rep1	ISC_252.1_F8lowcov	2E7	2022-12-03	01_unzip_raw_data/02_unzip_lowcov_F8/H32TKDSX5_3_R14689_20230126/demultiplexed/216110/216110_TTACAATTCCAGCACATCCT_S341_L003_R1_001.fastq.gz	01_unzip_raw_data/02_unzip_lowcov_F8/H32TKDSX5_3_R14689_20230126/demultiplexed/216110/216110_TTACAATTCCAGCACATCCT_S341_L003_R2_001.fastq.gz	03_rename_fastq_files/F8_low_cov/ISC_252.1_F8lowcov_2E7_run1_R1.fastq.gz	03_rename_fastq_files/F8_low_cov/ISC_252.1_F8lowcov_2E7_run1_R2.fastq.gz
ISC_252.1	6244x6173_rep1	ISC_252.1_F8lowcov	2E7	2022-12-03	01_unzip_raw_data/02_unzip_lowcov_F8/H32TKDSX5_4_R14689_20230126/demultiplexed/216110/216110_TTACAATTCCAGCACATCCT_S341_L004_R1_001.fastq.gz	01_unzip_raw_data/02_unzip_lowcov_F8/H32TKDSX5_4_R14689_20230126/demultiplexed/216110/216110_TTACAATTCCAGCACATCCT_S341_L004_R2_001.fastq.gz	03_rename_fastq_files/F8_low_cov/ISC_252.1_F8lowcov_2E7_run2_R1.fastq.gz	03_rename_fastq_files/F8_low_cov/ISC_252.1_F8lowcov_2E7_run2_R2.fastq.gz
ISC_253.2	6244x6173_rep2	ISC_253.2_F8lowcov	2F1	2022-12-03	01_unzip_raw_data/02_unzip_lowcov_F8/H32TKDSX5_3_R14689_20230126/demultiplexed/216110/216110_GCGCGATGTTGTCCACTTGT_S294_L003_R1_001.fastq.gz	01_unzip_raw_data/02_unzip_lowcov_F8/H32TKDSX5_3_R14689_20230126/demultiplexed/216110/216110_GCGCGATGTTGTCCACTTGT_S294_L003_R2_001.fastq.gz	03_rename_fastq_files/F8_low_cov/ISC_253.2_F8lowcov_2F1_run1_R1.fastq.gz	03_rename_fastq_files/F8_low_cov/ISC_253.2_F8lowcov_2F1_run1_R2.fastq.gz
ISC_253.2	6244x6173_rep2	ISC_253.2_F8lowcov	2F1	2022-12-03	01_unzip_raw_data/02_unzip_lowcov_F8/H32TKDSX5_4_R14689_20230126/demultiplexed/216110/216110_GCGCGATGTTGTCCACTTGT_S294_L004_R1_001.fastq.gz	01_unzip_raw_data/02_unzip_lowcov_F8/H32TKDSX5_4_R14689_20230126/demultiplexed/216110/216110_GCGCGATGTTGTCCACTTGT_S294_L004_R2_001.fastq.gz	03_rename_fastq_files/F8_low_cov/ISC_253.2_F8lowcov_2F1_run2_R1.fastq.gz	03_rename_fastq_files/F8_low_cov/ISC_253.2_F8lowcov_2F1_run2_R2.fastq.gz
ISC_254.1	6252x6202_rep1	ISC_254.1_F8lowcov	4A8	2022-12-03	01_unzip_raw_data/02_unzip_lowcov_F8/H32TKDSX5_3_R14689_20230126/demultiplexed/216111/216111_CCACGCTGAATATTCCTCAG_S249_L003_R1_001.fastq.gz	01_unzip_raw_data/02_unzip_lowcov_F8/H32TKDSX5_3_R14689_20230126/demultiplexed/216111/216111_CCACGCTGAATATTCCTCAG_S249_L003_R2_001.fastq.gz	03_rename_fastq_files/F8_low_cov/ISC_254.1_F8lowcov_4A8_run1_R1.fastq.gz	03_rename_fastq_files/F8_low_cov/ISC_254.1_F8lowcov_4A8_run1_R2.fastq.gz
ISC_254.1	6252x6202_rep1	ISC_254.1_F8lowcov	4A8	2022-12-03	01_unzip_raw_data/02_unzip_lowcov_F8/H32TKDSX5_4_R14689_20230126/demultiplexed/216111/216111_CCACGCTGAATATTCCTCAG_S249_L004_R1_001.fastq.gz	01_unzip_raw_data/02_unzip_lowcov_F8/H32TKDSX5_4_R14689_20230126/demultiplexed/216111/216111_CCACGCTGAATATTCCTCAG_S249_L004_R2_001.fastq.gz	03_rename_fastq_files/F8_low_cov/ISC_254.1_F8lowcov_4A8_run2_R1.fastq.gz	03_rename_fastq_files/F8_low_cov/ISC_254.1_F8lowcov_4A8_run2_R2.fastq.gz
ISC_255.2	6252x6202_rep2	ISC_255.2_F8lowcov	2A12	2022-12-03	01_unzip_raw_data/02_unzip_lowcov_F8/H32TKDSX5_3_R14689_20230126/demultiplexed/216110/216110_GCTTACGGACCGTGTATCTT_S377_L003_R1_001.fastq.gz	01_unzip_raw_data/02_unzip_lowcov_F8/H32TKDSX5_3_R14689_20230126/demultiplexed/216110/216110_GCTTACGGACCGTGTATCTT_S377_L003_R2_001.fastq.gz	03_rename_fastq_files/F8_low_cov/ISC_255.2_F8lowcov_2A12_run1_R1.fastq.gz	03_rename_fastq_files/F8_low_cov/ISC_255.2_F8lowcov_2A12_run1_R2.fastq.gz
ISC_255.2	6252x6202_rep2	ISC_255.2_F8lowcov	2A12	2022-12-03	01_unzip_raw_data/02_unzip_lowcov_F8/H32TKDSX5_4_R14689_20230126/demultiplexed/216110/216110_GCTTACGGACCGTGTATCTT_S377_L004_R1_001.fastq.gz	01_unzip_raw_data/02_unzip_lowcov_F8/H32TKDSX5_4_R14689_20230126/demultiplexed/216110/216110_GCTTACGGACCGTGTATCTT_S377_L004_R2_001.fastq.gz	03_rename_fastq_files/F8_low_cov/ISC_255.2_F8lowcov_2A12_run2_R1.fastq.gz	03_rename_fastq_files/F8_low_cov/ISC_255.2_F8lowcov_2A12_run2_R2.fastq.gz
ISC_256.1	6255x6136_rep1	ISC_256.1_F8lowcov	2F7	2022-12-03	01_unzip_raw_data/02_unzip_lowcov_F8/H32TKDSX5_3_R14689_20230126/demultiplexed/216110/216110_AAGCTTATGCTTCCGTCGCA_S342_L003_R1_001.fastq.gz	01_unzip_raw_data/02_unzip_lowcov_F8/H32TKDSX5_3_R14689_20230126/demultiplexed/216110/216110_AAGCTTATGCTTCCGTCGCA_S342_L003_R2_001.fastq.gz	03_rename_fastq_files/F8_low_cov/ISC_256.1_F8lowcov_2F7_run1_R1.fastq.gz	03_rename_fastq_files/F8_low_cov/ISC_256.1_F8lowcov_2F7_run1_R2.fastq.gz
ISC_256.1	6255x6136_rep1	ISC_256.1_F8lowcov	2F7	2022-12-03	01_unzip_raw_data/02_unzip_lowcov_F8/H32TKDSX5_4_R14689_20230126/demultiplexed/216110/216110_AAGCTTATGCTTCCGTCGCA_S342_L004_R1_001.fastq.gz	01_unzip_raw_data/02_unzip_lowcov_F8/H32TKDSX5_4_R14689_20230126/demultiplexed/216110/216110_AAGCTTATGCTTCCGTCGCA_S342_L004_R2_001.fastq.gz	03_rename_fastq_files/F8_low_cov/ISC_256.1_F8lowcov_2F7_run2_R1.fastq.gz	03_rename_fastq_files/F8_low_cov/ISC_256.1_F8lowcov_2F7_run2_R2.fastq.gz
ISC_257.2	6255x6136_rep2	ISC_257.2_F8lowcov	4E5	2022-12-03	01_unzip_raw_data/02_unzip_lowcov_F8/H32TKDSX5_3_R14689_20230126/demultiplexed/216111/216111_AACGAGGCCGATACCTGGAT_S229_L003_R1_001.fastq.gz	01_unzip_raw_data/02_unzip_lowcov_F8/H32TKDSX5_3_R14689_20230126/demultiplexed/216111/216111_AACGAGGCCGATACCTGGAT_S229_L003_R2_001.fastq.gz	03_rename_fastq_files/F8_low_cov/ISC_257.2_F8lowcov_4E5_run1_R1.fastq.gz	03_rename_fastq_files/F8_low_cov/ISC_257.2_F8lowcov_4E5_run1_R2.fastq.gz
ISC_257.2	6255x6136_rep2	ISC_257.2_F8lowcov	4E5	2022-12-03	01_unzip_raw_data/02_unzip_lowcov_F8/H32TKDSX5_4_R14689_20230126/demultiplexed/216111/216111_AACGAGGCCGATACCTGGAT_S229_L004_R1_001.fastq.gz	01_unzip_raw_data/02_unzip_lowcov_F8/H32TKDSX5_4_R14689_20230126/demultiplexed/216111/216111_AACGAGGCCGATACCTGGAT_S229_L004_R2_001.fastq.gz	03_rename_fastq_files/F8_low_cov/ISC_257.2_F8lowcov_4E5_run2_R1.fastq.gz	03_rename_fastq_files/F8_low_cov/ISC_257.2_F8lowcov_4E5_run2_R2.fastq.gz
ISC_258.1	6258x1257_rep1	ISC_258.1_F8lowcov	4D8	2022-12-03	01_unzip_raw_data/02_unzip_lowcov_F8/H32TKDSX5_3_R14689_20230126/demultiplexed/216111/216111_GCAATATTCAGGCGCCAATT_S252_L003_R1_001.fastq.gz	01_unzip_raw_data/02_unzip_lowcov_F8/H32TKDSX5_3_R14689_20230126/demultiplexed/216111/216111_GCAATATTCAGGCGCCAATT_S252_L003_R2_001.fastq.gz	03_rename_fastq_files/F8_low_cov/ISC_258.1_F8lowcov_4D8_run1_R1.fastq.gz	03_rename_fastq_files/F8_low_cov/ISC_258.1_F8lowcov_4D8_run1_R2.fastq.gz
ISC_258.1	6258x1257_rep1	ISC_258.1_F8lowcov	4D8	2022-12-03	01_unzip_raw_data/02_unzip_lowcov_F8/H32TKDSX5_4_R14689_20230126/demultiplexed/216111/216111_GCAATATTCAGGCGCCAATT_S252_L004_R1_001.fastq.gz	01_unzip_raw_data/02_unzip_lowcov_F8/H32TKDSX5_4_R14689_20230126/demultiplexed/216111/216111_GCAATATTCAGGCGCCAATT_S252_L004_R2_001.fastq.gz	03_rename_fastq_files/F8_low_cov/ISC_258.1_F8lowcov_4D8_run2_R1.fastq.gz	03_rename_fastq_files/F8_low_cov/ISC_258.1_F8lowcov_4D8_run2_R2.fastq.gz
ISC_259.2	6258x1257_rep2	ISC_259.2_F8lowcov	4C2	2022-12-03	01_unzip_raw_data/02_unzip_lowcov_F8/H32TKDSX5_3_R14689_20230126/demultiplexed/216111/216111_GAACGCAATAATCTTACTGT_S203_L003_R1_001.fastq.gz	01_unzip_raw_data/02_unzip_lowcov_F8/H32TKDSX5_3_R14689_20230126/demultiplexed/216111/216111_GAACGCAATAATCTTACTGT_S203_L003_R2_001.fastq.gz	03_rename_fastq_files/F8_low_cov/ISC_259.2_F8lowcov_4C2_run1_R1.fastq.gz	03_rename_fastq_files/F8_low_cov/ISC_259.2_F8lowcov_4C2_run1_R2.fastq.gz
ISC_259.2	6258x1257_rep2	ISC_259.2_F8lowcov	4C2	2022-12-03	01_unzip_raw_data/02_unzip_lowcov_F8/H32TKDSX5_4_R14689_20230126/demultiplexed/216111/216111_GAACGCAATAATCTTACTGT_S203_L004_R1_001.fastq.gz	01_unzip_raw_data/02_unzip_lowcov_F8/H32TKDSX5_4_R14689_20230126/demultiplexed/216111/216111_GAACGCAATAATCTTACTGT_S203_L004_R2_001.fastq.gz	03_rename_fastq_files/F8_low_cov/ISC_259.2_F8lowcov_4C2_run2_R1.fastq.gz	03_rename_fastq_files/F8_low_cov/ISC_259.2_F8lowcov_4C2_run2_R2.fastq.gz
ISC_260.1	6276x9363_rep1	ISC_260.1_F8lowcov	4F7	2022-12-03	01_unzip_raw_data/02_unzip_lowcov_F8/H32TKDSX5_3_R14689_20230126/demultiplexed/216111/216111_TAGAGAATACTATAGATTCG_S246_L003_R1_001.fastq.gz	01_unzip_raw_data/02_unzip_lowcov_F8/H32TKDSX5_3_R14689_20230126/demultiplexed/216111/216111_TAGAGAATACTATAGATTCG_S246_L003_R2_001.fastq.gz	03_rename_fastq_files/F8_low_cov/ISC_260.1_F8lowcov_4F7_run1_R1.fastq.gz	03_rename_fastq_files/F8_low_cov/ISC_260.1_F8lowcov_4F7_run1_R2.fastq.gz
ISC_260.1	6276x9363_rep1	ISC_260.1_F8lowcov	4F7	2022-12-03	01_unzip_raw_data/02_unzip_lowcov_F8/H32TKDSX5_4_R14689_20230126/demultiplexed/216111/216111_TAGAGAATACTATAGATTCG_S246_L004_R1_001.fastq.gz	01_unzip_raw_data/02_unzip_lowcov_F8/H32TKDSX5_4_R14689_20230126/demultiplexed/216111/216111_TAGAGAATACTATAGATTCG_S246_L004_R2_001.fastq.gz	03_rename_fastq_files/F8_low_cov/ISC_260.1_F8lowcov_4F7_run2_R1.fastq.gz	03_rename_fastq_files/F8_low_cov/ISC_260.1_F8lowcov_4F7_run2_R2.fastq.gz
ISC_261.2	6276x9363_rep2	ISC_261.2_F8lowcov	5E5	2023-01-19	01_unzip_raw_data/02_unzip_lowcov_F8/HMN2MDRX2_0_R14837_20230130/demultiplexed/219242/219242_GCTCTTAACTCACGTCCACC_S37_R1_001.fastq.gz	01_unzip_raw_data/02_unzip_lowcov_F8/HMN2MDRX2_0_R14837_20230130/demultiplexed/219242/219242_GCTCTTAACTCACGTCCACC_S37_R2_001.fastq.gz	03_rename_fastq_files/F8_low_cov/ISC_261.2_F8lowcov_5E5_run1_R1.fastq.gz	03_rename_fastq_files/F8_low_cov/ISC_261.2_F8lowcov_5E5_run1_R2.fastq.gz
ISC_262.1	6284x5830_rep1	ISC_262.1_F8lowcov	2B3	2022-12-03	01_unzip_raw_data/02_unzip_lowcov_F8/H32TKDSX5_3_R14689_20230126/demultiplexed/216110/216110_GGTTGCCTCTCTAATGATGG_S306_L003_R1_001.fastq.gz	01_unzip_raw_data/02_unzip_lowcov_F8/H32TKDSX5_3_R14689_20230126/demultiplexed/216110/216110_GGTTGCCTCTCTAATGATGG_S306_L003_R2_001.fastq.gz	03_rename_fastq_files/F8_low_cov/ISC_262.1_F8lowcov_2B3_run1_R1.fastq.gz	03_rename_fastq_files/F8_low_cov/ISC_262.1_F8lowcov_2B3_run1_R2.fastq.gz
ISC_262.1	6284x5830_rep1	ISC_262.1_F8lowcov	2B3	2022-12-03	01_unzip_raw_data/02_unzip_lowcov_F8/H32TKDSX5_4_R14689_20230126/demultiplexed/216110/216110_GGTTGCCTCTCTAATGATGG_S306_L004_R1_001.fastq.gz	01_unzip_raw_data/02_unzip_lowcov_F8/H32TKDSX5_4_R14689_20230126/demultiplexed/216110/216110_GGTTGCCTCTCTAATGATGG_S306_L004_R2_001.fastq.gz	03_rename_fastq_files/F8_low_cov/ISC_262.1_F8lowcov_2B3_run2_R1.fastq.gz	03_rename_fastq_files/F8_low_cov/ISC_262.1_F8lowcov_2B3_run2_R2.fastq.gz
ISC_263.2	6284x5830_rep2	ISC_263.2_F8lowcov	2G1	2022-12-03	01_unzip_raw_data/02_unzip_lowcov_F8/H32TKDSX5_3_R14689_20230126/demultiplexed/216110/216110_AGAGCACTAGTGGAACAGTA_S295_L003_R1_001.fastq.gz	01_unzip_raw_data/02_unzip_lowcov_F8/H32TKDSX5_3_R14689_20230126/demultiplexed/216110/216110_AGAGCACTAGTGGAACAGTA_S295_L003_R2_001.fastq.gz	03_rename_fastq_files/F8_low_cov/ISC_263.2_F8lowcov_2G1_run1_R1.fastq.gz	03_rename_fastq_files/F8_low_cov/ISC_263.2_F8lowcov_2G1_run1_R2.fastq.gz
ISC_263.2	6284x5830_rep2	ISC_263.2_F8lowcov	2G1	2022-12-03	01_unzip_raw_data/02_unzip_lowcov_F8/H32TKDSX5_4_R14689_20230126/demultiplexed/216110/216110_AGAGCACTAGTGGAACAGTA_S295_L004_R1_001.fastq.gz	01_unzip_raw_data/02_unzip_lowcov_F8/H32TKDSX5_4_R14689_20230126/demultiplexed/216110/216110_AGAGCACTAGTGGAACAGTA_S295_L004_R2_001.fastq.gz	03_rename_fastq_files/F8_low_cov/ISC_263.2_F8lowcov_2G1_run2_R1.fastq.gz	03_rename_fastq_files/F8_low_cov/ISC_263.2_F8lowcov_2G1_run2_R2.fastq.gz
ISC_264.1	6413x8351_rep1	ISC_264.1_F8lowcov	5E6	2023-01-19	01_unzip_raw_data/02_unzip_lowcov_F8/HMN2MDRX2_0_R14837_20230130/demultiplexed/219242/219242_ATAGGTCTTAGTCACCACAG_S45_R1_001.fastq.gz	01_unzip_raw_data/02_unzip_lowcov_F8/HMN2MDRX2_0_R14837_20230130/demultiplexed/219242/219242_ATAGGTCTTAGTCACCACAG_S45_R2_001.fastq.gz	03_rename_fastq_files/F8_low_cov/ISC_264.1_F8lowcov_5E6_run1_R1.fastq.gz	03_rename_fastq_files/F8_low_cov/ISC_264.1_F8lowcov_5E6_run1_R2.fastq.gz
ISC_265.2	6413x8351_rep2	ISC_265.2_F8lowcov	4B1	2022-12-03	01_unzip_raw_data/02_unzip_lowcov_F8/H32TKDSX5_3_R14689_20230126/demultiplexed/216111/216111_CACTCAATTCTTAAGTTGTG_S194_L003_R1_001.fastq.gz	01_unzip_raw_data/02_unzip_lowcov_F8/H32TKDSX5_3_R14689_20230126/demultiplexed/216111/216111_CACTCAATTCTTAAGTTGTG_S194_L003_R2_001.fastq.gz	03_rename_fastq_files/F8_low_cov/ISC_265.2_F8lowcov_4B1_run1_R1.fastq.gz	03_rename_fastq_files/F8_low_cov/ISC_265.2_F8lowcov_4B1_run1_R2.fastq.gz
ISC_265.2	6413x8351_rep2	ISC_265.2_F8lowcov	4B1	2022-12-03	01_unzip_raw_data/02_unzip_lowcov_F8/H32TKDSX5_4_R14689_20230126/demultiplexed/216111/216111_CACTCAATTCTTAAGTTGTG_S194_L004_R1_001.fastq.gz	01_unzip_raw_data/02_unzip_lowcov_F8/H32TKDSX5_4_R14689_20230126/demultiplexed/216111/216111_CACTCAATTCTTAAGTTGTG_S194_L004_R2_001.fastq.gz	03_rename_fastq_files/F8_low_cov/ISC_265.2_F8lowcov_4B1_run2_R1.fastq.gz	03_rename_fastq_files/F8_low_cov/ISC_265.2_F8lowcov_4B1_run2_R2.fastq.gz
ISC_266.1	6913x6149_rep1	ISC_266.1_F8lowcov	3H4	2022-12-03	01_unzip_raw_data/02_unzip_lowcov_F8/H32TKDSX5_3_R14689_20230126/demultiplexed/216112/216112_ACTCTATTGTATCGCATATG_S128_L003_R1_001.fastq.gz	01_unzip_raw_data/02_unzip_lowcov_F8/H32TKDSX5_3_R14689_20230126/demultiplexed/216112/216112_ACTCTATTGTATCGCATATG_S128_L003_R2_001.fastq.gz	03_rename_fastq_files/F8_low_cov/ISC_266.1_F8lowcov_3H4_run1_R1.fastq.gz	03_rename_fastq_files/F8_low_cov/ISC_266.1_F8lowcov_3H4_run1_R2.fastq.gz
ISC_266.1	6913x6149_rep1	ISC_266.1_F8lowcov	3H4	2022-12-03	01_unzip_raw_data/02_unzip_lowcov_F8/H32TKDSX5_4_R14689_20230126/demultiplexed/216112/216112_ACTCTATTGTATCGCATATG_S128_L004_R1_001.fastq.gz	01_unzip_raw_data/02_unzip_lowcov_F8/H32TKDSX5_4_R14689_20230126/demultiplexed/216112/216112_ACTCTATTGTATCGCATATG_S128_L004_R2_001.fastq.gz	03_rename_fastq_files/F8_low_cov/ISC_266.1_F8lowcov_3H4_run2_R1.fastq.gz	03_rename_fastq_files/F8_low_cov/ISC_266.1_F8lowcov_3H4_run2_R2.fastq.gz
ISC_267.2	6913x6149_rep2	ISC_267.2_F8lowcov	2C5	2022-12-03	01_unzip_raw_data/02_unzip_lowcov_F8/H32TKDSX5_3_R14689_20230126/demultiplexed/216110/216110_GCGAGTTACCAAGTTGGTGA_S323_L003_R1_001.fastq.gz	01_unzip_raw_data/02_unzip_lowcov_F8/H32TKDSX5_3_R14689_20230126/demultiplexed/216110/216110_GCGAGTTACCAAGTTGGTGA_S323_L003_R2_001.fastq.gz	03_rename_fastq_files/F8_low_cov/ISC_267.2_F8lowcov_2C5_run1_R1.fastq.gz	03_rename_fastq_files/F8_low_cov/ISC_267.2_F8lowcov_2C5_run1_R2.fastq.gz
ISC_267.2	6913x6149_rep2	ISC_267.2_F8lowcov	2C5	2022-12-03	01_unzip_raw_data/02_unzip_lowcov_F8/H32TKDSX5_4_R14689_20230126/demultiplexed/216110/216110_GCGAGTTACCAAGTTGGTGA_S323_L004_R1_001.fastq.gz	01_unzip_raw_data/02_unzip_lowcov_F8/H32TKDSX5_4_R14689_20230126/demultiplexed/216110/216110_GCGAGTTACCAAGTTGGTGA_S323_L004_R2_001.fastq.gz	03_rename_fastq_files/F8_low_cov/ISC_267.2_F8lowcov_2C5_run2_R1.fastq.gz	03_rename_fastq_files/F8_low_cov/ISC_267.2_F8lowcov_2C5_run2_R2.fastq.gz
ISC_268.1	6917x6011_rep1	ISC_268.1_F8lowcov	4H7	2022-12-03	01_unzip_raw_data/02_unzip_lowcov_F8/H32TKDSX5_3_R14689_20230126/demultiplexed/216111/216111_CACAGCGGTCATTCCTATTG_S248_L003_R1_001.fastq.gz	01_unzip_raw_data/02_unzip_lowcov_F8/H32TKDSX5_3_R14689_20230126/demultiplexed/216111/216111_CACAGCGGTCATTCCTATTG_S248_L003_R2_001.fastq.gz	03_rename_fastq_files/F8_low_cov/ISC_268.1_F8lowcov_4H7_run1_R1.fastq.gz	03_rename_fastq_files/F8_low_cov/ISC_268.1_F8lowcov_4H7_run1_R2.fastq.gz
ISC_268.1	6917x6011_rep1	ISC_268.1_F8lowcov	4H7	2022-12-03	01_unzip_raw_data/02_unzip_lowcov_F8/H32TKDSX5_4_R14689_20230126/demultiplexed/216111/216111_CACAGCGGTCATTCCTATTG_S248_L004_R1_001.fastq.gz	01_unzip_raw_data/02_unzip_lowcov_F8/H32TKDSX5_4_R14689_20230126/demultiplexed/216111/216111_CACAGCGGTCATTCCTATTG_S248_L004_R2_001.fastq.gz	03_rename_fastq_files/F8_low_cov/ISC_268.1_F8lowcov_4H7_run2_R1.fastq.gz	03_rename_fastq_files/F8_low_cov/ISC_268.1_F8lowcov_4H7_run2_R2.fastq.gz
ISC_269.2	6917x6011_rep2	ISC_269.2_F8lowcov	4G7	2022-12-03	01_unzip_raw_data/02_unzip_lowcov_F8/H32TKDSX5_3_R14689_20230126/demultiplexed/216111/216111_TTGTATCAGGACAGAGGCCA_S247_L003_R1_001.fastq.gz	01_unzip_raw_data/02_unzip_lowcov_F8/H32TKDSX5_3_R14689_20230126/demultiplexed/216111/216111_TTGTATCAGGACAGAGGCCA_S247_L003_R2_001.fastq.gz	03_rename_fastq_files/F8_low_cov/ISC_269.2_F8lowcov_4G7_run1_R1.fastq.gz	03_rename_fastq_files/F8_low_cov/ISC_269.2_F8lowcov_4G7_run1_R2.fastq.gz
ISC_269.2	6917x6011_rep2	ISC_269.2_F8lowcov	4G7	2022-12-03	01_unzip_raw_data/02_unzip_lowcov_F8/H32TKDSX5_4_R14689_20230126/demultiplexed/216111/216111_TTGTATCAGGACAGAGGCCA_S247_L004_R1_001.fastq.gz	01_unzip_raw_data/02_unzip_lowcov_F8/H32TKDSX5_4_R14689_20230126/demultiplexed/216111/216111_TTGTATCAGGACAGAGGCCA_S247_L004_R2_001.fastq.gz	03_rename_fastq_files/F8_low_cov/ISC_269.2_F8lowcov_4G7_run2_R1.fastq.gz	03_rename_fastq_files/F8_low_cov/ISC_269.2_F8lowcov_4G7_run2_R2.fastq.gz
ISC_270.1	6918x9323_rep1	ISC_270.1_F8lowcov	4H9	2022-12-03	01_unzip_raw_data/02_unzip_lowcov_F8/H32TKDSX5_3_R14689_20230126/demultiplexed/216111/216111_TATGACAATCTTGCTTGTAT_S264_L003_R1_001.fastq.gz	01_unzip_raw_data/02_unzip_lowcov_F8/H32TKDSX5_3_R14689_20230126/demultiplexed/216111/216111_TATGACAATCTTGCTTGTAT_S264_L003_R2_001.fastq.gz	03_rename_fastq_files/F8_low_cov/ISC_270.1_F8lowcov_4H9_run1_R1.fastq.gz	03_rename_fastq_files/F8_low_cov/ISC_270.1_F8lowcov_4H9_run1_R2.fastq.gz
ISC_270.1	6918x9323_rep1	ISC_270.1_F8lowcov	4H9	2022-12-03	01_unzip_raw_data/02_unzip_lowcov_F8/H32TKDSX5_4_R14689_20230126/demultiplexed/216111/216111_TATGACAATCTTGCTTGTAT_S264_L004_R1_001.fastq.gz	01_unzip_raw_data/02_unzip_lowcov_F8/H32TKDSX5_4_R14689_20230126/demultiplexed/216111/216111_TATGACAATCTTGCTTGTAT_S264_L004_R2_001.fastq.gz	03_rename_fastq_files/F8_low_cov/ISC_270.1_F8lowcov_4H9_run2_R1.fastq.gz	03_rename_fastq_files/F8_low_cov/ISC_270.1_F8lowcov_4H9_run2_R2.fastq.gz
ISC_271.2	6918x9323_rep2	ISC_271.2_F8lowcov	2G10	2022-12-03	01_unzip_raw_data/02_unzip_lowcov_F8/H32TKDSX5_3_R14689_20230126/demultiplexed/216110/216110_TCCTGACCGTCGGCCTCGTT_S367_L003_R1_001.fastq.gz	01_unzip_raw_data/02_unzip_lowcov_F8/H32TKDSX5_3_R14689_20230126/demultiplexed/216110/216110_TCCTGACCGTCGGCCTCGTT_S367_L003_R2_001.fastq.gz	03_rename_fastq_files/F8_low_cov/ISC_271.2_F8lowcov_2G10_run1_R1.fastq.gz	03_rename_fastq_files/F8_low_cov/ISC_271.2_F8lowcov_2G10_run1_R2.fastq.gz
ISC_271.2	6918x9323_rep2	ISC_271.2_F8lowcov	2G10	2022-12-03	01_unzip_raw_data/02_unzip_lowcov_F8/H32TKDSX5_4_R14689_20230126/demultiplexed/216110/216110_TCCTGACCGTCGGCCTCGTT_S367_L004_R1_001.fastq.gz	01_unzip_raw_data/02_unzip_lowcov_F8/H32TKDSX5_4_R14689_20230126/demultiplexed/216110/216110_TCCTGACCGTCGGCCTCGTT_S367_L004_R2_001.fastq.gz	03_rename_fastq_files/F8_low_cov/ISC_271.2_F8lowcov_2G10_run2_R1.fastq.gz	03_rename_fastq_files/F8_low_cov/ISC_271.2_F8lowcov_2G10_run2_R2.fastq.gz
ISC_272.1	6965x9412_rep1	ISC_272.1_F8lowcov	4F8	2022-12-03	01_unzip_raw_data/02_unzip_lowcov_F8/H32TKDSX5_3_R14689_20230126/demultiplexed/216111/216111_CGATGCGGTTCCTGCTTGGT_S254_L003_R1_001.fastq.gz	01_unzip_raw_data/02_unzip_lowcov_F8/H32TKDSX5_3_R14689_20230126/demultiplexed/216111/216111_CGATGCGGTTCCTGCTTGGT_S254_L003_R2_001.fastq.gz	03_rename_fastq_files/F8_low_cov/ISC_272.1_F8lowcov_4F8_run1_R1.fastq.gz	03_rename_fastq_files/F8_low_cov/ISC_272.1_F8lowcov_4F8_run1_R2.fastq.gz
ISC_272.1	6965x9412_rep1	ISC_272.1_F8lowcov	4F8	2022-12-03	01_unzip_raw_data/02_unzip_lowcov_F8/H32TKDSX5_4_R14689_20230126/demultiplexed/216111/216111_CGATGCGGTTCCTGCTTGGT_S254_L004_R1_001.fastq.gz	01_unzip_raw_data/02_unzip_lowcov_F8/H32TKDSX5_4_R14689_20230126/demultiplexed/216111/216111_CGATGCGGTTCCTGCTTGGT_S254_L004_R2_001.fastq.gz	03_rename_fastq_files/F8_low_cov/ISC_272.1_F8lowcov_4F8_run2_R1.fastq.gz	03_rename_fastq_files/F8_low_cov/ISC_272.1_F8lowcov_4F8_run2_R2.fastq.gz
ISC_273.2	6965x9412_rep2	ISC_273.2_F8lowcov	2D10	2022-12-03	01_unzip_raw_data/02_unzip_lowcov_F8/H32TKDSX5_3_R14689_20230126/demultiplexed/216110/216110_GTAGAGTCAGACGGCCGTCA_S364_L003_R1_001.fastq.gz	01_unzip_raw_data/02_unzip_lowcov_F8/H32TKDSX5_3_R14689_20230126/demultiplexed/216110/216110_GTAGAGTCAGACGGCCGTCA_S364_L003_R2_001.fastq.gz	03_rename_fastq_files/F8_low_cov/ISC_273.2_F8lowcov_2D10_run1_R1.fastq.gz	03_rename_fastq_files/F8_low_cov/ISC_273.2_F8lowcov_2D10_run1_R2.fastq.gz
ISC_273.2	6965x9412_rep2	ISC_273.2_F8lowcov	2D10	2022-12-03	01_unzip_raw_data/02_unzip_lowcov_F8/H32TKDSX5_4_R14689_20230126/demultiplexed/216110/216110_GTAGAGTCAGACGGCCGTCA_S364_L004_R1_001.fastq.gz	01_unzip_raw_data/02_unzip_lowcov_F8/H32TKDSX5_4_R14689_20230126/demultiplexed/216110/216110_GTAGAGTCAGACGGCCGTCA_S364_L004_R2_001.fastq.gz	03_rename_fastq_files/F8_low_cov/ISC_273.2_F8lowcov_2D10_run2_R1.fastq.gz	03_rename_fastq_files/F8_low_cov/ISC_273.2_F8lowcov_2D10_run2_R2.fastq.gz
ISC_274.1	6974x6102_rep1	ISC_274.1_F8lowcov	4B11	2022-12-03	01_unzip_raw_data/02_unzip_lowcov_F8/H32TKDSX5_3_R14689_20230126/demultiplexed/216111/216111_GATCGTCGCGCTGGATATGT_S274_L003_R1_001.fastq.gz	01_unzip_raw_data/02_unzip_lowcov_F8/H32TKDSX5_3_R14689_20230126/demultiplexed/216111/216111_GATCGTCGCGCTGGATATGT_S274_L003_R2_001.fastq.gz	03_rename_fastq_files/F8_low_cov/ISC_274.1_F8lowcov_4B11_run1_R1.fastq.gz	03_rename_fastq_files/F8_low_cov/ISC_274.1_F8lowcov_4B11_run1_R2.fastq.gz
ISC_274.1	6974x6102_rep1	ISC_274.1_F8lowcov	4B11	2022-12-03	01_unzip_raw_data/02_unzip_lowcov_F8/H32TKDSX5_4_R14689_20230126/demultiplexed/216111/216111_GATCGTCGCGCTGGATATGT_S274_L004_R1_001.fastq.gz	01_unzip_raw_data/02_unzip_lowcov_F8/H32TKDSX5_4_R14689_20230126/demultiplexed/216111/216111_GATCGTCGCGCTGGATATGT_S274_L004_R2_001.fastq.gz	03_rename_fastq_files/F8_low_cov/ISC_274.1_F8lowcov_4B11_run2_R1.fastq.gz	03_rename_fastq_files/F8_low_cov/ISC_274.1_F8lowcov_4B11_run2_R2.fastq.gz
ISC_275.2	6974x6102_rep2	ISC_275.2_F8lowcov	3B10	2022-12-03	01_unzip_raw_data/02_unzip_lowcov_F8/H32TKDSX5_3_R14689_20230126/demultiplexed/216112/216112_CTGTTATATCGTATAGCTGT_S170_L003_R1_001.fastq.gz	01_unzip_raw_data/02_unzip_lowcov_F8/H32TKDSX5_3_R14689_20230126/demultiplexed/216112/216112_CTGTTATATCGTATAGCTGT_S170_L003_R2_001.fastq.gz	03_rename_fastq_files/F8_low_cov/ISC_275.2_F8lowcov_3B10_run1_R1.fastq.gz	03_rename_fastq_files/F8_low_cov/ISC_275.2_F8lowcov_3B10_run1_R2.fastq.gz
ISC_275.2	6974x6102_rep2	ISC_275.2_F8lowcov	3B10	2022-12-03	01_unzip_raw_data/02_unzip_lowcov_F8/H32TKDSX5_4_R14689_20230126/demultiplexed/216112/216112_CTGTTATATCGTATAGCTGT_S170_L004_R1_001.fastq.gz	01_unzip_raw_data/02_unzip_lowcov_F8/H32TKDSX5_4_R14689_20230126/demultiplexed/216112/216112_CTGTTATATCGTATAGCTGT_S170_L004_R2_001.fastq.gz	03_rename_fastq_files/F8_low_cov/ISC_275.2_F8lowcov_3B10_run2_R1.fastq.gz	03_rename_fastq_files/F8_low_cov/ISC_275.2_F8lowcov_3B10_run2_R2.fastq.gz
ISC_276.1	6974x6198_rep1	ISC_276.1_F8lowcov	3H9	2022-12-03	01_unzip_raw_data/02_unzip_lowcov_F8/H32TKDSX5_3_R14689_20230126/demultiplexed/216112/216112_TCTTGTCGGCCCACCTGTGT_S168_L003_R1_001.fastq.gz	01_unzip_raw_data/02_unzip_lowcov_F8/H32TKDSX5_3_R14689_20230126/demultiplexed/216112/216112_TCTTGTCGGCCCACCTGTGT_S168_L003_R2_001.fastq.gz	03_rename_fastq_files/F8_low_cov/ISC_276.1_F8lowcov_3H9_run1_R1.fastq.gz	03_rename_fastq_files/F8_low_cov/ISC_276.1_F8lowcov_3H9_run1_R2.fastq.gz
ISC_276.1	6974x6198_rep1	ISC_276.1_F8lowcov	3H9	2022-12-03	01_unzip_raw_data/02_unzip_lowcov_F8/H32TKDSX5_4_R14689_20230126/demultiplexed/216112/216112_TCTTGTCGGCCCACCTGTGT_S168_L004_R1_001.fastq.gz	01_unzip_raw_data/02_unzip_lowcov_F8/H32TKDSX5_4_R14689_20230126/demultiplexed/216112/216112_TCTTGTCGGCCCACCTGTGT_S168_L004_R2_001.fastq.gz	03_rename_fastq_files/F8_low_cov/ISC_276.1_F8lowcov_3H9_run2_R1.fastq.gz	03_rename_fastq_files/F8_low_cov/ISC_276.1_F8lowcov_3H9_run2_R2.fastq.gz
ISC_277.2	6974x6198_rep2	ISC_277.2_F8lowcov	1C10	2022-12-03	01_unzip_raw_data/02_unzip_lowcov_F8/H32TKDSX5_3_R14689_20230126/demultiplexed/216113/216113_TGTCTGGCCTAGAAGCCAAT_S75_L003_R1_001.fastq.gz	01_unzip_raw_data/02_unzip_lowcov_F8/H32TKDSX5_3_R14689_20230126/demultiplexed/216113/216113_TGTCTGGCCTAGAAGCCAAT_S75_L003_R2_001.fastq.gz	03_rename_fastq_files/F8_low_cov/ISC_277.2_F8lowcov_1C10_run1_R1.fastq.gz	03_rename_fastq_files/F8_low_cov/ISC_277.2_F8lowcov_1C10_run1_R2.fastq.gz
ISC_277.2	6974x6198_rep2	ISC_277.2_F8lowcov	1C10	2022-12-03	01_unzip_raw_data/02_unzip_lowcov_F8/H32TKDSX5_4_R14689_20230126/demultiplexed/216113/216113_TGTCTGGCCTAGAAGCCAAT_S75_L004_R1_001.fastq.gz	01_unzip_raw_data/02_unzip_lowcov_F8/H32TKDSX5_4_R14689_20230126/demultiplexed/216113/216113_TGTCTGGCCTAGAAGCCAAT_S75_L004_R2_001.fastq.gz	03_rename_fastq_files/F8_low_cov/ISC_277.2_F8lowcov_1C10_run2_R1.fastq.gz	03_rename_fastq_files/F8_low_cov/ISC_277.2_F8lowcov_1C10_run2_R2.fastq.gz
ISC_278.1	7517x6284_rep1	ISC_278.1_F8lowcov	3D3	2022-12-03	01_unzip_raw_data/02_unzip_lowcov_F8/H32TKDSX5_3_R14689_20230126/demultiplexed/216112/216112_CTTACCGCACTAAGACCTAT_S116_L003_R1_001.fastq.gz	01_unzip_raw_data/02_unzip_lowcov_F8/H32TKDSX5_3_R14689_20230126/demultiplexed/216112/216112_CTTACCGCACTAAGACCTAT_S116_L003_R2_001.fastq.gz	03_rename_fastq_files/F8_low_cov/ISC_278.1_F8lowcov_3D3_run1_R1.fastq.gz	03_rename_fastq_files/F8_low_cov/ISC_278.1_F8lowcov_3D3_run1_R2.fastq.gz
ISC_278.1	7517x6284_rep1	ISC_278.1_F8lowcov	3D3	2022-12-03	01_unzip_raw_data/02_unzip_lowcov_F8/H32TKDSX5_4_R14689_20230126/demultiplexed/216112/216112_CTTACCGCACTAAGACCTAT_S116_L004_R1_001.fastq.gz	01_unzip_raw_data/02_unzip_lowcov_F8/H32TKDSX5_4_R14689_20230126/demultiplexed/216112/216112_CTTACCGCACTAAGACCTAT_S116_L004_R2_001.fastq.gz	03_rename_fastq_files/F8_low_cov/ISC_278.1_F8lowcov_3D3_run2_R1.fastq.gz	03_rename_fastq_files/F8_low_cov/ISC_278.1_F8lowcov_3D3_run2_R2.fastq.gz
ISC_279.2	7517x6284_rep2	ISC_279.2_F8lowcov	3C3	2022-12-03	01_unzip_raw_data/02_unzip_lowcov_F8/H32TKDSX5_3_R14689_20230126/demultiplexed/216112/216112_CCACCGGAGTGCCTGCCATG_S115_L003_R1_001.fastq.gz	01_unzip_raw_data/02_unzip_lowcov_F8/H32TKDSX5_3_R14689_20230126/demultiplexed/216112/216112_CCACCGGAGTGCCTGCCATG_S115_L003_R2_001.fastq.gz	03_rename_fastq_files/F8_low_cov/ISC_279.2_F8lowcov_3C3_run1_R1.fastq.gz	03_rename_fastq_files/F8_low_cov/ISC_279.2_F8lowcov_3C3_run1_R2.fastq.gz
ISC_279.2	7517x6284_rep2	ISC_279.2_F8lowcov	3C3	2022-12-03	01_unzip_raw_data/02_unzip_lowcov_F8/H32TKDSX5_4_R14689_20230126/demultiplexed/216112/216112_CCACCGGAGTGCCTGCCATG_S115_L004_R1_001.fastq.gz	01_unzip_raw_data/02_unzip_lowcov_F8/H32TKDSX5_4_R14689_20230126/demultiplexed/216112/216112_CCACCGGAGTGCCTGCCATG_S115_L004_R2_001.fastq.gz	03_rename_fastq_files/F8_low_cov/ISC_279.2_F8lowcov_3C3_run2_R1.fastq.gz	03_rename_fastq_files/F8_low_cov/ISC_279.2_F8lowcov_3C3_run2_R2.fastq.gz
ISC_280.1	7519x6111_rep1	ISC_280.1_F8lowcov	4F4	2022-12-03	01_unzip_raw_data/02_unzip_lowcov_F8/H32TKDSX5_3_R14689_20230126/demultiplexed/216111/216111_AGGAGGTATCCCAGTTGGCA_S222_L003_R1_001.fastq.gz	01_unzip_raw_data/02_unzip_lowcov_F8/H32TKDSX5_3_R14689_20230126/demultiplexed/216111/216111_AGGAGGTATCCCAGTTGGCA_S222_L003_R2_001.fastq.gz	03_rename_fastq_files/F8_low_cov/ISC_280.1_F8lowcov_4F4_run1_R1.fastq.gz	03_rename_fastq_files/F8_low_cov/ISC_280.1_F8lowcov_4F4_run1_R2.fastq.gz
ISC_280.1	7519x6111_rep1	ISC_280.1_F8lowcov	4F4	2022-12-03	01_unzip_raw_data/02_unzip_lowcov_F8/H32TKDSX5_4_R14689_20230126/demultiplexed/216111/216111_AGGAGGTATCCCAGTTGGCA_S222_L004_R1_001.fastq.gz	01_unzip_raw_data/02_unzip_lowcov_F8/H32TKDSX5_4_R14689_20230126/demultiplexed/216111/216111_AGGAGGTATCCCAGTTGGCA_S222_L004_R2_001.fastq.gz	03_rename_fastq_files/F8_low_cov/ISC_280.1_F8lowcov_4F4_run2_R1.fastq.gz	03_rename_fastq_files/F8_low_cov/ISC_280.1_F8lowcov_4F4_run2_R2.fastq.gz
ISC_281.2	7519x6111_rep2	ISC_281.2_F8lowcov	1H9	2022-12-03	01_unzip_raw_data/02_unzip_lowcov_F8/H32TKDSX5_3_R14689_20230126/demultiplexed/216113/216113_CGACAAGGATAAGGCCACCT_S72_L003_R1_001.fastq.gz	01_unzip_raw_data/02_unzip_lowcov_F8/H32TKDSX5_3_R14689_20230126/demultiplexed/216113/216113_CGACAAGGATAAGGCCACCT_S72_L003_R2_001.fastq.gz	03_rename_fastq_files/F8_low_cov/ISC_281.2_F8lowcov_1H9_run1_R1.fastq.gz	03_rename_fastq_files/F8_low_cov/ISC_281.2_F8lowcov_1H9_run1_R2.fastq.gz
ISC_281.2	7519x6111_rep2	ISC_281.2_F8lowcov	1H9	2022-12-03	01_unzip_raw_data/02_unzip_lowcov_F8/H32TKDSX5_4_R14689_20230126/demultiplexed/216113/216113_CGACAAGGATAAGGCCACCT_S72_L004_R1_001.fastq.gz	01_unzip_raw_data/02_unzip_lowcov_F8/H32TKDSX5_4_R14689_20230126/demultiplexed/216113/216113_CGACAAGGATAAGGCCACCT_S72_L004_R2_001.fastq.gz	03_rename_fastq_files/F8_low_cov/ISC_281.2_F8lowcov_1H9_run2_R1.fastq.gz	03_rename_fastq_files/F8_low_cov/ISC_281.2_F8lowcov_1H9_run2_R2.fastq.gz
ISC_282.1	8222x6243_rep1	ISC_282.1_F8lowcov	1D9	2022-12-03	01_unzip_raw_data/02_unzip_lowcov_F8/H32TKDSX5_3_R14689_20230126/demultiplexed/216113/216113_GATAGCCTTGTACCACAATG_S68_L003_R1_001.fastq.gz	01_unzip_raw_data/02_unzip_lowcov_F8/H32TKDSX5_3_R14689_20230126/demultiplexed/216113/216113_GATAGCCTTGTACCACAATG_S68_L003_R2_001.fastq.gz	03_rename_fastq_files/F8_low_cov/ISC_282.1_F8lowcov_1D9_run1_R1.fastq.gz	03_rename_fastq_files/F8_low_cov/ISC_282.1_F8lowcov_1D9_run1_R2.fastq.gz
ISC_282.1	8222x6243_rep1	ISC_282.1_F8lowcov	1D9	2022-12-03	01_unzip_raw_data/02_unzip_lowcov_F8/H32TKDSX5_4_R14689_20230126/demultiplexed/216113/216113_GATAGCCTTGTACCACAATG_S68_L004_R1_001.fastq.gz	01_unzip_raw_data/02_unzip_lowcov_F8/H32TKDSX5_4_R14689_20230126/demultiplexed/216113/216113_GATAGCCTTGTACCACAATG_S68_L004_R2_001.fastq.gz	03_rename_fastq_files/F8_low_cov/ISC_282.1_F8lowcov_1D9_run2_R1.fastq.gz	03_rename_fastq_files/F8_low_cov/ISC_282.1_F8lowcov_1D9_run2_R2.fastq.gz
ISC_283.2	8222x6243_rep2	ISC_283.2_F8lowcov	1D3	2022-12-03	01_unzip_raw_data/02_unzip_lowcov_F8/H32TKDSX5_3_R14689_20230126/demultiplexed/216113/216113_TTCAAGTATGGATGGTATCG_S20_L003_R1_001.fastq.gz	01_unzip_raw_data/02_unzip_lowcov_F8/H32TKDSX5_3_R14689_20230126/demultiplexed/216113/216113_TTCAAGTATGGATGGTATCG_S20_L003_R2_001.fastq.gz	03_rename_fastq_files/F8_low_cov/ISC_283.2_F8lowcov_1D3_run1_R1.fastq.gz	03_rename_fastq_files/F8_low_cov/ISC_283.2_F8lowcov_1D3_run1_R2.fastq.gz
ISC_283.2	8222x6243_rep2	ISC_283.2_F8lowcov	1D3	2022-12-03	01_unzip_raw_data/02_unzip_lowcov_F8/H32TKDSX5_4_R14689_20230126/demultiplexed/216113/216113_TTCAAGTATGGATGGTATCG_S20_L004_R1_001.fastq.gz	01_unzip_raw_data/02_unzip_lowcov_F8/H32TKDSX5_4_R14689_20230126/demultiplexed/216113/216113_TTCAAGTATGGATGGTATCG_S20_L004_R2_001.fastq.gz	03_rename_fastq_files/F8_low_cov/ISC_283.2_F8lowcov_1D3_run2_R1.fastq.gz	03_rename_fastq_files/F8_low_cov/ISC_283.2_F8lowcov_1D3_run2_R2.fastq.gz
ISC_284.1	8227x6216_rep1	ISC_284.1_F8lowcov	5H4	2023-01-19	01_unzip_raw_data/02_unzip_lowcov_F8/HMN2MDRX2_0_R14837_20230130/demultiplexed/219242/219242_ACTCTATTGTATCGCATATG_S32_R1_001.fastq.gz	01_unzip_raw_data/02_unzip_lowcov_F8/HMN2MDRX2_0_R14837_20230130/demultiplexed/219242/219242_ACTCTATTGTATCGCATATG_S32_R2_001.fastq.gz	03_rename_fastq_files/F8_low_cov/ISC_284.1_F8lowcov_5H4_run1_R1.fastq.gz	03_rename_fastq_files/F8_low_cov/ISC_284.1_F8lowcov_5H4_run1_R2.fastq.gz
ISC_285.2	8227x6216_rep2	ISC_285.2_F8lowcov	5F3	2023-01-19	01_unzip_raw_data/02_unzip_lowcov_F8/HMN2MDRX2_0_R14837_20230130/demultiplexed/219242/219242_TTATACGCGAGCCGTCTGTT_S22_R1_001.fastq.gz	01_unzip_raw_data/02_unzip_lowcov_F8/HMN2MDRX2_0_R14837_20230130/demultiplexed/219242/219242_TTATACGCGAGCCGTCTGTT_S22_R2_001.fastq.gz	03_rename_fastq_files/F8_low_cov/ISC_285.2_F8lowcov_5F3_run1_R1.fastq.gz	03_rename_fastq_files/F8_low_cov/ISC_285.2_F8lowcov_5F3_run1_R2.fastq.gz
ISC_286.1	8230x6195_rep1	ISC_286.1_F8lowcov	1A2	2022-12-03	01_unzip_raw_data/02_unzip_lowcov_F8/H32TKDSX5_3_R14689_20230126/demultiplexed/216113/216113_GAAGACTAGAACTAGAACTT_S9_L003_R1_001.fastq.gz	01_unzip_raw_data/02_unzip_lowcov_F8/H32TKDSX5_3_R14689_20230126/demultiplexed/216113/216113_GAAGACTAGAACTAGAACTT_S9_L003_R2_001.fastq.gz	03_rename_fastq_files/F8_low_cov/ISC_286.1_F8lowcov_1A2_run1_R1.fastq.gz	03_rename_fastq_files/F8_low_cov/ISC_286.1_F8lowcov_1A2_run1_R2.fastq.gz
ISC_286.1	8230x6195_rep1	ISC_286.1_F8lowcov	1A2	2022-12-03	01_unzip_raw_data/02_unzip_lowcov_F8/H32TKDSX5_4_R14689_20230126/demultiplexed/216113/216113_GAAGACTAGAACTAGAACTT_S9_L004_R1_001.fastq.gz	01_unzip_raw_data/02_unzip_lowcov_F8/H32TKDSX5_4_R14689_20230126/demultiplexed/216113/216113_GAAGACTAGAACTAGAACTT_S9_L004_R2_001.fastq.gz	03_rename_fastq_files/F8_low_cov/ISC_286.1_F8lowcov_1A2_run2_R1.fastq.gz	03_rename_fastq_files/F8_low_cov/ISC_286.1_F8lowcov_1A2_run2_R2.fastq.gz
ISC_287.2	8230x6195_rep2	ISC_287.2_F8lowcov	1F2	2022-12-03	01_unzip_raw_data/02_unzip_lowcov_F8/H32TKDSX5_3_R14689_20230126/demultiplexed/216113/216113_ATTGAGGTCCCGGATTATAT_S14_L003_R1_001.fastq.gz	01_unzip_raw_data/02_unzip_lowcov_F8/H32TKDSX5_3_R14689_20230126/demultiplexed/216113/216113_ATTGAGGTCCCGGATTATAT_S14_L003_R2_001.fastq.gz	03_rename_fastq_files/F8_low_cov/ISC_287.2_F8lowcov_1F2_run1_R1.fastq.gz	03_rename_fastq_files/F8_low_cov/ISC_287.2_F8lowcov_1F2_run1_R2.fastq.gz
ISC_287.2	8230x6195_rep2	ISC_287.2_F8lowcov	1F2	2022-12-03	01_unzip_raw_data/02_unzip_lowcov_F8/H32TKDSX5_4_R14689_20230126/demultiplexed/216113/216113_ATTGAGGTCCCGGATTATAT_S14_L004_R1_001.fastq.gz	01_unzip_raw_data/02_unzip_lowcov_F8/H32TKDSX5_4_R14689_20230126/demultiplexed/216113/216113_ATTGAGGTCCCGGATTATAT_S14_L004_R2_001.fastq.gz	03_rename_fastq_files/F8_low_cov/ISC_287.2_F8lowcov_1F2_run2_R1.fastq.gz	03_rename_fastq_files/F8_low_cov/ISC_287.2_F8lowcov_1F2_run2_R2.fastq.gz
ISC_288.1	8231x8386_rep1	ISC_288.1_F8lowcov	1G2	2022-12-03	01_unzip_raw_data/02_unzip_lowcov_F8/H32TKDSX5_3_R14689_20230126/demultiplexed/216113/216113_GGAGAGACTCTTGAAGCAGA_S15_L003_R1_001.fastq.gz	01_unzip_raw_data/02_unzip_lowcov_F8/H32TKDSX5_3_R14689_20230126/demultiplexed/216113/216113_GGAGAGACTCTTGAAGCAGA_S15_L003_R2_001.fastq.gz	03_rename_fastq_files/F8_low_cov/ISC_288.1_F8lowcov_1G2_run1_R1.fastq.gz	03_rename_fastq_files/F8_low_cov/ISC_288.1_F8lowcov_1G2_run1_R2.fastq.gz
ISC_288.1	8231x8386_rep1	ISC_288.1_F8lowcov	1G2	2022-12-03	01_unzip_raw_data/02_unzip_lowcov_F8/H32TKDSX5_4_R14689_20230126/demultiplexed/216113/216113_GGAGAGACTCTTGAAGCAGA_S15_L004_R1_001.fastq.gz	01_unzip_raw_data/02_unzip_lowcov_F8/H32TKDSX5_4_R14689_20230126/demultiplexed/216113/216113_GGAGAGACTCTTGAAGCAGA_S15_L004_R2_001.fastq.gz	03_rename_fastq_files/F8_low_cov/ISC_288.1_F8lowcov_1G2_run2_R1.fastq.gz	03_rename_fastq_files/F8_low_cov/ISC_288.1_F8lowcov_1G2_run2_R2.fastq.gz
ISC_289.2	8231x8386_rep2	ISC_289.2_F8lowcov	1E11	2022-12-03	01_unzip_raw_data/02_unzip_lowcov_F8/H32TKDSX5_3_R14689_20230126/demultiplexed/216113/216113_GTTGCGTTCAGTTGCAGTTG_S85_L003_R1_001.fastq.gz	01_unzip_raw_data/02_unzip_lowcov_F8/H32TKDSX5_3_R14689_20230126/demultiplexed/216113/216113_GTTGCGTTCAGTTGCAGTTG_S85_L003_R2_001.fastq.gz	03_rename_fastq_files/F8_low_cov/ISC_289.2_F8lowcov_1E11_run1_R1.fastq.gz	03_rename_fastq_files/F8_low_cov/ISC_289.2_F8lowcov_1E11_run1_R2.fastq.gz
ISC_289.2	8231x8386_rep2	ISC_289.2_F8lowcov	1E11	2022-12-03	01_unzip_raw_data/02_unzip_lowcov_F8/H32TKDSX5_4_R14689_20230126/demultiplexed/216113/216113_GTTGCGTTCAGTTGCAGTTG_S85_L004_R1_001.fastq.gz	01_unzip_raw_data/02_unzip_lowcov_F8/H32TKDSX5_4_R14689_20230126/demultiplexed/216113/216113_GTTGCGTTCAGTTGCAGTTG_S85_L004_R2_001.fastq.gz	03_rename_fastq_files/F8_low_cov/ISC_289.2_F8lowcov_1E11_run2_R1.fastq.gz	03_rename_fastq_files/F8_low_cov/ISC_289.2_F8lowcov_1E11_run2_R2.fastq.gz
ISC_290.1	8237x6194_rep1	ISC_290.1_F8lowcov	2H10	2022-12-03	01_unzip_raw_data/02_unzip_lowcov_F8/H32TKDSX5_3_R14689_20230126/demultiplexed/216110/216110_CTGGCTTGCCCAAGCATCCG_S368_L003_R1_001.fastq.gz	01_unzip_raw_data/02_unzip_lowcov_F8/H32TKDSX5_3_R14689_20230126/demultiplexed/216110/216110_CTGGCTTGCCCAAGCATCCG_S368_L003_R2_001.fastq.gz	03_rename_fastq_files/F8_low_cov/ISC_290.1_F8lowcov_2H10_run1_R1.fastq.gz	03_rename_fastq_files/F8_low_cov/ISC_290.1_F8lowcov_2H10_run1_R2.fastq.gz
ISC_290.1	8237x6194_rep1	ISC_290.1_F8lowcov	2H10	2022-12-03	01_unzip_raw_data/02_unzip_lowcov_F8/H32TKDSX5_4_R14689_20230126/demultiplexed/216110/216110_CTGGCTTGCCCAAGCATCCG_S368_L004_R1_001.fastq.gz	01_unzip_raw_data/02_unzip_lowcov_F8/H32TKDSX5_4_R14689_20230126/demultiplexed/216110/216110_CTGGCTTGCCCAAGCATCCG_S368_L004_R2_001.fastq.gz	03_rename_fastq_files/F8_low_cov/ISC_290.1_F8lowcov_2H10_run2_R1.fastq.gz	03_rename_fastq_files/F8_low_cov/ISC_290.1_F8lowcov_2H10_run2_R2.fastq.gz
ISC_291.2	8237x6194_rep2	ISC_291.2_F8lowcov	3G9	2022-12-03	01_unzip_raw_data/02_unzip_lowcov_F8/H32TKDSX5_3_R14689_20230126/demultiplexed/216112/216112_CACACAGTATTTGAGCCTAA_S167_L003_R1_001.fastq.gz	01_unzip_raw_data/02_unzip_lowcov_F8/H32TKDSX5_3_R14689_20230126/demultiplexed/216112/216112_CACACAGTATTTGAGCCTAA_S167_L003_R2_001.fastq.gz	03_rename_fastq_files/F8_low_cov/ISC_291.2_F8lowcov_3G9_run1_R1.fastq.gz	03_rename_fastq_files/F8_low_cov/ISC_291.2_F8lowcov_3G9_run1_R2.fastq.gz
ISC_291.2	8237x6194_rep2	ISC_291.2_F8lowcov	3G9	2022-12-03	01_unzip_raw_data/02_unzip_lowcov_F8/H32TKDSX5_4_R14689_20230126/demultiplexed/216112/216112_CACACAGTATTTGAGCCTAA_S167_L004_R1_001.fastq.gz	01_unzip_raw_data/02_unzip_lowcov_F8/H32TKDSX5_4_R14689_20230126/demultiplexed/216112/216112_CACACAGTATTTGAGCCTAA_S167_L004_R2_001.fastq.gz	03_rename_fastq_files/F8_low_cov/ISC_291.2_F8lowcov_3G9_run2_R1.fastq.gz	03_rename_fastq_files/F8_low_cov/ISC_291.2_F8lowcov_3G9_run2_R2.fastq.gz
ISC_292.1	8240x6036_rep1	ISC_292.1_F8lowcov	1D11	2022-12-03	01_unzip_raw_data/02_unzip_lowcov_F8/H32TKDSX5_3_R14689_20230126/demultiplexed/216113/216113_AACGGTCTATCTATACGCGG_S84_L003_R1_001.fastq.gz	01_unzip_raw_data/02_unzip_lowcov_F8/H32TKDSX5_3_R14689_20230126/demultiplexed/216113/216113_AACGGTCTATCTATACGCGG_S84_L003_R2_001.fastq.gz	03_rename_fastq_files/F8_low_cov/ISC_292.1_F8lowcov_1D11_run1_R1.fastq.gz	03_rename_fastq_files/F8_low_cov/ISC_292.1_F8lowcov_1D11_run1_R2.fastq.gz
ISC_292.1	8240x6036_rep1	ISC_292.1_F8lowcov	1D11	2022-12-03	01_unzip_raw_data/02_unzip_lowcov_F8/H32TKDSX5_4_R14689_20230126/demultiplexed/216113/216113_AACGGTCTATCTATACGCGG_S84_L004_R1_001.fastq.gz	01_unzip_raw_data/02_unzip_lowcov_F8/H32TKDSX5_4_R14689_20230126/demultiplexed/216113/216113_AACGGTCTATCTATACGCGG_S84_L004_R2_001.fastq.gz	03_rename_fastq_files/F8_low_cov/ISC_292.1_F8lowcov_1D11_run2_R1.fastq.gz	03_rename_fastq_files/F8_low_cov/ISC_292.1_F8lowcov_1D11_run2_R2.fastq.gz
ISC_293.2	8240x6036_rep2	ISC_293.2_F8lowcov	1F8	2022-12-03	01_unzip_raw_data/02_unzip_lowcov_F8/H32TKDSX5_3_R14689_20230126/demultiplexed/216113/216113_GCCTAACGTGAGCTCTCAAG_S62_L003_R1_001.fastq.gz	01_unzip_raw_data/02_unzip_lowcov_F8/H32TKDSX5_3_R14689_20230126/demultiplexed/216113/216113_GCCTAACGTGAGCTCTCAAG_S62_L003_R2_001.fastq.gz	03_rename_fastq_files/F8_low_cov/ISC_293.2_F8lowcov_1F8_run1_R1.fastq.gz	03_rename_fastq_files/F8_low_cov/ISC_293.2_F8lowcov_1F8_run1_R2.fastq.gz
ISC_293.2	8240x6036_rep2	ISC_293.2_F8lowcov	1F8	2022-12-03	01_unzip_raw_data/02_unzip_lowcov_F8/H32TKDSX5_4_R14689_20230126/demultiplexed/216113/216113_GCCTAACGTGAGCTCTCAAG_S62_L004_R1_001.fastq.gz	01_unzip_raw_data/02_unzip_lowcov_F8/H32TKDSX5_4_R14689_20230126/demultiplexed/216113/216113_GCCTAACGTGAGCTCTCAAG_S62_L004_R2_001.fastq.gz	03_rename_fastq_files/F8_low_cov/ISC_293.2_F8lowcov_1F8_run2_R1.fastq.gz	03_rename_fastq_files/F8_low_cov/ISC_293.2_F8lowcov_1F8_run2_R2.fastq.gz
ISC_294.1	8241x1137_rep1	ISC_294.1_F8lowcov	1G11	2022-12-03	01_unzip_raw_data/02_unzip_lowcov_F8/H32TKDSX5_3_R14689_20230126/demultiplexed/216113/216113_TCTATTCAGTTCTCAGTACA_S87_L003_R1_001.fastq.gz	01_unzip_raw_data/02_unzip_lowcov_F8/H32TKDSX5_3_R14689_20230126/demultiplexed/216113/216113_TCTATTCAGTTCTCAGTACA_S87_L003_R2_001.fastq.gz	03_rename_fastq_files/F8_low_cov/ISC_294.1_F8lowcov_1G11_run1_R1.fastq.gz	03_rename_fastq_files/F8_low_cov/ISC_294.1_F8lowcov_1G11_run1_R2.fastq.gz
ISC_294.1	8241x1137_rep1	ISC_294.1_F8lowcov	1G11	2022-12-03	01_unzip_raw_data/02_unzip_lowcov_F8/H32TKDSX5_4_R14689_20230126/demultiplexed/216113/216113_TCTATTCAGTTCTCAGTACA_S87_L004_R1_001.fastq.gz	01_unzip_raw_data/02_unzip_lowcov_F8/H32TKDSX5_4_R14689_20230126/demultiplexed/216113/216113_TCTATTCAGTTCTCAGTACA_S87_L004_R2_001.fastq.gz	03_rename_fastq_files/F8_low_cov/ISC_294.1_F8lowcov_1G11_run2_R1.fastq.gz	03_rename_fastq_files/F8_low_cov/ISC_294.1_F8lowcov_1G11_run2_R2.fastq.gz
ISC_295.2	8241x1137_rep2	ISC_295.2_F8lowcov	1D8	2022-12-03	01_unzip_raw_data/02_unzip_lowcov_F8/H32TKDSX5_3_R14689_20230126/demultiplexed/216113/216113_AACCAGCCACGCCACAGCAC_S60_L003_R1_001.fastq.gz	01_unzip_raw_data/02_unzip_lowcov_F8/H32TKDSX5_3_R14689_20230126/demultiplexed/216113/216113_AACCAGCCACGCCACAGCAC_S60_L003_R2_001.fastq.gz	03_rename_fastq_files/F8_low_cov/ISC_295.2_F8lowcov_1D8_run1_R1.fastq.gz	03_rename_fastq_files/F8_low_cov/ISC_295.2_F8lowcov_1D8_run1_R2.fastq.gz
ISC_295.2	8241x1137_rep2	ISC_295.2_F8lowcov	1D8	2022-12-03	01_unzip_raw_data/02_unzip_lowcov_F8/H32TKDSX5_4_R14689_20230126/demultiplexed/216113/216113_AACCAGCCACGCCACAGCAC_S60_L004_R1_001.fastq.gz	01_unzip_raw_data/02_unzip_lowcov_F8/H32TKDSX5_4_R14689_20230126/demultiplexed/216113/216113_AACCAGCCACGCCACAGCAC_S60_L004_R2_001.fastq.gz	03_rename_fastq_files/F8_low_cov/ISC_295.2_F8lowcov_1D8_run2_R1.fastq.gz	03_rename_fastq_files/F8_low_cov/ISC_295.2_F8lowcov_1D8_run2_R2.fastq.gz
ISC_296.1	8242x6171_rep1	ISC_296.1_F8lowcov	3A10	2022-12-03	01_unzip_raw_data/02_unzip_lowcov_F8/H32TKDSX5_3_R14689_20230126/demultiplexed/216112/216112_TACCGCCTCGCCTCGCAACC_S169_L003_R1_001.fastq.gz	01_unzip_raw_data/02_unzip_lowcov_F8/H32TKDSX5_3_R14689_20230126/demultiplexed/216112/216112_TACCGCCTCGCCTCGCAACC_S169_L003_R2_001.fastq.gz	03_rename_fastq_files/F8_low_cov/ISC_296.1_F8lowcov_3A10_run1_R1.fastq.gz	03_rename_fastq_files/F8_low_cov/ISC_296.1_F8lowcov_3A10_run1_R2.fastq.gz
ISC_296.1	8242x6171_rep1	ISC_296.1_F8lowcov	3A10	2022-12-03	01_unzip_raw_data/02_unzip_lowcov_F8/H32TKDSX5_4_R14689_20230126/demultiplexed/216112/216112_TACCGCCTCGCCTCGCAACC_S169_L004_R1_001.fastq.gz	01_unzip_raw_data/02_unzip_lowcov_F8/H32TKDSX5_4_R14689_20230126/demultiplexed/216112/216112_TACCGCCTCGCCTCGCAACC_S169_L004_R2_001.fastq.gz	03_rename_fastq_files/F8_low_cov/ISC_296.1_F8lowcov_3A10_run2_R1.fastq.gz	03_rename_fastq_files/F8_low_cov/ISC_296.1_F8lowcov_3A10_run2_R2.fastq.gz
ISC_297.2	8242x6171_rep2	ISC_297.2_F8lowcov	5G2	2023-01-19	01_unzip_raw_data/02_unzip_lowcov_F8/HMN2MDRX2_0_R14837_20230130/demultiplexed/219242/219242_GAATATGCGGACGAGACTGA_S15_R1_001.fastq.gz	01_unzip_raw_data/02_unzip_lowcov_F8/HMN2MDRX2_0_R14837_20230130/demultiplexed/219242/219242_GAATATGCGGACGAGACTGA_S15_R2_001.fastq.gz	03_rename_fastq_files/F8_low_cov/ISC_297.2_F8lowcov_5G2_run1_R1.fastq.gz	03_rename_fastq_files/F8_low_cov/ISC_297.2_F8lowcov_5G2_run1_R2.fastq.gz
ISC_298.1	8247x6154_rep1	ISC_298.1_F8lowcov	4C11	2022-12-03	01_unzip_raw_data/02_unzip_lowcov_F8/H32TKDSX5_3_R14689_20230126/demultiplexed/216111/216111_TATCCGAGGCGGCCAATAAG_S275_L003_R1_001.fastq.gz	01_unzip_raw_data/02_unzip_lowcov_F8/H32TKDSX5_3_R14689_20230126/demultiplexed/216111/216111_TATCCGAGGCGGCCAATAAG_S275_L003_R2_001.fastq.gz	03_rename_fastq_files/F8_low_cov/ISC_298.1_F8lowcov_4C11_run1_R1.fastq.gz	03_rename_fastq_files/F8_low_cov/ISC_298.1_F8lowcov_4C11_run1_R2.fastq.gz
ISC_298.1	8247x6154_rep1	ISC_298.1_F8lowcov	4C11	2022-12-03	01_unzip_raw_data/02_unzip_lowcov_F8/H32TKDSX5_4_R14689_20230126/demultiplexed/216111/216111_TATCCGAGGCGGCCAATAAG_S275_L004_R1_001.fastq.gz	01_unzip_raw_data/02_unzip_lowcov_F8/H32TKDSX5_4_R14689_20230126/demultiplexed/216111/216111_TATCCGAGGCGGCCAATAAG_S275_L004_R2_001.fastq.gz	03_rename_fastq_files/F8_low_cov/ISC_298.1_F8lowcov_4C11_run2_R1.fastq.gz	03_rename_fastq_files/F8_low_cov/ISC_298.1_F8lowcov_4C11_run2_R2.fastq.gz
ISC_299.2	8247x6154_rep2	ISC_299.2_F8lowcov	4B4	2022-12-03	01_unzip_raw_data/02_unzip_lowcov_F8/H32TKDSX5_3_R14689_20230126/demultiplexed/216111/216111_GATATTGTGTACCACACGGT_S218_L003_R1_001.fastq.gz	01_unzip_raw_data/02_unzip_lowcov_F8/H32TKDSX5_3_R14689_20230126/demultiplexed/216111/216111_GATATTGTGTACCACACGGT_S218_L003_R2_001.fastq.gz	03_rename_fastq_files/F8_low_cov/ISC_299.2_F8lowcov_4B4_run1_R1.fastq.gz	03_rename_fastq_files/F8_low_cov/ISC_299.2_F8lowcov_4B4_run1_R2.fastq.gz
ISC_299.2	8247x6154_rep2	ISC_299.2_F8lowcov	4B4	2022-12-03	01_unzip_raw_data/02_unzip_lowcov_F8/H32TKDSX5_4_R14689_20230126/demultiplexed/216111/216111_GATATTGTGTACCACACGGT_S218_L004_R1_001.fastq.gz	01_unzip_raw_data/02_unzip_lowcov_F8/H32TKDSX5_4_R14689_20230126/demultiplexed/216111/216111_GATATTGTGTACCACACGGT_S218_L004_R2_001.fastq.gz	03_rename_fastq_files/F8_low_cov/ISC_299.2_F8lowcov_4B4_run2_R1.fastq.gz	03_rename_fastq_files/F8_low_cov/ISC_299.2_F8lowcov_4B4_run2_R2.fastq.gz
ISC_300.1	8256x8376_rep1	ISC_300.1_F8lowcov	1A4	2022-12-03	01_unzip_raw_data/02_unzip_lowcov_F8/H32TKDSX5_3_R14689_20230126/demultiplexed/216113/216113_TTAATAGCACACCACGTCTG_S25_L003_R1_001.fastq.gz	01_unzip_raw_data/02_unzip_lowcov_F8/H32TKDSX5_3_R14689_20230126/demultiplexed/216113/216113_TTAATAGCACACCACGTCTG_S25_L003_R2_001.fastq.gz	03_rename_fastq_files/F8_low_cov/ISC_300.1_F8lowcov_1A4_run1_R1.fastq.gz	03_rename_fastq_files/F8_low_cov/ISC_300.1_F8lowcov_1A4_run1_R2.fastq.gz
ISC_300.1	8256x8376_rep1	ISC_300.1_F8lowcov	1A4	2022-12-03	01_unzip_raw_data/02_unzip_lowcov_F8/H32TKDSX5_4_R14689_20230126/demultiplexed/216113/216113_TTAATAGCACACCACGTCTG_S25_L004_R1_001.fastq.gz	01_unzip_raw_data/02_unzip_lowcov_F8/H32TKDSX5_4_R14689_20230126/demultiplexed/216113/216113_TTAATAGCACACCACGTCTG_S25_L004_R2_001.fastq.gz	03_rename_fastq_files/F8_low_cov/ISC_300.1_F8lowcov_1A4_run2_R1.fastq.gz	03_rename_fastq_files/F8_low_cov/ISC_300.1_F8lowcov_1A4_run2_R2.fastq.gz
ISC_301.2	8256x8376_rep2	ISC_301.2_F8lowcov	1D7	2022-12-03	01_unzip_raw_data/02_unzip_lowcov_F8/H32TKDSX5_3_R14689_20230126/demultiplexed/216113/216113_GCAACCAGTCCACCGAGGAA_S52_L003_R1_001.fastq.gz	01_unzip_raw_data/02_unzip_lowcov_F8/H32TKDSX5_3_R14689_20230126/demultiplexed/216113/216113_GCAACCAGTCCACCGAGGAA_S52_L003_R2_001.fastq.gz	03_rename_fastq_files/F8_low_cov/ISC_301.2_F8lowcov_1D7_run1_R1.fastq.gz	03_rename_fastq_files/F8_low_cov/ISC_301.2_F8lowcov_1D7_run1_R2.fastq.gz
ISC_301.2	8256x8376_rep2	ISC_301.2_F8lowcov	1D7	2022-12-03	01_unzip_raw_data/02_unzip_lowcov_F8/H32TKDSX5_4_R14689_20230126/demultiplexed/216113/216113_GCAACCAGTCCACCGAGGAA_S52_L004_R1_001.fastq.gz	01_unzip_raw_data/02_unzip_lowcov_F8/H32TKDSX5_4_R14689_20230126/demultiplexed/216113/216113_GCAACCAGTCCACCGAGGAA_S52_L004_R2_001.fastq.gz	03_rename_fastq_files/F8_low_cov/ISC_301.2_F8lowcov_1D7_run2_R1.fastq.gz	03_rename_fastq_files/F8_low_cov/ISC_301.2_F8lowcov_1D7_run2_R2.fastq.gz
ISC_302.1	8258x6115_rep1	ISC_302.1_F8lowcov	1C11	2022-12-03	01_unzip_raw_data/02_unzip_lowcov_F8/H32TKDSX5_3_R14689_20230126/demultiplexed/216113/216113_CTGAGCCGGTCCTTCACGTA_S83_L003_R1_001.fastq.gz	01_unzip_raw_data/02_unzip_lowcov_F8/H32TKDSX5_3_R14689_20230126/demultiplexed/216113/216113_CTGAGCCGGTCCTTCACGTA_S83_L003_R2_001.fastq.gz	03_rename_fastq_files/F8_low_cov/ISC_302.1_F8lowcov_1C11_run1_R1.fastq.gz	03_rename_fastq_files/F8_low_cov/ISC_302.1_F8lowcov_1C11_run1_R2.fastq.gz
ISC_302.1	8258x6115_rep1	ISC_302.1_F8lowcov	1C11	2022-12-03	01_unzip_raw_data/02_unzip_lowcov_F8/H32TKDSX5_4_R14689_20230126/demultiplexed/216113/216113_CTGAGCCGGTCCTTCACGTA_S83_L004_R1_001.fastq.gz	01_unzip_raw_data/02_unzip_lowcov_F8/H32TKDSX5_4_R14689_20230126/demultiplexed/216113/216113_CTGAGCCGGTCCTTCACGTA_S83_L004_R2_001.fastq.gz	03_rename_fastq_files/F8_low_cov/ISC_302.1_F8lowcov_1C11_run2_R1.fastq.gz	03_rename_fastq_files/F8_low_cov/ISC_302.1_F8lowcov_1C11_run2_R2.fastq.gz
ISC_303.2	8258x6115_rep2	ISC_303.2_F8lowcov	1D4	2022-12-03	01_unzip_raw_data/02_unzip_lowcov_F8/H32TKDSX5_3_R14689_20230126/demultiplexed/216113/216113_ATTCGGTACAAGTCCGAGGA_S28_L003_R1_001.fastq.gz	01_unzip_raw_data/02_unzip_lowcov_F8/H32TKDSX5_3_R14689_20230126/demultiplexed/216113/216113_ATTCGGTACAAGTCCGAGGA_S28_L003_R2_001.fastq.gz	03_rename_fastq_files/F8_low_cov/ISC_303.2_F8lowcov_1D4_run1_R1.fastq.gz	03_rename_fastq_files/F8_low_cov/ISC_303.2_F8lowcov_1D4_run1_R2.fastq.gz
ISC_303.2	8258x6115_rep2	ISC_303.2_F8lowcov	1D4	2022-12-03	01_unzip_raw_data/02_unzip_lowcov_F8/H32TKDSX5_4_R14689_20230126/demultiplexed/216113/216113_ATTCGGTACAAGTCCGAGGA_S28_L004_R1_001.fastq.gz	01_unzip_raw_data/02_unzip_lowcov_F8/H32TKDSX5_4_R14689_20230126/demultiplexed/216113/216113_ATTCGGTACAAGTCCGAGGA_S28_L004_R2_001.fastq.gz	03_rename_fastq_files/F8_low_cov/ISC_303.2_F8lowcov_1D4_run2_R1.fastq.gz	03_rename_fastq_files/F8_low_cov/ISC_303.2_F8lowcov_1D4_run2_R2.fastq.gz
ISC_304.1	8259x6217_rep1	ISC_304.1_F8lowcov	3F9	2022-12-03	01_unzip_raw_data/02_unzip_lowcov_F8/H32TKDSX5_3_R14689_20230126/demultiplexed/216112/216112_TTAGACCATGTCCTAGGAAG_S166_L003_R1_001.fastq.gz	01_unzip_raw_data/02_unzip_lowcov_F8/H32TKDSX5_3_R14689_20230126/demultiplexed/216112/216112_TTAGACCATGTCCTAGGAAG_S166_L003_R2_001.fastq.gz	03_rename_fastq_files/F8_low_cov/ISC_304.1_F8lowcov_3F9_run1_R1.fastq.gz	03_rename_fastq_files/F8_low_cov/ISC_304.1_F8lowcov_3F9_run1_R2.fastq.gz
ISC_304.1	8259x6217_rep1	ISC_304.1_F8lowcov	3F9	2022-12-03	01_unzip_raw_data/02_unzip_lowcov_F8/H32TKDSX5_4_R14689_20230126/demultiplexed/216112/216112_TTAGACCATGTCCTAGGAAG_S166_L004_R1_001.fastq.gz	01_unzip_raw_data/02_unzip_lowcov_F8/H32TKDSX5_4_R14689_20230126/demultiplexed/216112/216112_TTAGACCATGTCCTAGGAAG_S166_L004_R2_001.fastq.gz	03_rename_fastq_files/F8_low_cov/ISC_304.1_F8lowcov_3F9_run2_R1.fastq.gz	03_rename_fastq_files/F8_low_cov/ISC_304.1_F8lowcov_3F9_run2_R2.fastq.gz
ISC_305.2	8259x6217_rep2	ISC_305.2_F8lowcov	1A12	2022-12-03	01_unzip_raw_data/02_unzip_lowcov_F8/H32TKDSX5_3_R14689_20230126/demultiplexed/216113/216113_TGAGTACAACACGCTTGGAC_S89_L003_R1_001.fastq.gz	01_unzip_raw_data/02_unzip_lowcov_F8/H32TKDSX5_3_R14689_20230126/demultiplexed/216113/216113_TGAGTACAACACGCTTGGAC_S89_L003_R2_001.fastq.gz	03_rename_fastq_files/F8_low_cov/ISC_305.2_F8lowcov_1A12_run1_R1.fastq.gz	03_rename_fastq_files/F8_low_cov/ISC_305.2_F8lowcov_1A12_run1_R2.fastq.gz
ISC_305.2	8259x6217_rep2	ISC_305.2_F8lowcov	1A12	2022-12-03	01_unzip_raw_data/02_unzip_lowcov_F8/H32TKDSX5_4_R14689_20230126/demultiplexed/216113/216113_TGAGTACAACACGCTTGGAC_S89_L004_R1_001.fastq.gz	01_unzip_raw_data/02_unzip_lowcov_F8/H32TKDSX5_4_R14689_20230126/demultiplexed/216113/216113_TGAGTACAACACGCTTGGAC_S89_L004_R2_001.fastq.gz	03_rename_fastq_files/F8_low_cov/ISC_305.2_F8lowcov_1A12_run2_R1.fastq.gz	03_rename_fastq_files/F8_low_cov/ISC_305.2_F8lowcov_1A12_run2_R2.fastq.gz
ISC_306.1	8283x9471_rep1	ISC_306.1_F8lowcov	1C4	2022-12-03	01_unzip_raw_data/02_unzip_lowcov_F8/H32TKDSX5_3_R14689_20230126/demultiplexed/216113/216113_GGCACTAAGGTCAGGTCAAC_S27_L003_R1_001.fastq.gz	01_unzip_raw_data/02_unzip_lowcov_F8/H32TKDSX5_3_R14689_20230126/demultiplexed/216113/216113_GGCACTAAGGTCAGGTCAAC_S27_L003_R2_001.fastq.gz	03_rename_fastq_files/F8_low_cov/ISC_306.1_F8lowcov_1C4_run1_R1.fastq.gz	03_rename_fastq_files/F8_low_cov/ISC_306.1_F8lowcov_1C4_run1_R2.fastq.gz
ISC_306.1	8283x9471_rep1	ISC_306.1_F8lowcov	1C4	2022-12-03	01_unzip_raw_data/02_unzip_lowcov_F8/H32TKDSX5_4_R14689_20230126/demultiplexed/216113/216113_GGCACTAAGGTCAGGTCAAC_S27_L004_R1_001.fastq.gz	01_unzip_raw_data/02_unzip_lowcov_F8/H32TKDSX5_4_R14689_20230126/demultiplexed/216113/216113_GGCACTAAGGTCAGGTCAAC_S27_L004_R2_001.fastq.gz	03_rename_fastq_files/F8_low_cov/ISC_306.1_F8lowcov_1C4_run2_R1.fastq.gz	03_rename_fastq_files/F8_low_cov/ISC_306.1_F8lowcov_1C4_run2_R2.fastq.gz
ISC_307.2	8283x9471_rep2	ISC_307.2_F8lowcov	1B4	2022-12-03	01_unzip_raw_data/02_unzip_lowcov_F8/H32TKDSX5_3_R14689_20230126/demultiplexed/216113/216113_CATTCACGCTGTTGTACTCA_S26_L003_R1_001.fastq.gz	01_unzip_raw_data/02_unzip_lowcov_F8/H32TKDSX5_3_R14689_20230126/demultiplexed/216113/216113_CATTCACGCTGTTGTACTCA_S26_L003_R2_001.fastq.gz	03_rename_fastq_files/F8_low_cov/ISC_307.2_F8lowcov_1B4_run1_R1.fastq.gz	03_rename_fastq_files/F8_low_cov/ISC_307.2_F8lowcov_1B4_run1_R2.fastq.gz
ISC_307.2	8283x9471_rep2	ISC_307.2_F8lowcov	1B4	2022-12-03	01_unzip_raw_data/02_unzip_lowcov_F8/H32TKDSX5_4_R14689_20230126/demultiplexed/216113/216113_CATTCACGCTGTTGTACTCA_S26_L004_R1_001.fastq.gz	01_unzip_raw_data/02_unzip_lowcov_F8/H32TKDSX5_4_R14689_20230126/demultiplexed/216113/216113_CATTCACGCTGTTGTACTCA_S26_L004_R2_001.fastq.gz	03_rename_fastq_files/F8_low_cov/ISC_307.2_F8lowcov_1B4_run2_R1.fastq.gz	03_rename_fastq_files/F8_low_cov/ISC_307.2_F8lowcov_1B4_run2_R2.fastq.gz
ISC_308.1	8307x9481_rep1	ISC_308.1_F8lowcov	2H4	2022-12-03	01_unzip_raw_data/02_unzip_lowcov_F8/H32TKDSX5_3_R14689_20230126/demultiplexed/216110/216110_CATACACTGTGAACATACGG_S320_L003_R1_001.fastq.gz	01_unzip_raw_data/02_unzip_lowcov_F8/H32TKDSX5_3_R14689_20230126/demultiplexed/216110/216110_CATACACTGTGAACATACGG_S320_L003_R2_001.fastq.gz	03_rename_fastq_files/F8_low_cov/ISC_308.1_F8lowcov_2H4_run1_R1.fastq.gz	03_rename_fastq_files/F8_low_cov/ISC_308.1_F8lowcov_2H4_run1_R2.fastq.gz
ISC_308.1	8307x9481_rep1	ISC_308.1_F8lowcov	2H4	2022-12-03	01_unzip_raw_data/02_unzip_lowcov_F8/H32TKDSX5_4_R14689_20230126/demultiplexed/216110/216110_CATACACTGTGAACATACGG_S320_L004_R1_001.fastq.gz	01_unzip_raw_data/02_unzip_lowcov_F8/H32TKDSX5_4_R14689_20230126/demultiplexed/216110/216110_CATACACTGTGAACATACGG_S320_L004_R2_001.fastq.gz	03_rename_fastq_files/F8_low_cov/ISC_308.1_F8lowcov_2H4_run2_R1.fastq.gz	03_rename_fastq_files/F8_low_cov/ISC_308.1_F8lowcov_2H4_run2_R2.fastq.gz
ISC_309.2	8307x9481_rep2	ISC_309.2_F8lowcov	1F11	2022-12-03	01_unzip_raw_data/02_unzip_lowcov_F8/H32TKDSX5_3_R14689_20230126/demultiplexed/216113/216113_CTTCAACCACTTATGCGCCT_S86_L003_R1_001.fastq.gz	01_unzip_raw_data/02_unzip_lowcov_F8/H32TKDSX5_3_R14689_20230126/demultiplexed/216113/216113_CTTCAACCACTTATGCGCCT_S86_L003_R2_001.fastq.gz	03_rename_fastq_files/F8_low_cov/ISC_309.2_F8lowcov_1F11_run1_R1.fastq.gz	03_rename_fastq_files/F8_low_cov/ISC_309.2_F8lowcov_1F11_run1_R2.fastq.gz
ISC_309.2	8307x9481_rep2	ISC_309.2_F8lowcov	1F11	2022-12-03	01_unzip_raw_data/02_unzip_lowcov_F8/H32TKDSX5_4_R14689_20230126/demultiplexed/216113/216113_CTTCAACCACTTATGCGCCT_S86_L004_R1_001.fastq.gz	01_unzip_raw_data/02_unzip_lowcov_F8/H32TKDSX5_4_R14689_20230126/demultiplexed/216113/216113_CTTCAACCACTTATGCGCCT_S86_L004_R2_001.fastq.gz	03_rename_fastq_files/F8_low_cov/ISC_309.2_F8lowcov_1F11_run2_R1.fastq.gz	03_rename_fastq_files/F8_low_cov/ISC_309.2_F8lowcov_1F11_run2_R2.fastq.gz
ISC_310.1	8334x8231_rep1	ISC_310.1_F8lowcov	1F12	2022-12-03	01_unzip_raw_data/02_unzip_lowcov_F8/H32TKDSX5_3_R14689_20230126/demultiplexed/216113/216113_TCAACCACGACAAGTTCATA_S94_L003_R1_001.fastq.gz	01_unzip_raw_data/02_unzip_lowcov_F8/H32TKDSX5_3_R14689_20230126/demultiplexed/216113/216113_TCAACCACGACAAGTTCATA_S94_L003_R2_001.fastq.gz	03_rename_fastq_files/F8_low_cov/ISC_310.1_F8lowcov_1F12_run1_R1.fastq.gz	03_rename_fastq_files/F8_low_cov/ISC_310.1_F8lowcov_1F12_run1_R2.fastq.gz
ISC_310.1	8334x8231_rep1	ISC_310.1_F8lowcov	1F12	2022-12-03	01_unzip_raw_data/02_unzip_lowcov_F8/H32TKDSX5_4_R14689_20230126/demultiplexed/216113/216113_TCAACCACGACAAGTTCATA_S94_L004_R1_001.fastq.gz	01_unzip_raw_data/02_unzip_lowcov_F8/H32TKDSX5_4_R14689_20230126/demultiplexed/216113/216113_TCAACCACGACAAGTTCATA_S94_L004_R2_001.fastq.gz	03_rename_fastq_files/F8_low_cov/ISC_310.1_F8lowcov_1F12_run2_R1.fastq.gz	03_rename_fastq_files/F8_low_cov/ISC_310.1_F8lowcov_1F12_run2_R2.fastq.gz
ISC_311.2	8334x8231_rep2	ISC_311.2_F8lowcov	3F2	2022-12-03	01_unzip_raw_data/02_unzip_lowcov_F8/H32TKDSX5_3_R14689_20230126/demultiplexed/216112/216112_CTGGAACTGTCGTAATTAAC_S110_L003_R1_001.fastq.gz	01_unzip_raw_data/02_unzip_lowcov_F8/H32TKDSX5_3_R14689_20230126/demultiplexed/216112/216112_CTGGAACTGTCGTAATTAAC_S110_L003_R2_001.fastq.gz	03_rename_fastq_files/F8_low_cov/ISC_311.2_F8lowcov_3F2_run1_R1.fastq.gz	03_rename_fastq_files/F8_low_cov/ISC_311.2_F8lowcov_3F2_run1_R2.fastq.gz
ISC_311.2	8334x8231_rep2	ISC_311.2_F8lowcov	3F2	2022-12-03	01_unzip_raw_data/02_unzip_lowcov_F8/H32TKDSX5_4_R14689_20230126/demultiplexed/216112/216112_CTGGAACTGTCGTAATTAAC_S110_L004_R1_001.fastq.gz	01_unzip_raw_data/02_unzip_lowcov_F8/H32TKDSX5_4_R14689_20230126/demultiplexed/216112/216112_CTGGAACTGTCGTAATTAAC_S110_L004_R2_001.fastq.gz	03_rename_fastq_files/F8_low_cov/ISC_311.2_F8lowcov_3F2_run2_R1.fastq.gz	03_rename_fastq_files/F8_low_cov/ISC_311.2_F8lowcov_3F2_run2_R2.fastq.gz
ISC_312.1	8351x6150_rep1	ISC_312.1_F8lowcov	3C2	2022-12-03	01_unzip_raw_data/02_unzip_lowcov_F8/H32TKDSX5_3_R14689_20230126/demultiplexed/216112/216112_AGTATGCTACTTAATAGACC_S107_L003_R1_001.fastq.gz	01_unzip_raw_data/02_unzip_lowcov_F8/H32TKDSX5_3_R14689_20230126/demultiplexed/216112/216112_AGTATGCTACTTAATAGACC_S107_L003_R2_001.fastq.gz	03_rename_fastq_files/F8_low_cov/ISC_312.1_F8lowcov_3C2_run1_R1.fastq.gz	03_rename_fastq_files/F8_low_cov/ISC_312.1_F8lowcov_3C2_run1_R2.fastq.gz
ISC_312.1	8351x6150_rep1	ISC_312.1_F8lowcov	3C2	2022-12-03	01_unzip_raw_data/02_unzip_lowcov_F8/H32TKDSX5_4_R14689_20230126/demultiplexed/216112/216112_AGTATGCTACTTAATAGACC_S107_L004_R1_001.fastq.gz	01_unzip_raw_data/02_unzip_lowcov_F8/H32TKDSX5_4_R14689_20230126/demultiplexed/216112/216112_AGTATGCTACTTAATAGACC_S107_L004_R2_001.fastq.gz	03_rename_fastq_files/F8_low_cov/ISC_312.1_F8lowcov_3C2_run2_R1.fastq.gz	03_rename_fastq_files/F8_low_cov/ISC_312.1_F8lowcov_3C2_run2_R2.fastq.gz
ISC_313.2	8351x6150_rep2	ISC_313.2_F8lowcov	3E4	2022-12-03	01_unzip_raw_data/02_unzip_lowcov_F8/H32TKDSX5_3_R14689_20230126/demultiplexed/216112/216112_TAGTTCGGTACCATGTGTAG_S125_L003_R1_001.fastq.gz	01_unzip_raw_data/02_unzip_lowcov_F8/H32TKDSX5_3_R14689_20230126/demultiplexed/216112/216112_TAGTTCGGTACCATGTGTAG_S125_L003_R2_001.fastq.gz	03_rename_fastq_files/F8_low_cov/ISC_313.2_F8lowcov_3E4_run1_R1.fastq.gz	03_rename_fastq_files/F8_low_cov/ISC_313.2_F8lowcov_3E4_run1_R2.fastq.gz
ISC_313.2	8351x6150_rep2	ISC_313.2_F8lowcov	3E4	2022-12-03	01_unzip_raw_data/02_unzip_lowcov_F8/H32TKDSX5_4_R14689_20230126/demultiplexed/216112/216112_TAGTTCGGTACCATGTGTAG_S125_L004_R1_001.fastq.gz	01_unzip_raw_data/02_unzip_lowcov_F8/H32TKDSX5_4_R14689_20230126/demultiplexed/216112/216112_TAGTTCGGTACCATGTGTAG_S125_L004_R2_001.fastq.gz	03_rename_fastq_files/F8_low_cov/ISC_313.2_F8lowcov_3E4_run2_R1.fastq.gz	03_rename_fastq_files/F8_low_cov/ISC_313.2_F8lowcov_3E4_run2_R2.fastq.gz
ISC_314.1	8369x6132_rep1	ISC_314.1_F8lowcov	3C8	2022-12-03	01_unzip_raw_data/02_unzip_lowcov_F8/H32TKDSX5_3_R14689_20230126/demultiplexed/216112/216112_GCGTATTAATTGCGGTGTTG_S155_L003_R1_001.fastq.gz	01_unzip_raw_data/02_unzip_lowcov_F8/H32TKDSX5_3_R14689_20230126/demultiplexed/216112/216112_GCGTATTAATTGCGGTGTTG_S155_L003_R2_001.fastq.gz	03_rename_fastq_files/F8_low_cov/ISC_314.1_F8lowcov_3C8_run1_R1.fastq.gz	03_rename_fastq_files/F8_low_cov/ISC_314.1_F8lowcov_3C8_run1_R2.fastq.gz
ISC_314.1	8369x6132_rep1	ISC_314.1_F8lowcov	3C8	2022-12-03	01_unzip_raw_data/02_unzip_lowcov_F8/H32TKDSX5_4_R14689_20230126/demultiplexed/216112/216112_GCGTATTAATTGCGGTGTTG_S155_L004_R1_001.fastq.gz	01_unzip_raw_data/02_unzip_lowcov_F8/H32TKDSX5_4_R14689_20230126/demultiplexed/216112/216112_GCGTATTAATTGCGGTGTTG_S155_L004_R2_001.fastq.gz	03_rename_fastq_files/F8_low_cov/ISC_314.1_F8lowcov_3C8_run2_R1.fastq.gz	03_rename_fastq_files/F8_low_cov/ISC_314.1_F8lowcov_3C8_run2_R2.fastq.gz
ISC_315.2	8369x6132_rep2	ISC_315.2_F8lowcov	3B4	2022-12-03	01_unzip_raw_data/02_unzip_lowcov_F8/H32TKDSX5_3_R14689_20230126/demultiplexed/216112/216112_TTGCTCTATTGTGACCTTGA_S122_L003_R1_001.fastq.gz	01_unzip_raw_data/02_unzip_lowcov_F8/H32TKDSX5_3_R14689_20230126/demultiplexed/216112/216112_TTGCTCTATTGTGACCTTGA_S122_L003_R2_001.fastq.gz	03_rename_fastq_files/F8_low_cov/ISC_315.2_F8lowcov_3B4_run1_R1.fastq.gz	03_rename_fastq_files/F8_low_cov/ISC_315.2_F8lowcov_3B4_run1_R2.fastq.gz
ISC_315.2	8369x6132_rep2	ISC_315.2_F8lowcov	3B4	2022-12-03	01_unzip_raw_data/02_unzip_lowcov_F8/H32TKDSX5_4_R14689_20230126/demultiplexed/216112/216112_TTGCTCTATTGTGACCTTGA_S122_L004_R1_001.fastq.gz	01_unzip_raw_data/02_unzip_lowcov_F8/H32TKDSX5_4_R14689_20230126/demultiplexed/216112/216112_TTGCTCTATTGTGACCTTGA_S122_L004_R2_001.fastq.gz	03_rename_fastq_files/F8_low_cov/ISC_315.2_F8lowcov_3B4_run2_R1.fastq.gz	03_rename_fastq_files/F8_low_cov/ISC_315.2_F8lowcov_3B4_run2_R2.fastq.gz
ISC_316.1	8376x6201_rep1	ISC_316.1_F8lowcov	5F6	2023-01-19	01_unzip_raw_data/02_unzip_lowcov_F8/HMN2MDRX2_0_R14837_20230130/demultiplexed/219242/219242_TTCTTAACCATCTACATACC_S46_R1_001.fastq.gz	01_unzip_raw_data/02_unzip_lowcov_F8/HMN2MDRX2_0_R14837_20230130/demultiplexed/219242/219242_TTCTTAACCATCTACATACC_S46_R2_001.fastq.gz	03_rename_fastq_files/F8_low_cov/ISC_316.1_F8lowcov_5F6_run1_R1.fastq.gz	03_rename_fastq_files/F8_low_cov/ISC_316.1_F8lowcov_5F6_run1_R2.fastq.gz
ISC_317.2	8376x6201_rep2	ISC_317.2_F8lowcov	3H11	2022-12-03	01_unzip_raw_data/02_unzip_lowcov_F8/H32TKDSX5_3_R14689_20230126/demultiplexed/216112/216112_AGATTAAGTGCACCTCTTGG_S184_L003_R1_001.fastq.gz	01_unzip_raw_data/02_unzip_lowcov_F8/H32TKDSX5_3_R14689_20230126/demultiplexed/216112/216112_AGATTAAGTGCACCTCTTGG_S184_L003_R2_001.fastq.gz	03_rename_fastq_files/F8_low_cov/ISC_317.2_F8lowcov_3H11_run1_R1.fastq.gz	03_rename_fastq_files/F8_low_cov/ISC_317.2_F8lowcov_3H11_run1_R2.fastq.gz
ISC_317.2	8376x6201_rep2	ISC_317.2_F8lowcov	3H11	2022-12-03	01_unzip_raw_data/02_unzip_lowcov_F8/H32TKDSX5_4_R14689_20230126/demultiplexed/216112/216112_AGATTAAGTGCACCTCTTGG_S184_L004_R1_001.fastq.gz	01_unzip_raw_data/02_unzip_lowcov_F8/H32TKDSX5_4_R14689_20230126/demultiplexed/216112/216112_AGATTAAGTGCACCTCTTGG_S184_L004_R2_001.fastq.gz	03_rename_fastq_files/F8_low_cov/ISC_317.2_F8lowcov_3H11_run2_R1.fastq.gz	03_rename_fastq_files/F8_low_cov/ISC_317.2_F8lowcov_3H11_run2_R2.fastq.gz
ISC_318.1	8386x6241_rep1	ISC_318.1_F8lowcov	1G5	2022-12-03	01_unzip_raw_data/02_unzip_lowcov_F8/H32TKDSX5_3_R14689_20230126/demultiplexed/216113/216113_TTGAATCCAAGTCACGGTGT_S39_L003_R1_001.fastq.gz	01_unzip_raw_data/02_unzip_lowcov_F8/H32TKDSX5_3_R14689_20230126/demultiplexed/216113/216113_TTGAATCCAAGTCACGGTGT_S39_L003_R2_001.fastq.gz	03_rename_fastq_files/F8_low_cov/ISC_318.1_F8lowcov_1G5_run1_R1.fastq.gz	03_rename_fastq_files/F8_low_cov/ISC_318.1_F8lowcov_1G5_run1_R2.fastq.gz
ISC_318.1	8386x6241_rep1	ISC_318.1_F8lowcov	1G5	2022-12-03	01_unzip_raw_data/02_unzip_lowcov_F8/H32TKDSX5_4_R14689_20230126/demultiplexed/216113/216113_TTGAATCCAAGTCACGGTGT_S39_L004_R1_001.fastq.gz	01_unzip_raw_data/02_unzip_lowcov_F8/H32TKDSX5_4_R14689_20230126/demultiplexed/216113/216113_TTGAATCCAAGTCACGGTGT_S39_L004_R2_001.fastq.gz	03_rename_fastq_files/F8_low_cov/ISC_318.1_F8lowcov_1G5_run2_R1.fastq.gz	03_rename_fastq_files/F8_low_cov/ISC_318.1_F8lowcov_1G5_run2_R2.fastq.gz
ISC_319.2	8386x6241_rep2	ISC_319.2_F8lowcov	1H7	2022-12-03	01_unzip_raw_data/02_unzip_lowcov_F8/H32TKDSX5_3_R14689_20230126/demultiplexed/216113/216113_AGCTGATGTCTCATGTCCTG_S56_L003_R1_001.fastq.gz	01_unzip_raw_data/02_unzip_lowcov_F8/H32TKDSX5_3_R14689_20230126/demultiplexed/216113/216113_AGCTGATGTCTCATGTCCTG_S56_L003_R2_001.fastq.gz	03_rename_fastq_files/F8_low_cov/ISC_319.2_F8lowcov_1H7_run1_R1.fastq.gz	03_rename_fastq_files/F8_low_cov/ISC_319.2_F8lowcov_1H7_run1_R2.fastq.gz
ISC_319.2	8386x6241_rep2	ISC_319.2_F8lowcov	1H7	2022-12-03	01_unzip_raw_data/02_unzip_lowcov_F8/H32TKDSX5_4_R14689_20230126/demultiplexed/216113/216113_AGCTGATGTCTCATGTCCTG_S56_L004_R1_001.fastq.gz	01_unzip_raw_data/02_unzip_lowcov_F8/H32TKDSX5_4_R14689_20230126/demultiplexed/216113/216113_AGCTGATGTCTCATGTCCTG_S56_L004_R2_001.fastq.gz	03_rename_fastq_files/F8_low_cov/ISC_319.2_F8lowcov_1H7_run2_R1.fastq.gz	03_rename_fastq_files/F8_low_cov/ISC_319.2_F8lowcov_1H7_run2_R2.fastq.gz
ISC_320.1	8387x6238_rep1	ISC_320.1_F8lowcov	1E4	2022-12-03	01_unzip_raw_data/02_unzip_lowcov_F8/H32TKDSX5_3_R14689_20230126/demultiplexed/216113/216113_ACTAATCTCCCACTTAATCT_S29_L003_R1_001.fastq.gz	01_unzip_raw_data/02_unzip_lowcov_F8/H32TKDSX5_3_R14689_20230126/demultiplexed/216113/216113_ACTAATCTCCCACTTAATCT_S29_L003_R2_001.fastq.gz	03_rename_fastq_files/F8_low_cov/ISC_320.1_F8lowcov_1E4_run1_R1.fastq.gz	03_rename_fastq_files/F8_low_cov/ISC_320.1_F8lowcov_1E4_run1_R2.fastq.gz
ISC_320.1	8387x6238_rep1	ISC_320.1_F8lowcov	1E4	2022-12-03	01_unzip_raw_data/02_unzip_lowcov_F8/H32TKDSX5_4_R14689_20230126/demultiplexed/216113/216113_ACTAATCTCCCACTTAATCT_S29_L004_R1_001.fastq.gz	01_unzip_raw_data/02_unzip_lowcov_F8/H32TKDSX5_4_R14689_20230126/demultiplexed/216113/216113_ACTAATCTCCCACTTAATCT_S29_L004_R2_001.fastq.gz	03_rename_fastq_files/F8_low_cov/ISC_320.1_F8lowcov_1E4_run2_R1.fastq.gz	03_rename_fastq_files/F8_low_cov/ISC_320.1_F8lowcov_1E4_run2_R2.fastq.gz
ISC_321.2	8387x6238_rep2	ISC_321.2_F8lowcov	2F2	2022-12-03	01_unzip_raw_data/02_unzip_lowcov_F8/H32TKDSX5_3_R14689_20230126/demultiplexed/216110/216110_GTGCCGCTTCCGGCTCTACT_S302_L003_R1_001.fastq.gz	01_unzip_raw_data/02_unzip_lowcov_F8/H32TKDSX5_3_R14689_20230126/demultiplexed/216110/216110_GTGCCGCTTCCGGCTCTACT_S302_L003_R2_001.fastq.gz	03_rename_fastq_files/F8_low_cov/ISC_321.2_F8lowcov_2F2_run1_R1.fastq.gz	03_rename_fastq_files/F8_low_cov/ISC_321.2_F8lowcov_2F2_run1_R2.fastq.gz
ISC_321.2	8387x6238_rep2	ISC_321.2_F8lowcov	2F2	2022-12-03	01_unzip_raw_data/02_unzip_lowcov_F8/H32TKDSX5_4_R14689_20230126/demultiplexed/216110/216110_GTGCCGCTTCCGGCTCTACT_S302_L004_R1_001.fastq.gz	01_unzip_raw_data/02_unzip_lowcov_F8/H32TKDSX5_4_R14689_20230126/demultiplexed/216110/216110_GTGCCGCTTCCGGCTCTACT_S302_L004_R2_001.fastq.gz	03_rename_fastq_files/F8_low_cov/ISC_321.2_F8lowcov_2F2_run2_R1.fastq.gz	03_rename_fastq_files/F8_low_cov/ISC_321.2_F8lowcov_2F2_run2_R2.fastq.gz
ISC_322.1	8422x6209_rep1	ISC_322.1_F8lowcov	5F1	2023-01-19	01_unzip_raw_data/02_unzip_lowcov_F8/HMN2MDRX2_0_R14837_20230130/demultiplexed/219242/219242_TAATTCTGCTTCTCATCAAT_S6_R1_001.fastq.gz	01_unzip_raw_data/02_unzip_lowcov_F8/HMN2MDRX2_0_R14837_20230130/demultiplexed/219242/219242_TAATTCTGCTTCTCATCAAT_S6_R2_001.fastq.gz	03_rename_fastq_files/F8_low_cov/ISC_322.1_F8lowcov_5F1_run1_R1.fastq.gz	03_rename_fastq_files/F8_low_cov/ISC_322.1_F8lowcov_5F1_run1_R2.fastq.gz
ISC_323.2	8422x6209_rep2	ISC_323.2_F8lowcov	5B2	2023-01-19	01_unzip_raw_data/02_unzip_lowcov_F8/HMN2MDRX2_0_R14837_20230130/demultiplexed/219242/219242_TGTGATAACTCAGGCGCCAT_S10_R1_001.fastq.gz	01_unzip_raw_data/02_unzip_lowcov_F8/HMN2MDRX2_0_R14837_20230130/demultiplexed/219242/219242_TGTGATAACTCAGGCGCCAT_S10_R2_001.fastq.gz	03_rename_fastq_files/F8_low_cov/ISC_323.2_F8lowcov_5B2_run1_R1.fastq.gz	03_rename_fastq_files/F8_low_cov/ISC_323.2_F8lowcov_5B2_run1_R2.fastq.gz
ISC_324.1	8423x8240_rep1	ISC_324.1_F8lowcov	1G6	2022-12-03	01_unzip_raw_data/02_unzip_lowcov_F8/H32TKDSX5_3_R14689_20230126/demultiplexed/216113/216113_ATGATTCCGGCTCTGACGTG_S47_L003_R1_001.fastq.gz	01_unzip_raw_data/02_unzip_lowcov_F8/H32TKDSX5_3_R14689_20230126/demultiplexed/216113/216113_ATGATTCCGGCTCTGACGTG_S47_L003_R2_001.fastq.gz	03_rename_fastq_files/F8_low_cov/ISC_324.1_F8lowcov_1G6_run1_R1.fastq.gz	03_rename_fastq_files/F8_low_cov/ISC_324.1_F8lowcov_1G6_run1_R2.fastq.gz
ISC_324.1	8423x8240_rep1	ISC_324.1_F8lowcov	1G6	2022-12-03	01_unzip_raw_data/02_unzip_lowcov_F8/H32TKDSX5_4_R14689_20230126/demultiplexed/216113/216113_ATGATTCCGGCTCTGACGTG_S47_L004_R1_001.fastq.gz	01_unzip_raw_data/02_unzip_lowcov_F8/H32TKDSX5_4_R14689_20230126/demultiplexed/216113/216113_ATGATTCCGGCTCTGACGTG_S47_L004_R2_001.fastq.gz	03_rename_fastq_files/F8_low_cov/ISC_324.1_F8lowcov_1G6_run2_R1.fastq.gz	03_rename_fastq_files/F8_low_cov/ISC_324.1_F8lowcov_1G6_run2_R2.fastq.gz
ISC_325.2	8423x8240_rep2	ISC_325.2_F8lowcov	1F9	2022-12-03	01_unzip_raw_data/02_unzip_lowcov_F8/H32TKDSX5_3_R14689_20230126/demultiplexed/216113/216113_TTACGCACCTGCTCTCGTTG_S70_L003_R1_001.fastq.gz	01_unzip_raw_data/02_unzip_lowcov_F8/H32TKDSX5_3_R14689_20230126/demultiplexed/216113/216113_TTACGCACCTGCTCTCGTTG_S70_L003_R2_001.fastq.gz	03_rename_fastq_files/F8_low_cov/ISC_325.2_F8lowcov_1F9_run1_R1.fastq.gz	03_rename_fastq_files/F8_low_cov/ISC_325.2_F8lowcov_1F9_run1_R2.fastq.gz
ISC_325.2	8423x8240_rep2	ISC_325.2_F8lowcov	1F9	2022-12-03	01_unzip_raw_data/02_unzip_lowcov_F8/H32TKDSX5_4_R14689_20230126/demultiplexed/216113/216113_TTACGCACCTGCTCTCGTTG_S70_L004_R1_001.fastq.gz	01_unzip_raw_data/02_unzip_lowcov_F8/H32TKDSX5_4_R14689_20230126/demultiplexed/216113/216113_TTACGCACCTGCTCTCGTTG_S70_L004_R2_001.fastq.gz	03_rename_fastq_files/F8_low_cov/ISC_325.2_F8lowcov_1F9_run2_R1.fastq.gz	03_rename_fastq_files/F8_low_cov/ISC_325.2_F8lowcov_1F9_run2_R2.fastq.gz
ISC_326.1	8426x6193_rep1	ISC_326.1_F8lowcov	1E7	2022-12-03	01_unzip_raw_data/02_unzip_lowcov_F8/H32TKDSX5_3_R14689_20230126/demultiplexed/216113/216113_GAGCGACGATCGTATAATCA_S53_L003_R1_001.fastq.gz	01_unzip_raw_data/02_unzip_lowcov_F8/H32TKDSX5_3_R14689_20230126/demultiplexed/216113/216113_GAGCGACGATCGTATAATCA_S53_L003_R2_001.fastq.gz	03_rename_fastq_files/F8_low_cov/ISC_326.1_F8lowcov_1E7_run1_R1.fastq.gz	03_rename_fastq_files/F8_low_cov/ISC_326.1_F8lowcov_1E7_run1_R2.fastq.gz
ISC_326.1	8426x6193_rep1	ISC_326.1_F8lowcov	1E7	2022-12-03	01_unzip_raw_data/02_unzip_lowcov_F8/H32TKDSX5_4_R14689_20230126/demultiplexed/216113/216113_GAGCGACGATCGTATAATCA_S53_L004_R1_001.fastq.gz	01_unzip_raw_data/02_unzip_lowcov_F8/H32TKDSX5_4_R14689_20230126/demultiplexed/216113/216113_GAGCGACGATCGTATAATCA_S53_L004_R2_001.fastq.gz	03_rename_fastq_files/F8_low_cov/ISC_326.1_F8lowcov_1E7_run2_R1.fastq.gz	03_rename_fastq_files/F8_low_cov/ISC_326.1_F8lowcov_1E7_run2_R2.fastq.gz
ISC_327.2	8426x6193_rep2	ISC_327.2_F8lowcov	1G3	2022-12-03	01_unzip_raw_data/02_unzip_lowcov_F8/H32TKDSX5_3_R14689_20230126/demultiplexed/216113/216113_TTCTCGTGCAATACACAGAG_S23_L003_R1_001.fastq.gz	01_unzip_raw_data/02_unzip_lowcov_F8/H32TKDSX5_3_R14689_20230126/demultiplexed/216113/216113_TTCTCGTGCAATACACAGAG_S23_L003_R2_001.fastq.gz	03_rename_fastq_files/F8_low_cov/ISC_327.2_F8lowcov_1G3_run1_R1.fastq.gz	03_rename_fastq_files/F8_low_cov/ISC_327.2_F8lowcov_1G3_run1_R2.fastq.gz
ISC_327.2	8426x6193_rep2	ISC_327.2_F8lowcov	1G3	2022-12-03	01_unzip_raw_data/02_unzip_lowcov_F8/H32TKDSX5_4_R14689_20230126/demultiplexed/216113/216113_TTCTCGTGCAATACACAGAG_S23_L004_R1_001.fastq.gz	01_unzip_raw_data/02_unzip_lowcov_F8/H32TKDSX5_4_R14689_20230126/demultiplexed/216113/216113_TTCTCGTGCAATACACAGAG_S23_L004_R2_001.fastq.gz	03_rename_fastq_files/F8_low_cov/ISC_327.2_F8lowcov_1G3_run2_R1.fastq.gz	03_rename_fastq_files/F8_low_cov/ISC_327.2_F8lowcov_1G3_run2_R2.fastq.gz
ISC_328.1	9057x9382_rep1	ISC_328.1_F8lowcov	1B7	2022-12-03	01_unzip_raw_data/02_unzip_lowcov_F8/H32TKDSX5_3_R14689_20230126/demultiplexed/216113/216113_CAACTGCAACTGAACGCAAC_S50_L003_R1_001.fastq.gz	01_unzip_raw_data/02_unzip_lowcov_F8/H32TKDSX5_3_R14689_20230126/demultiplexed/216113/216113_CAACTGCAACTGAACGCAAC_S50_L003_R2_001.fastq.gz	03_rename_fastq_files/F8_low_cov/ISC_328.1_F8lowcov_1B7_run1_R1.fastq.gz	03_rename_fastq_files/F8_low_cov/ISC_328.1_F8lowcov_1B7_run1_R2.fastq.gz
ISC_328.1	9057x9382_rep1	ISC_328.1_F8lowcov	1B7	2022-12-03	01_unzip_raw_data/02_unzip_lowcov_F8/H32TKDSX5_4_R14689_20230126/demultiplexed/216113/216113_CAACTGCAACTGAACGCAAC_S50_L004_R1_001.fastq.gz	01_unzip_raw_data/02_unzip_lowcov_F8/H32TKDSX5_4_R14689_20230126/demultiplexed/216113/216113_CAACTGCAACTGAACGCAAC_S50_L004_R2_001.fastq.gz	03_rename_fastq_files/F8_low_cov/ISC_328.1_F8lowcov_1B7_run2_R1.fastq.gz	03_rename_fastq_files/F8_low_cov/ISC_328.1_F8lowcov_1B7_run2_R2.fastq.gz
ISC_329.2	9057x9382_rep2	ISC_329.2_F8lowcov	4A6	2022-12-03	01_unzip_raw_data/02_unzip_lowcov_F8/H32TKDSX5_3_R14689_20230126/demultiplexed/216111/216111_CCGGTTCCTATATATTCGAG_S233_L003_R1_001.fastq.gz	01_unzip_raw_data/02_unzip_lowcov_F8/H32TKDSX5_3_R14689_20230126/demultiplexed/216111/216111_CCGGTTCCTATATATTCGAG_S233_L003_R2_001.fastq.gz	03_rename_fastq_files/F8_low_cov/ISC_329.2_F8lowcov_4A6_run1_R1.fastq.gz	03_rename_fastq_files/F8_low_cov/ISC_329.2_F8lowcov_4A6_run1_R2.fastq.gz
ISC_329.2	9057x9382_rep2	ISC_329.2_F8lowcov	4A6	2022-12-03	01_unzip_raw_data/02_unzip_lowcov_F8/H32TKDSX5_4_R14689_20230126/demultiplexed/216111/216111_CCGGTTCCTATATATTCGAG_S233_L004_R1_001.fastq.gz	01_unzip_raw_data/02_unzip_lowcov_F8/H32TKDSX5_4_R14689_20230126/demultiplexed/216111/216111_CCGGTTCCTATATATTCGAG_S233_L004_R2_001.fastq.gz	03_rename_fastq_files/F8_low_cov/ISC_329.2_F8lowcov_4A6_run2_R1.fastq.gz	03_rename_fastq_files/F8_low_cov/ISC_329.2_F8lowcov_4A6_run2_R2.fastq.gz
ISC_330.1	9058x6112_rep1	ISC_330.1_F8lowcov	4G6	2022-12-03	01_unzip_raw_data/02_unzip_lowcov_F8/H32TKDSX5_3_R14689_20230126/demultiplexed/216111/216111_GTTGGATGAATTCCAGGTAA_S239_L003_R1_001.fastq.gz	01_unzip_raw_data/02_unzip_lowcov_F8/H32TKDSX5_3_R14689_20230126/demultiplexed/216111/216111_GTTGGATGAATTCCAGGTAA_S239_L003_R2_001.fastq.gz	03_rename_fastq_files/F8_low_cov/ISC_330.1_F8lowcov_4G6_run1_R1.fastq.gz	03_rename_fastq_files/F8_low_cov/ISC_330.1_F8lowcov_4G6_run1_R2.fastq.gz
ISC_330.1	9058x6112_rep1	ISC_330.1_F8lowcov	4G6	2022-12-03	01_unzip_raw_data/02_unzip_lowcov_F8/H32TKDSX5_4_R14689_20230126/demultiplexed/216111/216111_GTTGGATGAATTCCAGGTAA_S239_L004_R1_001.fastq.gz	01_unzip_raw_data/02_unzip_lowcov_F8/H32TKDSX5_4_R14689_20230126/demultiplexed/216111/216111_GTTGGATGAATTCCAGGTAA_S239_L004_R2_001.fastq.gz	03_rename_fastq_files/F8_low_cov/ISC_330.1_F8lowcov_4G6_run2_R1.fastq.gz	03_rename_fastq_files/F8_low_cov/ISC_330.1_F8lowcov_4G6_run2_R2.fastq.gz
ISC_331.2	9058x6112_rep2	ISC_331.2_F8lowcov	4D6	2022-12-03	01_unzip_raw_data/02_unzip_lowcov_F8/H32TKDSX5_3_R14689_20230126/demultiplexed/216111/216111_TACGTGAAGGCGGTTATTAG_S236_L003_R1_001.fastq.gz	01_unzip_raw_data/02_unzip_lowcov_F8/H32TKDSX5_3_R14689_20230126/demultiplexed/216111/216111_TACGTGAAGGCGGTTATTAG_S236_L003_R2_001.fastq.gz	03_rename_fastq_files/F8_low_cov/ISC_331.2_F8lowcov_4D6_run1_R1.fastq.gz	03_rename_fastq_files/F8_low_cov/ISC_331.2_F8lowcov_4D6_run1_R2.fastq.gz
ISC_331.2	9058x6112_rep2	ISC_331.2_F8lowcov	4D6	2022-12-03	01_unzip_raw_data/02_unzip_lowcov_F8/H32TKDSX5_4_R14689_20230126/demultiplexed/216111/216111_TACGTGAAGGCGGTTATTAG_S236_L004_R1_001.fastq.gz	01_unzip_raw_data/02_unzip_lowcov_F8/H32TKDSX5_4_R14689_20230126/demultiplexed/216111/216111_TACGTGAAGGCGGTTATTAG_S236_L004_R2_001.fastq.gz	03_rename_fastq_files/F8_low_cov/ISC_331.2_F8lowcov_4D6_run2_R1.fastq.gz	03_rename_fastq_files/F8_low_cov/ISC_331.2_F8lowcov_4D6_run2_R2.fastq.gz
ISC_332.1	9321x6189_rep1	ISC_332.1_F8lowcov	4E6	2022-12-03	01_unzip_raw_data/02_unzip_lowcov_F8/H32TKDSX5_3_R14689_20230126/demultiplexed/216111/216111_CTTATTGGCCGATAACAAGT_S237_L003_R1_001.fastq.gz	01_unzip_raw_data/02_unzip_lowcov_F8/H32TKDSX5_3_R14689_20230126/demultiplexed/216111/216111_CTTATTGGCCGATAACAAGT_S237_L003_R2_001.fastq.gz	03_rename_fastq_files/F8_low_cov/ISC_332.1_F8lowcov_4E6_run1_R1.fastq.gz	03_rename_fastq_files/F8_low_cov/ISC_332.1_F8lowcov_4E6_run1_R2.fastq.gz
ISC_332.1	9321x6189_rep1	ISC_332.1_F8lowcov	4E6	2022-12-03	01_unzip_raw_data/02_unzip_lowcov_F8/H32TKDSX5_4_R14689_20230126/demultiplexed/216111/216111_CTTATTGGCCGATAACAAGT_S237_L004_R1_001.fastq.gz	01_unzip_raw_data/02_unzip_lowcov_F8/H32TKDSX5_4_R14689_20230126/demultiplexed/216111/216111_CTTATTGGCCGATAACAAGT_S237_L004_R2_001.fastq.gz	03_rename_fastq_files/F8_low_cov/ISC_332.1_F8lowcov_4E6_run2_R1.fastq.gz	03_rename_fastq_files/F8_low_cov/ISC_332.1_F8lowcov_4E6_run2_R2.fastq.gz
ISC_333.2	9321x6189_rep2	ISC_333.2_F8lowcov	1E2	2022-12-03	01_unzip_raw_data/02_unzip_lowcov_F8/H32TKDSX5_3_R14689_20230126/demultiplexed/216113/216113_CAACGAGAGCGAATTGAGTG_S13_L003_R1_001.fastq.gz	01_unzip_raw_data/02_unzip_lowcov_F8/H32TKDSX5_3_R14689_20230126/demultiplexed/216113/216113_CAACGAGAGCGAATTGAGTG_S13_L003_R2_001.fastq.gz	03_rename_fastq_files/F8_low_cov/ISC_333.2_F8lowcov_1E2_run1_R1.fastq.gz	03_rename_fastq_files/F8_low_cov/ISC_333.2_F8lowcov_1E2_run1_R2.fastq.gz
ISC_333.2	9321x6189_rep2	ISC_333.2_F8lowcov	1E2	2022-12-03	01_unzip_raw_data/02_unzip_lowcov_F8/H32TKDSX5_4_R14689_20230126/demultiplexed/216113/216113_CAACGAGAGCGAATTGAGTG_S13_L004_R1_001.fastq.gz	01_unzip_raw_data/02_unzip_lowcov_F8/H32TKDSX5_4_R14689_20230126/demultiplexed/216113/216113_CAACGAGAGCGAATTGAGTG_S13_L004_R2_001.fastq.gz	03_rename_fastq_files/F8_low_cov/ISC_333.2_F8lowcov_1E2_run2_R1.fastq.gz	03_rename_fastq_files/F8_low_cov/ISC_333.2_F8lowcov_1E2_run2_R2.fastq.gz
ISC_334.1	9323x8369_rep1	ISC_334.1_F8lowcov	3A2	2022-12-03	01_unzip_raw_data/02_unzip_lowcov_F8/H32TKDSX5_3_R14689_20230126/demultiplexed/216112/216112_AACCGAGTTCGATCTCTGGA_S105_L003_R1_001.fastq.gz	01_unzip_raw_data/02_unzip_lowcov_F8/H32TKDSX5_3_R14689_20230126/demultiplexed/216112/216112_AACCGAGTTCGATCTCTGGA_S105_L003_R2_001.fastq.gz	03_rename_fastq_files/F8_low_cov/ISC_334.1_F8lowcov_3A2_run1_R1.fastq.gz	03_rename_fastq_files/F8_low_cov/ISC_334.1_F8lowcov_3A2_run1_R2.fastq.gz
ISC_334.1	9323x8369_rep1	ISC_334.1_F8lowcov	3A2	2022-12-03	01_unzip_raw_data/02_unzip_lowcov_F8/H32TKDSX5_4_R14689_20230126/demultiplexed/216112/216112_AACCGAGTTCGATCTCTGGA_S105_L004_R1_001.fastq.gz	01_unzip_raw_data/02_unzip_lowcov_F8/H32TKDSX5_4_R14689_20230126/demultiplexed/216112/216112_AACCGAGTTCGATCTCTGGA_S105_L004_R2_001.fastq.gz	03_rename_fastq_files/F8_low_cov/ISC_334.1_F8lowcov_3A2_run2_R1.fastq.gz	03_rename_fastq_files/F8_low_cov/ISC_334.1_F8lowcov_3A2_run2_R2.fastq.gz
ISC_335.2	9323x8369_rep2	ISC_335.2_F8lowcov	4A1	2022-12-03	01_unzip_raw_data/02_unzip_lowcov_F8/H32TKDSX5_3_R14689_20230126/demultiplexed/216111/216111_TGCCGGTCAGCCTGATACAA_S193_L003_R1_001.fastq.gz	01_unzip_raw_data/02_unzip_lowcov_F8/H32TKDSX5_3_R14689_20230126/demultiplexed/216111/216111_TGCCGGTCAGCCTGATACAA_S193_L003_R2_001.fastq.gz	03_rename_fastq_files/F8_low_cov/ISC_335.2_F8lowcov_4A1_run1_R1.fastq.gz	03_rename_fastq_files/F8_low_cov/ISC_335.2_F8lowcov_4A1_run1_R2.fastq.gz
ISC_335.2	9323x8369_rep2	ISC_335.2_F8lowcov	4A1	2022-12-03	01_unzip_raw_data/02_unzip_lowcov_F8/H32TKDSX5_4_R14689_20230126/demultiplexed/216111/216111_TGCCGGTCAGCCTGATACAA_S193_L004_R1_001.fastq.gz	01_unzip_raw_data/02_unzip_lowcov_F8/H32TKDSX5_4_R14689_20230126/demultiplexed/216111/216111_TGCCGGTCAGCCTGATACAA_S193_L004_R2_001.fastq.gz	03_rename_fastq_files/F8_low_cov/ISC_335.2_F8lowcov_4A1_run2_R1.fastq.gz	03_rename_fastq_files/F8_low_cov/ISC_335.2_F8lowcov_4A1_run2_R2.fastq.gz
ISC_337.2	9332x6413_rep2	ISC_337.2_F8lowcov	4C6	2022-12-03	01_unzip_raw_data/02_unzip_lowcov_F8/H32TKDSX5_3_R14689_20230126/demultiplexed/216111/216111_GAATACCTATACAATAGAGT_S235_L003_R1_001.fastq.gz	01_unzip_raw_data/02_unzip_lowcov_F8/H32TKDSX5_3_R14689_20230126/demultiplexed/216111/216111_GAATACCTATACAATAGAGT_S235_L003_R2_001.fastq.gz	03_rename_fastq_files/F8_low_cov/ISC_337.2_F8lowcov_4C6_run1_R1.fastq.gz	03_rename_fastq_files/F8_low_cov/ISC_337.2_F8lowcov_4C6_run1_R2.fastq.gz
ISC_337.2	9332x6413_rep2	ISC_337.2_F8lowcov	4C6	2022-12-03	01_unzip_raw_data/02_unzip_lowcov_F8/H32TKDSX5_4_R14689_20230126/demultiplexed/216111/216111_GAATACCTATACAATAGAGT_S235_L004_R1_001.fastq.gz	01_unzip_raw_data/02_unzip_lowcov_F8/H32TKDSX5_4_R14689_20230126/demultiplexed/216111/216111_GAATACCTATACAATAGAGT_S235_L004_R2_001.fastq.gz	03_rename_fastq_files/F8_low_cov/ISC_337.2_F8lowcov_4C6_run2_R1.fastq.gz	03_rename_fastq_files/F8_low_cov/ISC_337.2_F8lowcov_4C6_run2_R2.fastq.gz
ISC_338.1	9336x6220_rep1	ISC_338.1_F8lowcov	1G9	2022-12-03	01_unzip_raw_data/02_unzip_lowcov_F8/H32TKDSX5_3_R14689_20230126/demultiplexed/216113/216113_TCGTTGCTGCGTCTCGTGAA_S71_L003_R1_001.fastq.gz	01_unzip_raw_data/02_unzip_lowcov_F8/H32TKDSX5_3_R14689_20230126/demultiplexed/216113/216113_TCGTTGCTGCGTCTCGTGAA_S71_L003_R2_001.fastq.gz	03_rename_fastq_files/F8_low_cov/ISC_338.1_F8lowcov_1G9_run1_R1.fastq.gz	03_rename_fastq_files/F8_low_cov/ISC_338.1_F8lowcov_1G9_run1_R2.fastq.gz
ISC_338.1	9336x6220_rep1	ISC_338.1_F8lowcov	1G9	2022-12-03	01_unzip_raw_data/02_unzip_lowcov_F8/H32TKDSX5_4_R14689_20230126/demultiplexed/216113/216113_TCGTTGCTGCGTCTCGTGAA_S71_L004_R1_001.fastq.gz	01_unzip_raw_data/02_unzip_lowcov_F8/H32TKDSX5_4_R14689_20230126/demultiplexed/216113/216113_TCGTTGCTGCGTCTCGTGAA_S71_L004_R2_001.fastq.gz	03_rename_fastq_files/F8_low_cov/ISC_338.1_F8lowcov_1G9_run2_R1.fastq.gz	03_rename_fastq_files/F8_low_cov/ISC_338.1_F8lowcov_1G9_run2_R2.fastq.gz
ISC_339.2	9336x6220_rep2	ISC_339.2_F8lowcov	2F10	2022-12-03	01_unzip_raw_data/02_unzip_lowcov_F8/H32TKDSX5_3_R14689_20230126/demultiplexed/216110/216110_CGCACTAATGTGACTACATA_S366_L003_R1_001.fastq.gz	01_unzip_raw_data/02_unzip_lowcov_F8/H32TKDSX5_3_R14689_20230126/demultiplexed/216110/216110_CGCACTAATGTGACTACATA_S366_L003_R2_001.fastq.gz	03_rename_fastq_files/F8_low_cov/ISC_339.2_F8lowcov_2F10_run1_R1.fastq.gz	03_rename_fastq_files/F8_low_cov/ISC_339.2_F8lowcov_2F10_run1_R2.fastq.gz
ISC_339.2	9336x6220_rep2	ISC_339.2_F8lowcov	2F10	2022-12-03	01_unzip_raw_data/02_unzip_lowcov_F8/H32TKDSX5_4_R14689_20230126/demultiplexed/216110/216110_CGCACTAATGTGACTACATA_S366_L004_R1_001.fastq.gz	01_unzip_raw_data/02_unzip_lowcov_F8/H32TKDSX5_4_R14689_20230126/demultiplexed/216110/216110_CGCACTAATGTGACTACATA_S366_L004_R2_001.fastq.gz	03_rename_fastq_files/F8_low_cov/ISC_339.2_F8lowcov_2F10_run2_R1.fastq.gz	03_rename_fastq_files/F8_low_cov/ISC_339.2_F8lowcov_2F10_run2_R2.fastq.gz
ISC_340.1	9343x8259_rep1	ISC_340.1_F8lowcov	2C10	2022-12-03	01_unzip_raw_data/02_unzip_lowcov_F8/H32TKDSX5_3_R14689_20230126/demultiplexed/216110/216110_CGCTGCAGAGGATGGATGTA_S363_L003_R1_001.fastq.gz	01_unzip_raw_data/02_unzip_lowcov_F8/H32TKDSX5_3_R14689_20230126/demultiplexed/216110/216110_CGCTGCAGAGGATGGATGTA_S363_L003_R2_001.fastq.gz	03_rename_fastq_files/F8_low_cov/ISC_340.1_F8lowcov_2C10_run1_R1.fastq.gz	03_rename_fastq_files/F8_low_cov/ISC_340.1_F8lowcov_2C10_run1_R2.fastq.gz
ISC_340.1	9343x8259_rep1	ISC_340.1_F8lowcov	2C10	2022-12-03	01_unzip_raw_data/02_unzip_lowcov_F8/H32TKDSX5_4_R14689_20230126/demultiplexed/216110/216110_CGCTGCAGAGGATGGATGTA_S363_L004_R1_001.fastq.gz	01_unzip_raw_data/02_unzip_lowcov_F8/H32TKDSX5_4_R14689_20230126/demultiplexed/216110/216110_CGCTGCAGAGGATGGATGTA_S363_L004_R2_001.fastq.gz	03_rename_fastq_files/F8_low_cov/ISC_340.1_F8lowcov_2C10_run2_R1.fastq.gz	03_rename_fastq_files/F8_low_cov/ISC_340.1_F8lowcov_2C10_run2_R2.fastq.gz
ISC_341.2	9343x8259_rep2	ISC_341.2_F8lowcov	1C3	2022-12-03	01_unzip_raw_data/02_unzip_lowcov_F8/H32TKDSX5_3_R14689_20230126/demultiplexed/216113/216113_CACCTAGCACTGCTGGACAT_S19_L003_R1_001.fastq.gz	01_unzip_raw_data/02_unzip_lowcov_F8/H32TKDSX5_3_R14689_20230126/demultiplexed/216113/216113_CACCTAGCACTGCTGGACAT_S19_L003_R2_001.fastq.gz	03_rename_fastq_files/F8_low_cov/ISC_341.2_F8lowcov_1C3_run1_R1.fastq.gz	03_rename_fastq_files/F8_low_cov/ISC_341.2_F8lowcov_1C3_run1_R2.fastq.gz
ISC_341.2	9343x8259_rep2	ISC_341.2_F8lowcov	1C3	2022-12-03	01_unzip_raw_data/02_unzip_lowcov_F8/H32TKDSX5_4_R14689_20230126/demultiplexed/216113/216113_CACCTAGCACTGCTGGACAT_S19_L004_R1_001.fastq.gz	01_unzip_raw_data/02_unzip_lowcov_F8/H32TKDSX5_4_R14689_20230126/demultiplexed/216113/216113_CACCTAGCACTGCTGGACAT_S19_L004_R2_001.fastq.gz	03_rename_fastq_files/F8_low_cov/ISC_341.2_F8lowcov_1C3_run2_R1.fastq.gz	03_rename_fastq_files/F8_low_cov/ISC_341.2_F8lowcov_1C3_run2_R2.fastq.gz
ISC_342.1	9352x8422_rep1	ISC_342.1_F8lowcov	4F6	2022-12-03	01_unzip_raw_data/02_unzip_lowcov_F8/H32TKDSX5_3_R14689_20230126/demultiplexed/216111/216111_ACAACTACTGAGTTATCACA_S238_L003_R1_001.fastq.gz	01_unzip_raw_data/02_unzip_lowcov_F8/H32TKDSX5_3_R14689_20230126/demultiplexed/216111/216111_ACAACTACTGAGTTATCACA_S238_L003_R2_001.fastq.gz	03_rename_fastq_files/F8_low_cov/ISC_342.1_F8lowcov_4F6_run1_R1.fastq.gz	03_rename_fastq_files/F8_low_cov/ISC_342.1_F8lowcov_4F6_run1_R2.fastq.gz
ISC_342.1	9352x8422_rep1	ISC_342.1_F8lowcov	4F6	2022-12-03	01_unzip_raw_data/02_unzip_lowcov_F8/H32TKDSX5_4_R14689_20230126/demultiplexed/216111/216111_ACAACTACTGAGTTATCACA_S238_L004_R1_001.fastq.gz	01_unzip_raw_data/02_unzip_lowcov_F8/H32TKDSX5_4_R14689_20230126/demultiplexed/216111/216111_ACAACTACTGAGTTATCACA_S238_L004_R2_001.fastq.gz	03_rename_fastq_files/F8_low_cov/ISC_342.1_F8lowcov_4F6_run2_R1.fastq.gz	03_rename_fastq_files/F8_low_cov/ISC_342.1_F8lowcov_4F6_run2_R2.fastq.gz
ISC_343.2	9352x8422_rep2	ISC_343.2_F8lowcov	3E12	2022-12-03	01_unzip_raw_data/02_unzip_lowcov_F8/H32TKDSX5_3_R14689_20230126/demultiplexed/216112/216112_TGATAACGAGGTTCCGCAGG_S189_L003_R1_001.fastq.gz	01_unzip_raw_data/02_unzip_lowcov_F8/H32TKDSX5_3_R14689_20230126/demultiplexed/216112/216112_TGATAACGAGGTTCCGCAGG_S189_L003_R2_001.fastq.gz	03_rename_fastq_files/F8_low_cov/ISC_343.2_F8lowcov_3E12_run1_R1.fastq.gz	03_rename_fastq_files/F8_low_cov/ISC_343.2_F8lowcov_3E12_run1_R2.fastq.gz
ISC_343.2	9352x8422_rep2	ISC_343.2_F8lowcov	3E12	2022-12-03	01_unzip_raw_data/02_unzip_lowcov_F8/H32TKDSX5_4_R14689_20230126/demultiplexed/216112/216112_TGATAACGAGGTTCCGCAGG_S189_L004_R1_001.fastq.gz	01_unzip_raw_data/02_unzip_lowcov_F8/H32TKDSX5_4_R14689_20230126/demultiplexed/216112/216112_TGATAACGAGGTTCCGCAGG_S189_L004_R2_001.fastq.gz	03_rename_fastq_files/F8_low_cov/ISC_343.2_F8lowcov_3E12_run2_R1.fastq.gz	03_rename_fastq_files/F8_low_cov/ISC_343.2_F8lowcov_3E12_run2_R2.fastq.gz
ISC_344.1	9353x6109_rep1	ISC_344.1_F8lowcov	3A6	2022-12-03	01_unzip_raw_data/02_unzip_lowcov_F8/H32TKDSX5_3_R14689_20230126/demultiplexed/216112/216112_TACAAGACTTCAGGTGTTCA_S137_L003_R1_001.fastq.gz	01_unzip_raw_data/02_unzip_lowcov_F8/H32TKDSX5_3_R14689_20230126/demultiplexed/216112/216112_TACAAGACTTCAGGTGTTCA_S137_L003_R2_001.fastq.gz	03_rename_fastq_files/F8_low_cov/ISC_344.1_F8lowcov_3A6_run1_R1.fastq.gz	03_rename_fastq_files/F8_low_cov/ISC_344.1_F8lowcov_3A6_run1_R2.fastq.gz
ISC_344.1	9353x6109_rep1	ISC_344.1_F8lowcov	3A6	2022-12-03	01_unzip_raw_data/02_unzip_lowcov_F8/H32TKDSX5_4_R14689_20230126/demultiplexed/216112/216112_TACAAGACTTCAGGTGTTCA_S137_L004_R1_001.fastq.gz	01_unzip_raw_data/02_unzip_lowcov_F8/H32TKDSX5_4_R14689_20230126/demultiplexed/216112/216112_TACAAGACTTCAGGTGTTCA_S137_L004_R2_001.fastq.gz	03_rename_fastq_files/F8_low_cov/ISC_344.1_F8lowcov_3A6_run2_R1.fastq.gz	03_rename_fastq_files/F8_low_cov/ISC_344.1_F8lowcov_3A6_run2_R2.fastq.gz
ISC_345.2	9353x6109_rep2	ISC_345.2_F8lowcov	5G3	2023-01-19	01_unzip_raw_data/02_unzip_lowcov_F8/HMN2MDRX2_0_R14837_20230130/demultiplexed/219242/219242_CGCTTAGAATCAGAGTGATA_S23_R1_001.fastq.gz	01_unzip_raw_data/02_unzip_lowcov_F8/HMN2MDRX2_0_R14837_20230130/demultiplexed/219242/219242_CGCTTAGAATCAGAGTGATA_S23_R2_001.fastq.gz	03_rename_fastq_files/F8_low_cov/ISC_345.2_F8lowcov_5G3_run1_R1.fastq.gz	03_rename_fastq_files/F8_low_cov/ISC_345.2_F8lowcov_5G3_run1_R2.fastq.gz
ISC_346.1	9356x6094_rep1	ISC_346.1_F8lowcov	2E10	2022-12-03	01_unzip_raw_data/02_unzip_lowcov_F8/H32TKDSX5_3_R14689_20230126/demultiplexed/216110/216110_GGATACCAGACGTTGCTTAC_S365_L003_R1_001.fastq.gz	01_unzip_raw_data/02_unzip_lowcov_F8/H32TKDSX5_3_R14689_20230126/demultiplexed/216110/216110_GGATACCAGACGTTGCTTAC_S365_L003_R2_001.fastq.gz	03_rename_fastq_files/F8_low_cov/ISC_346.1_F8lowcov_2E10_run1_R1.fastq.gz	03_rename_fastq_files/F8_low_cov/ISC_346.1_F8lowcov_2E10_run1_R2.fastq.gz
ISC_346.1	9356x6094_rep1	ISC_346.1_F8lowcov	2E10	2022-12-03	01_unzip_raw_data/02_unzip_lowcov_F8/H32TKDSX5_4_R14689_20230126/demultiplexed/216110/216110_GGATACCAGACGTTGCTTAC_S365_L004_R1_001.fastq.gz	01_unzip_raw_data/02_unzip_lowcov_F8/H32TKDSX5_4_R14689_20230126/demultiplexed/216110/216110_GGATACCAGACGTTGCTTAC_S365_L004_R2_001.fastq.gz	03_rename_fastq_files/F8_low_cov/ISC_346.1_F8lowcov_2E10_run2_R1.fastq.gz	03_rename_fastq_files/F8_low_cov/ISC_346.1_F8lowcov_2E10_run2_R2.fastq.gz
ISC_347.2	9356x6094_rep2	ISC_347.2_F8lowcov	2G7	2022-12-03	01_unzip_raw_data/02_unzip_lowcov_F8/H32TKDSX5_3_R14689_20230126/demultiplexed/216110/216110_TATTCCTCAGCTTAACCACT_S343_L003_R1_001.fastq.gz	01_unzip_raw_data/02_unzip_lowcov_F8/H32TKDSX5_3_R14689_20230126/demultiplexed/216110/216110_TATTCCTCAGCTTAACCACT_S343_L003_R2_001.fastq.gz	03_rename_fastq_files/F8_low_cov/ISC_347.2_F8lowcov_2G7_run1_R1.fastq.gz	03_rename_fastq_files/F8_low_cov/ISC_347.2_F8lowcov_2G7_run1_R2.fastq.gz
ISC_347.2	9356x6094_rep2	ISC_347.2_F8lowcov	2G7	2022-12-03	01_unzip_raw_data/02_unzip_lowcov_F8/H32TKDSX5_4_R14689_20230126/demultiplexed/216110/216110_TATTCCTCAGCTTAACCACT_S343_L004_R1_001.fastq.gz	01_unzip_raw_data/02_unzip_lowcov_F8/H32TKDSX5_4_R14689_20230126/demultiplexed/216110/216110_TATTCCTCAGCTTAACCACT_S343_L004_R2_001.fastq.gz	03_rename_fastq_files/F8_low_cov/ISC_347.2_F8lowcov_2G7_run2_R1.fastq.gz	03_rename_fastq_files/F8_low_cov/ISC_347.2_F8lowcov_2G7_run2_R2.fastq.gz
ISC_348.1	9363x6070_rep1	ISC_348.1_F8lowcov	5A2	2023-01-19	01_unzip_raw_data/02_unzip_lowcov_F8/HMN2MDRX2_0_R14837_20230130/demultiplexed/219242/219242_AACCGAGTTCGATCTCTGGA_S9_R1_001.fastq.gz	01_unzip_raw_data/02_unzip_lowcov_F8/HMN2MDRX2_0_R14837_20230130/demultiplexed/219242/219242_AACCGAGTTCGATCTCTGGA_S9_R2_001.fastq.gz	03_rename_fastq_files/F8_low_cov/ISC_348.1_F8lowcov_5A2_run1_R1.fastq.gz	03_rename_fastq_files/F8_low_cov/ISC_348.1_F8lowcov_5A2_run1_R2.fastq.gz
ISC_349.1	9369x9434_rep1	ISC_349.1_F8lowcov	4F5	2022-12-03	01_unzip_raw_data/02_unzip_lowcov_F8/H32TKDSX5_3_R14689_20230126/demultiplexed/216111/216111_TGGTGTTATGTCCAATTCTA_S230_L003_R1_001.fastq.gz	01_unzip_raw_data/02_unzip_lowcov_F8/H32TKDSX5_3_R14689_20230126/demultiplexed/216111/216111_TGGTGTTATGTCCAATTCTA_S230_L003_R2_001.fastq.gz	03_rename_fastq_files/F8_low_cov/ISC_349.1_F8lowcov_4F5_run1_R1.fastq.gz	03_rename_fastq_files/F8_low_cov/ISC_349.1_F8lowcov_4F5_run1_R2.fastq.gz
ISC_349.1	9369x9434_rep1	ISC_349.1_F8lowcov	4F5	2022-12-03	01_unzip_raw_data/02_unzip_lowcov_F8/H32TKDSX5_4_R14689_20230126/demultiplexed/216111/216111_TGGTGTTATGTCCAATTCTA_S230_L004_R1_001.fastq.gz	01_unzip_raw_data/02_unzip_lowcov_F8/H32TKDSX5_4_R14689_20230126/demultiplexed/216111/216111_TGGTGTTATGTCCAATTCTA_S230_L004_R2_001.fastq.gz	03_rename_fastq_files/F8_low_cov/ISC_349.1_F8lowcov_4F5_run2_R1.fastq.gz	03_rename_fastq_files/F8_low_cov/ISC_349.1_F8lowcov_4F5_run2_R2.fastq.gz
ISC_350.1	9371x6021_rep1	ISC_350.1_F8lowcov	3B6	2022-12-03	01_unzip_raw_data/02_unzip_lowcov_F8/H32TKDSX5_3_R14689_20230126/demultiplexed/216112/216112_CTGTGGTGACGACAGACAGG_S138_L003_R1_001.fastq.gz	01_unzip_raw_data/02_unzip_lowcov_F8/H32TKDSX5_3_R14689_20230126/demultiplexed/216112/216112_CTGTGGTGACGACAGACAGG_S138_L003_R2_001.fastq.gz	03_rename_fastq_files/F8_low_cov/ISC_350.1_F8lowcov_3B6_run1_R1.fastq.gz	03_rename_fastq_files/F8_low_cov/ISC_350.1_F8lowcov_3B6_run1_R2.fastq.gz
ISC_350.1	9371x6021_rep1	ISC_350.1_F8lowcov	3B6	2022-12-03	01_unzip_raw_data/02_unzip_lowcov_F8/H32TKDSX5_4_R14689_20230126/demultiplexed/216112/216112_CTGTGGTGACGACAGACAGG_S138_L004_R1_001.fastq.gz	01_unzip_raw_data/02_unzip_lowcov_F8/H32TKDSX5_4_R14689_20230126/demultiplexed/216112/216112_CTGTGGTGACGACAGACAGG_S138_L004_R2_001.fastq.gz	03_rename_fastq_files/F8_low_cov/ISC_350.1_F8lowcov_3B6_run2_R1.fastq.gz	03_rename_fastq_files/F8_low_cov/ISC_350.1_F8lowcov_3B6_run2_R2.fastq.gz
ISC_351.2	9371x6021_rep2	ISC_351.2_F8lowcov	4B6	2022-12-03	01_unzip_raw_data/02_unzip_lowcov_F8/H32TKDSX5_3_R14689_20230126/demultiplexed/216111/216111_GGCCAATATTCGGTCCGATA_S234_L003_R1_001.fastq.gz	01_unzip_raw_data/02_unzip_lowcov_F8/H32TKDSX5_3_R14689_20230126/demultiplexed/216111/216111_GGCCAATATTCGGTCCGATA_S234_L003_R2_001.fastq.gz	03_rename_fastq_files/F8_low_cov/ISC_351.2_F8lowcov_4B6_run1_R1.fastq.gz	03_rename_fastq_files/F8_low_cov/ISC_351.2_F8lowcov_4B6_run1_R2.fastq.gz
ISC_351.2	9371x6021_rep2	ISC_351.2_F8lowcov	4B6	2022-12-03	01_unzip_raw_data/02_unzip_lowcov_F8/H32TKDSX5_4_R14689_20230126/demultiplexed/216111/216111_GGCCAATATTCGGTCCGATA_S234_L004_R1_001.fastq.gz	01_unzip_raw_data/02_unzip_lowcov_F8/H32TKDSX5_4_R14689_20230126/demultiplexed/216111/216111_GGCCAATATTCGGTCCGATA_S234_L004_R2_001.fastq.gz	03_rename_fastq_files/F8_low_cov/ISC_351.2_F8lowcov_4B6_run2_R1.fastq.gz	03_rename_fastq_files/F8_low_cov/ISC_351.2_F8lowcov_4B6_run2_R2.fastq.gz
ISC_352.1	9380x1063_rep1	ISC_352.1_F8lowcov	1G4	2022-12-03	01_unzip_raw_data/02_unzip_lowcov_F8/H32TKDSX5_3_R14689_20230126/demultiplexed/216113/216113_CAACGACCTAGCGACTCGAT_S31_L003_R1_001.fastq.gz	01_unzip_raw_data/02_unzip_lowcov_F8/H32TKDSX5_3_R14689_20230126/demultiplexed/216113/216113_CAACGACCTAGCGACTCGAT_S31_L003_R2_001.fastq.gz	03_rename_fastq_files/F8_low_cov/ISC_352.1_F8lowcov_1G4_run1_R1.fastq.gz	03_rename_fastq_files/F8_low_cov/ISC_352.1_F8lowcov_1G4_run1_R2.fastq.gz
ISC_352.1	9380x1063_rep1	ISC_352.1_F8lowcov	1G4	2022-12-03	01_unzip_raw_data/02_unzip_lowcov_F8/H32TKDSX5_4_R14689_20230126/demultiplexed/216113/216113_CAACGACCTAGCGACTCGAT_S31_L004_R1_001.fastq.gz	01_unzip_raw_data/02_unzip_lowcov_F8/H32TKDSX5_4_R14689_20230126/demultiplexed/216113/216113_CAACGACCTAGCGACTCGAT_S31_L004_R2_001.fastq.gz	03_rename_fastq_files/F8_low_cov/ISC_352.1_F8lowcov_1G4_run2_R1.fastq.gz	03_rename_fastq_files/F8_low_cov/ISC_352.1_F8lowcov_1G4_run2_R2.fastq.gz
ISC_353.2	9380x1063_rep2	ISC_353.2_F8lowcov	1B10	2022-12-03	01_unzip_raw_data/02_unzip_lowcov_F8/H32TKDSX5_3_R14689_20230126/demultiplexed/216113/216113_ACCTGGCCAATCACAGATCG_S74_L003_R1_001.fastq.gz	01_unzip_raw_data/02_unzip_lowcov_F8/H32TKDSX5_3_R14689_20230126/demultiplexed/216113/216113_ACCTGGCCAATCACAGATCG_S74_L003_R2_001.fastq.gz	03_rename_fastq_files/F8_low_cov/ISC_353.2_F8lowcov_1B10_run1_R1.fastq.gz	03_rename_fastq_files/F8_low_cov/ISC_353.2_F8lowcov_1B10_run1_R2.fastq.gz
ISC_353.2	9380x1063_rep2	ISC_353.2_F8lowcov	1B10	2022-12-03	01_unzip_raw_data/02_unzip_lowcov_F8/H32TKDSX5_4_R14689_20230126/demultiplexed/216113/216113_ACCTGGCCAATCACAGATCG_S74_L004_R1_001.fastq.gz	01_unzip_raw_data/02_unzip_lowcov_F8/H32TKDSX5_4_R14689_20230126/demultiplexed/216113/216113_ACCTGGCCAATCACAGATCG_S74_L004_R2_001.fastq.gz	03_rename_fastq_files/F8_low_cov/ISC_353.2_F8lowcov_1B10_run2_R1.fastq.gz	03_rename_fastq_files/F8_low_cov/ISC_353.2_F8lowcov_1B10_run2_R2.fastq.gz
ISC_354.1	9381x6198_rep1	ISC_354.1_F8lowcov	2C11	2022-12-03	01_unzip_raw_data/02_unzip_lowcov_F8/H32TKDSX5_3_R14689_20230126/demultiplexed/216110/216110_GTAAGGCATAAGACACATTA_S371_L003_R1_001.fastq.gz	01_unzip_raw_data/02_unzip_lowcov_F8/H32TKDSX5_3_R14689_20230126/demultiplexed/216110/216110_GTAAGGCATAAGACACATTA_S371_L003_R2_001.fastq.gz	03_rename_fastq_files/F8_low_cov/ISC_354.1_F8lowcov_2C11_run1_R1.fastq.gz	03_rename_fastq_files/F8_low_cov/ISC_354.1_F8lowcov_2C11_run1_R2.fastq.gz
ISC_354.1	9381x6198_rep1	ISC_354.1_F8lowcov	2C11	2022-12-03	01_unzip_raw_data/02_unzip_lowcov_F8/H32TKDSX5_4_R14689_20230126/demultiplexed/216110/216110_GTAAGGCATAAGACACATTA_S371_L004_R1_001.fastq.gz	01_unzip_raw_data/02_unzip_lowcov_F8/H32TKDSX5_4_R14689_20230126/demultiplexed/216110/216110_GTAAGGCATAAGACACATTA_S371_L004_R2_001.fastq.gz	03_rename_fastq_files/F8_low_cov/ISC_354.1_F8lowcov_2C11_run2_R1.fastq.gz	03_rename_fastq_files/F8_low_cov/ISC_354.1_F8lowcov_2C11_run2_R2.fastq.gz
ISC_355.2	9381x6198_rep2	ISC_355.2_F8lowcov	2H7	2022-12-03	01_unzip_raw_data/02_unzip_lowcov_F8/H32TKDSX5_3_R14689_20230126/demultiplexed/216110/216110_CTCGTGCGTTGCCTCGGATA_S344_L003_R1_001.fastq.gz	01_unzip_raw_data/02_unzip_lowcov_F8/H32TKDSX5_3_R14689_20230126/demultiplexed/216110/216110_CTCGTGCGTTGCCTCGGATA_S344_L003_R2_001.fastq.gz	03_rename_fastq_files/F8_low_cov/ISC_355.2_F8lowcov_2H7_run1_R1.fastq.gz	03_rename_fastq_files/F8_low_cov/ISC_355.2_F8lowcov_2H7_run1_R2.fastq.gz
ISC_355.2	9381x6198_rep2	ISC_355.2_F8lowcov	2H7	2022-12-03	01_unzip_raw_data/02_unzip_lowcov_F8/H32TKDSX5_4_R14689_20230126/demultiplexed/216110/216110_CTCGTGCGTTGCCTCGGATA_S344_L004_R1_001.fastq.gz	01_unzip_raw_data/02_unzip_lowcov_F8/H32TKDSX5_4_R14689_20230126/demultiplexed/216110/216110_CTCGTGCGTTGCCTCGGATA_S344_L004_R2_001.fastq.gz	03_rename_fastq_files/F8_low_cov/ISC_355.2_F8lowcov_2H7_run2_R1.fastq.gz	03_rename_fastq_files/F8_low_cov/ISC_355.2_F8lowcov_2H7_run2_R2.fastq.gz
ISC_356.1	9382x6035_rep1	ISC_356.1_F8lowcov	4E2	2022-12-03	01_unzip_raw_data/02_unzip_lowcov_F8/H32TKDSX5_3_R14689_20230126/demultiplexed/216111/216111_GGTAGAATTAGTAGCCATCA_S205_L003_R1_001.fastq.gz	01_unzip_raw_data/02_unzip_lowcov_F8/H32TKDSX5_3_R14689_20230126/demultiplexed/216111/216111_GGTAGAATTAGTAGCCATCA_S205_L003_R2_001.fastq.gz	03_rename_fastq_files/F8_low_cov/ISC_356.1_F8lowcov_4E2_run1_R1.fastq.gz	03_rename_fastq_files/F8_low_cov/ISC_356.1_F8lowcov_4E2_run1_R2.fastq.gz
ISC_356.1	9382x6035_rep1	ISC_356.1_F8lowcov	4E2	2022-12-03	01_unzip_raw_data/02_unzip_lowcov_F8/H32TKDSX5_4_R14689_20230126/demultiplexed/216111/216111_GGTAGAATTAGTAGCCATCA_S205_L004_R1_001.fastq.gz	01_unzip_raw_data/02_unzip_lowcov_F8/H32TKDSX5_4_R14689_20230126/demultiplexed/216111/216111_GGTAGAATTAGTAGCCATCA_S205_L004_R2_001.fastq.gz	03_rename_fastq_files/F8_low_cov/ISC_356.1_F8lowcov_4E2_run2_R1.fastq.gz	03_rename_fastq_files/F8_low_cov/ISC_356.1_F8lowcov_4E2_run2_R2.fastq.gz
ISC_357.2	9382x6035_rep2	ISC_357.2_F8lowcov	3A7	2022-12-03	01_unzip_raw_data/02_unzip_lowcov_F8/H32TKDSX5_3_R14689_20230126/demultiplexed/216112/216112_TGAACGCGGACTTCGAAGGA_S145_L003_R1_001.fastq.gz	01_unzip_raw_data/02_unzip_lowcov_F8/H32TKDSX5_3_R14689_20230126/demultiplexed/216112/216112_TGAACGCGGACTTCGAAGGA_S145_L003_R2_001.fastq.gz	03_rename_fastq_files/F8_low_cov/ISC_357.2_F8lowcov_3A7_run1_R1.fastq.gz	03_rename_fastq_files/F8_low_cov/ISC_357.2_F8lowcov_3A7_run1_R2.fastq.gz
ISC_357.2	9382x6035_rep2	ISC_357.2_F8lowcov	3A7	2022-12-03	01_unzip_raw_data/02_unzip_lowcov_F8/H32TKDSX5_4_R14689_20230126/demultiplexed/216112/216112_TGAACGCGGACTTCGAAGGA_S145_L004_R1_001.fastq.gz	01_unzip_raw_data/02_unzip_lowcov_F8/H32TKDSX5_4_R14689_20230126/demultiplexed/216112/216112_TGAACGCGGACTTCGAAGGA_S145_L004_R2_001.fastq.gz	03_rename_fastq_files/F8_low_cov/ISC_357.2_F8lowcov_3A7_run2_R1.fastq.gz	03_rename_fastq_files/F8_low_cov/ISC_357.2_F8lowcov_3A7_run2_R2.fastq.gz
ISC_358.1	9386x6171_rep1	ISC_358.1_F8lowcov	2G11	2022-12-03	01_unzip_raw_data/02_unzip_lowcov_F8/H32TKDSX5_3_R14689_20230126/demultiplexed/216110/216110_CATGTAGAGGGATACCTCCT_S375_L003_R1_001.fastq.gz	01_unzip_raw_data/02_unzip_lowcov_F8/H32TKDSX5_3_R14689_20230126/demultiplexed/216110/216110_CATGTAGAGGGATACCTCCT_S375_L003_R2_001.fastq.gz	03_rename_fastq_files/F8_low_cov/ISC_358.1_F8lowcov_2G11_run1_R1.fastq.gz	03_rename_fastq_files/F8_low_cov/ISC_358.1_F8lowcov_2G11_run1_R2.fastq.gz
ISC_358.1	9386x6171_rep1	ISC_358.1_F8lowcov	2G11	2022-12-03	01_unzip_raw_data/02_unzip_lowcov_F8/H32TKDSX5_4_R14689_20230126/demultiplexed/216110/216110_CATGTAGAGGGATACCTCCT_S375_L004_R1_001.fastq.gz	01_unzip_raw_data/02_unzip_lowcov_F8/H32TKDSX5_4_R14689_20230126/demultiplexed/216110/216110_CATGTAGAGGGATACCTCCT_S375_L004_R2_001.fastq.gz	03_rename_fastq_files/F8_low_cov/ISC_358.1_F8lowcov_2G11_run2_R1.fastq.gz	03_rename_fastq_files/F8_low_cov/ISC_358.1_F8lowcov_2G11_run2_R2.fastq.gz
ISC_359.2	9386x6171_rep2	ISC_359.2_F8lowcov	3D11	2022-12-03	01_unzip_raw_data/02_unzip_lowcov_F8/H32TKDSX5_3_R14689_20230126/demultiplexed/216112/216112_CTTCCTAGGACCTAGAGTAT_S180_L003_R1_001.fastq.gz	01_unzip_raw_data/02_unzip_lowcov_F8/H32TKDSX5_3_R14689_20230126/demultiplexed/216112/216112_CTTCCTAGGACCTAGAGTAT_S180_L003_R2_001.fastq.gz	03_rename_fastq_files/F8_low_cov/ISC_359.2_F8lowcov_3D11_run1_R1.fastq.gz	03_rename_fastq_files/F8_low_cov/ISC_359.2_F8lowcov_3D11_run1_R2.fastq.gz
ISC_359.2	9386x6171_rep2	ISC_359.2_F8lowcov	3D11	2022-12-03	01_unzip_raw_data/02_unzip_lowcov_F8/H32TKDSX5_4_R14689_20230126/demultiplexed/216112/216112_CTTCCTAGGACCTAGAGTAT_S180_L004_R1_001.fastq.gz	01_unzip_raw_data/02_unzip_lowcov_F8/H32TKDSX5_4_R14689_20230126/demultiplexed/216112/216112_CTTCCTAGGACCTAGAGTAT_S180_L004_R2_001.fastq.gz	03_rename_fastq_files/F8_low_cov/ISC_359.2_F8lowcov_3D11_run2_R1.fastq.gz	03_rename_fastq_files/F8_low_cov/ISC_359.2_F8lowcov_3D11_run2_R2.fastq.gz
ISC_360.1	9388x9057_rep1	ISC_360.1_F8lowcov	2H2	2022-12-03	01_unzip_raw_data/02_unzip_lowcov_F8/H32TKDSX5_3_R14689_20230126/demultiplexed/216110/216110_GCCGTAACCGAAGACTATAG_S304_L003_R1_001.fastq.gz	01_unzip_raw_data/02_unzip_lowcov_F8/H32TKDSX5_3_R14689_20230126/demultiplexed/216110/216110_GCCGTAACCGAAGACTATAG_S304_L003_R2_001.fastq.gz	03_rename_fastq_files/F8_low_cov/ISC_360.1_F8lowcov_2H2_run1_R1.fastq.gz	03_rename_fastq_files/F8_low_cov/ISC_360.1_F8lowcov_2H2_run1_R2.fastq.gz
ISC_360.1	9388x9057_rep1	ISC_360.1_F8lowcov	2H2	2022-12-03	01_unzip_raw_data/02_unzip_lowcov_F8/H32TKDSX5_4_R14689_20230126/demultiplexed/216110/216110_GCCGTAACCGAAGACTATAG_S304_L004_R1_001.fastq.gz	01_unzip_raw_data/02_unzip_lowcov_F8/H32TKDSX5_4_R14689_20230126/demultiplexed/216110/216110_GCCGTAACCGAAGACTATAG_S304_L004_R2_001.fastq.gz	03_rename_fastq_files/F8_low_cov/ISC_360.1_F8lowcov_2H2_run2_R1.fastq.gz	03_rename_fastq_files/F8_low_cov/ISC_360.1_F8lowcov_2H2_run2_R2.fastq.gz
ISC_361.2	9388x9057_rep2	ISC_361.2_F8lowcov	4B2	2022-12-03	01_unzip_raw_data/02_unzip_lowcov_F8/H32TKDSX5_3_R14689_20230126/demultiplexed/216111/216111_TTCTGTAGAAGAGCGCAATA_S202_L003_R1_001.fastq.gz	01_unzip_raw_data/02_unzip_lowcov_F8/H32TKDSX5_3_R14689_20230126/demultiplexed/216111/216111_TTCTGTAGAAGAGCGCAATA_S202_L003_R2_001.fastq.gz	03_rename_fastq_files/F8_low_cov/ISC_361.2_F8lowcov_4B2_run1_R1.fastq.gz	03_rename_fastq_files/F8_low_cov/ISC_361.2_F8lowcov_4B2_run1_R2.fastq.gz
ISC_361.2	9388x9057_rep2	ISC_361.2_F8lowcov	4B2	2022-12-03	01_unzip_raw_data/02_unzip_lowcov_F8/H32TKDSX5_4_R14689_20230126/demultiplexed/216111/216111_TTCTGTAGAAGAGCGCAATA_S202_L004_R1_001.fastq.gz	01_unzip_raw_data/02_unzip_lowcov_F8/H32TKDSX5_4_R14689_20230126/demultiplexed/216111/216111_TTCTGTAGAAGAGCGCAATA_S202_L004_R2_001.fastq.gz	03_rename_fastq_files/F8_low_cov/ISC_361.2_F8lowcov_4B2_run2_R1.fastq.gz	03_rename_fastq_files/F8_low_cov/ISC_361.2_F8lowcov_4B2_run2_R2.fastq.gz
ISC_362.1	9390x8283_rep1	ISC_362.1_F8lowcov	2C3	2022-12-03	01_unzip_raw_data/02_unzip_lowcov_F8/H32TKDSX5_3_R14689_20230126/demultiplexed/216110/216110_CTAATGATGGGGTTGCCTCT_S307_L003_R1_001.fastq.gz	01_unzip_raw_data/02_unzip_lowcov_F8/H32TKDSX5_3_R14689_20230126/demultiplexed/216110/216110_CTAATGATGGGGTTGCCTCT_S307_L003_R2_001.fastq.gz	03_rename_fastq_files/F8_low_cov/ISC_362.1_F8lowcov_2C3_run1_R1.fastq.gz	03_rename_fastq_files/F8_low_cov/ISC_362.1_F8lowcov_2C3_run1_R2.fastq.gz
ISC_362.1	9390x8283_rep1	ISC_362.1_F8lowcov	2C3	2022-12-03	01_unzip_raw_data/02_unzip_lowcov_F8/H32TKDSX5_4_R14689_20230126/demultiplexed/216110/216110_CTAATGATGGGGTTGCCTCT_S307_L004_R1_001.fastq.gz	01_unzip_raw_data/02_unzip_lowcov_F8/H32TKDSX5_4_R14689_20230126/demultiplexed/216110/216110_CTAATGATGGGGTTGCCTCT_S307_L004_R2_001.fastq.gz	03_rename_fastq_files/F8_low_cov/ISC_362.1_F8lowcov_2C3_run2_R1.fastq.gz	03_rename_fastq_files/F8_low_cov/ISC_362.1_F8lowcov_2C3_run2_R2.fastq.gz
ISC_363.2	9390x8283_rep2	ISC_363.2_F8lowcov	1F7	2022-12-03	01_unzip_raw_data/02_unzip_lowcov_F8/H32TKDSX5_3_R14689_20230126/demultiplexed/216113/216113_CGAACGCACCATGACAGAAC_S54_L003_R1_001.fastq.gz	01_unzip_raw_data/02_unzip_lowcov_F8/H32TKDSX5_3_R14689_20230126/demultiplexed/216113/216113_CGAACGCACCATGACAGAAC_S54_L003_R2_001.fastq.gz	03_rename_fastq_files/F8_low_cov/ISC_363.2_F8lowcov_1F7_run1_R1.fastq.gz	03_rename_fastq_files/F8_low_cov/ISC_363.2_F8lowcov_1F7_run1_R2.fastq.gz
ISC_363.2	9390x8283_rep2	ISC_363.2_F8lowcov	1F7	2022-12-03	01_unzip_raw_data/02_unzip_lowcov_F8/H32TKDSX5_4_R14689_20230126/demultiplexed/216113/216113_CGAACGCACCATGACAGAAC_S54_L004_R1_001.fastq.gz	01_unzip_raw_data/02_unzip_lowcov_F8/H32TKDSX5_4_R14689_20230126/demultiplexed/216113/216113_CGAACGCACCATGACAGAAC_S54_L004_R2_001.fastq.gz	03_rename_fastq_files/F8_low_cov/ISC_363.2_F8lowcov_1F7_run2_R1.fastq.gz	03_rename_fastq_files/F8_low_cov/ISC_363.2_F8lowcov_1F7_run2_R2.fastq.gz
ISC_364.1	9391x5867_rep1	ISC_364.1_F8lowcov	3C6	2022-12-03	01_unzip_raw_data/02_unzip_lowcov_F8/H32TKDSX5_3_R14689_20230126/demultiplexed/216112/216112_CTCCACTAATTGTACTTGTT_S139_L003_R1_001.fastq.gz	01_unzip_raw_data/02_unzip_lowcov_F8/H32TKDSX5_3_R14689_20230126/demultiplexed/216112/216112_CTCCACTAATTGTACTTGTT_S139_L003_R2_001.fastq.gz	03_rename_fastq_files/F8_low_cov/ISC_364.1_F8lowcov_3C6_run1_R1.fastq.gz	03_rename_fastq_files/F8_low_cov/ISC_364.1_F8lowcov_3C6_run1_R2.fastq.gz
ISC_364.1	9391x5867_rep1	ISC_364.1_F8lowcov	3C6	2022-12-03	01_unzip_raw_data/02_unzip_lowcov_F8/H32TKDSX5_4_R14689_20230126/demultiplexed/216112/216112_CTCCACTAATTGTACTTGTT_S139_L004_R1_001.fastq.gz	01_unzip_raw_data/02_unzip_lowcov_F8/H32TKDSX5_4_R14689_20230126/demultiplexed/216112/216112_CTCCACTAATTGTACTTGTT_S139_L004_R2_001.fastq.gz	03_rename_fastq_files/F8_low_cov/ISC_364.1_F8lowcov_3C6_run2_R1.fastq.gz	03_rename_fastq_files/F8_low_cov/ISC_364.1_F8lowcov_3C6_run2_R2.fastq.gz
ISC_365.2	9391x5867_rep2	ISC_365.2_F8lowcov	1E9	2022-12-03	01_unzip_raw_data/02_unzip_lowcov_F8/H32TKDSX5_3_R14689_20230126/demultiplexed/216113/216113_CCTGGACGCATGGTATACCA_S69_L003_R1_001.fastq.gz	01_unzip_raw_data/02_unzip_lowcov_F8/H32TKDSX5_3_R14689_20230126/demultiplexed/216113/216113_CCTGGACGCATGGTATACCA_S69_L003_R2_001.fastq.gz	03_rename_fastq_files/F8_low_cov/ISC_365.2_F8lowcov_1E9_run1_R1.fastq.gz	03_rename_fastq_files/F8_low_cov/ISC_365.2_F8lowcov_1E9_run1_R2.fastq.gz
ISC_365.2	9391x5867_rep2	ISC_365.2_F8lowcov	1E9	2022-12-03	01_unzip_raw_data/02_unzip_lowcov_F8/H32TKDSX5_4_R14689_20230126/demultiplexed/216113/216113_CCTGGACGCATGGTATACCA_S69_L004_R1_001.fastq.gz	01_unzip_raw_data/02_unzip_lowcov_F8/H32TKDSX5_4_R14689_20230126/demultiplexed/216113/216113_CCTGGACGCATGGTATACCA_S69_L004_R2_001.fastq.gz	03_rename_fastq_files/F8_low_cov/ISC_365.2_F8lowcov_1E9_run2_R1.fastq.gz	03_rename_fastq_files/F8_low_cov/ISC_365.2_F8lowcov_1E9_run2_R2.fastq.gz
ISC_366.1	9391x9353_rep1	ISC_366.1_F8lowcov	2C12	2022-12-03	01_unzip_raw_data/02_unzip_lowcov_F8/H32TKDSX5_3_R14689_20230126/demultiplexed/216110/216110_CGCCTTCTGAGGCCATCATA_S379_L003_R1_001.fastq.gz	01_unzip_raw_data/02_unzip_lowcov_F8/H32TKDSX5_3_R14689_20230126/demultiplexed/216110/216110_CGCCTTCTGAGGCCATCATA_S379_L003_R2_001.fastq.gz	03_rename_fastq_files/F8_low_cov/ISC_366.1_F8lowcov_2C12_run1_R1.fastq.gz	03_rename_fastq_files/F8_low_cov/ISC_366.1_F8lowcov_2C12_run1_R2.fastq.gz
ISC_366.1	9391x9353_rep1	ISC_366.1_F8lowcov	2C12	2022-12-03	01_unzip_raw_data/02_unzip_lowcov_F8/H32TKDSX5_4_R14689_20230126/demultiplexed/216110/216110_CGCCTTCTGAGGCCATCATA_S379_L004_R1_001.fastq.gz	01_unzip_raw_data/02_unzip_lowcov_F8/H32TKDSX5_4_R14689_20230126/demultiplexed/216110/216110_CGCCTTCTGAGGCCATCATA_S379_L004_R2_001.fastq.gz	03_rename_fastq_files/F8_low_cov/ISC_366.1_F8lowcov_2C12_run2_R1.fastq.gz	03_rename_fastq_files/F8_low_cov/ISC_366.1_F8lowcov_2C12_run2_R2.fastq.gz
ISC_367.2	9391x9353_rep2	ISC_367.2_F8lowcov	4D7	2022-12-03	01_unzip_raw_data/02_unzip_lowcov_F8/H32TKDSX5_3_R14689_20230126/demultiplexed/216111/216111_CCGCGTATAGTAGGAACCGG_S244_L003_R1_001.fastq.gz	01_unzip_raw_data/02_unzip_lowcov_F8/H32TKDSX5_3_R14689_20230126/demultiplexed/216111/216111_CCGCGTATAGTAGGAACCGG_S244_L003_R2_001.fastq.gz	03_rename_fastq_files/F8_low_cov/ISC_367.2_F8lowcov_4D7_run1_R1.fastq.gz	03_rename_fastq_files/F8_low_cov/ISC_367.2_F8lowcov_4D7_run1_R2.fastq.gz
ISC_367.2	9391x9353_rep2	ISC_367.2_F8lowcov	4D7	2022-12-03	01_unzip_raw_data/02_unzip_lowcov_F8/H32TKDSX5_4_R14689_20230126/demultiplexed/216111/216111_CCGCGTATAGTAGGAACCGG_S244_L004_R1_001.fastq.gz	01_unzip_raw_data/02_unzip_lowcov_F8/H32TKDSX5_4_R14689_20230126/demultiplexed/216111/216111_CCGCGTATAGTAGGAACCGG_S244_L004_R2_001.fastq.gz	03_rename_fastq_files/F8_low_cov/ISC_367.2_F8lowcov_4D7_run2_R1.fastq.gz	03_rename_fastq_files/F8_low_cov/ISC_367.2_F8lowcov_4D7_run2_R2.fastq.gz
ISC_368.1	9392x6073_rep1	ISC_368.1_F8lowcov	3A1	2022-12-03	01_unzip_raw_data/02_unzip_lowcov_F8/H32TKDSX5_3_R14689_20230126/demultiplexed/216112/216112_TCTCATGATAAACACGTGGA_S97_L003_R1_001.fastq.gz	01_unzip_raw_data/02_unzip_lowcov_F8/H32TKDSX5_3_R14689_20230126/demultiplexed/216112/216112_TCTCATGATAAACACGTGGA_S97_L003_R2_001.fastq.gz	03_rename_fastq_files/F8_low_cov/ISC_368.1_F8lowcov_3A1_run1_R1.fastq.gz	03_rename_fastq_files/F8_low_cov/ISC_368.1_F8lowcov_3A1_run1_R2.fastq.gz
ISC_368.1	9392x6073_rep1	ISC_368.1_F8lowcov	3A1	2022-12-03	01_unzip_raw_data/02_unzip_lowcov_F8/H32TKDSX5_4_R14689_20230126/demultiplexed/216112/216112_TCTCATGATAAACACGTGGA_S97_L004_R1_001.fastq.gz	01_unzip_raw_data/02_unzip_lowcov_F8/H32TKDSX5_4_R14689_20230126/demultiplexed/216112/216112_TCTCATGATAAACACGTGGA_S97_L004_R2_001.fastq.gz	03_rename_fastq_files/F8_low_cov/ISC_368.1_F8lowcov_3A1_run2_R1.fastq.gz	03_rename_fastq_files/F8_low_cov/ISC_368.1_F8lowcov_3A1_run2_R2.fastq.gz
ISC_369.2	9392x6073_rep2	ISC_369.2_F8lowcov	2A6	2022-12-03	01_unzip_raw_data/02_unzip_lowcov_F8/H32TKDSX5_3_R14689_20230126/demultiplexed/216110/216110_ATTGCCGAGTGACAACTGAA_S329_L003_R1_001.fastq.gz	01_unzip_raw_data/02_unzip_lowcov_F8/H32TKDSX5_3_R14689_20230126/demultiplexed/216110/216110_ATTGCCGAGTGACAACTGAA_S329_L003_R2_001.fastq.gz	03_rename_fastq_files/F8_low_cov/ISC_369.2_F8lowcov_2A6_run1_R1.fastq.gz	03_rename_fastq_files/F8_low_cov/ISC_369.2_F8lowcov_2A6_run1_R2.fastq.gz
ISC_369.2	9392x6073_rep2	ISC_369.2_F8lowcov	2A6	2022-12-03	01_unzip_raw_data/02_unzip_lowcov_F8/H32TKDSX5_4_R14689_20230126/demultiplexed/216110/216110_ATTGCCGAGTGACAACTGAA_S329_L004_R1_001.fastq.gz	01_unzip_raw_data/02_unzip_lowcov_F8/H32TKDSX5_4_R14689_20230126/demultiplexed/216110/216110_ATTGCCGAGTGACAACTGAA_S329_L004_R2_001.fastq.gz	03_rename_fastq_files/F8_low_cov/ISC_369.2_F8lowcov_2A6_run2_R1.fastq.gz	03_rename_fastq_files/F8_low_cov/ISC_369.2_F8lowcov_2A6_run2_R2.fastq.gz
ISC_370.1	9395x9454_rep1	ISC_370.1_F8lowcov	3G4	2022-12-03	01_unzip_raw_data/02_unzip_lowcov_F8/H32TKDSX5_3_R14689_20230126/demultiplexed/216112/216112_TAGCATAACCGCTATGCGCA_S127_L003_R1_001.fastq.gz	01_unzip_raw_data/02_unzip_lowcov_F8/H32TKDSX5_3_R14689_20230126/demultiplexed/216112/216112_TAGCATAACCGCTATGCGCA_S127_L003_R2_001.fastq.gz	03_rename_fastq_files/F8_low_cov/ISC_370.1_F8lowcov_3G4_run1_R1.fastq.gz	03_rename_fastq_files/F8_low_cov/ISC_370.1_F8lowcov_3G4_run1_R2.fastq.gz
ISC_370.1	9395x9454_rep1	ISC_370.1_F8lowcov	3G4	2022-12-03	01_unzip_raw_data/02_unzip_lowcov_F8/H32TKDSX5_4_R14689_20230126/demultiplexed/216112/216112_TAGCATAACCGCTATGCGCA_S127_L004_R1_001.fastq.gz	01_unzip_raw_data/02_unzip_lowcov_F8/H32TKDSX5_4_R14689_20230126/demultiplexed/216112/216112_TAGCATAACCGCTATGCGCA_S127_L004_R2_001.fastq.gz	03_rename_fastq_files/F8_low_cov/ISC_370.1_F8lowcov_3G4_run2_R1.fastq.gz	03_rename_fastq_files/F8_low_cov/ISC_370.1_F8lowcov_3G4_run2_R2.fastq.gz
ISC_371.2	9395x9454_rep2	ISC_371.2_F8lowcov	3H5	2022-12-03	01_unzip_raw_data/02_unzip_lowcov_F8/H32TKDSX5_3_R14689_20230126/demultiplexed/216112/216112_CAGTAATTACCGAGGCGGTA_S136_L003_R1_001.fastq.gz	01_unzip_raw_data/02_unzip_lowcov_F8/H32TKDSX5_3_R14689_20230126/demultiplexed/216112/216112_CAGTAATTACCGAGGCGGTA_S136_L003_R2_001.fastq.gz	03_rename_fastq_files/F8_low_cov/ISC_371.2_F8lowcov_3H5_run1_R1.fastq.gz	03_rename_fastq_files/F8_low_cov/ISC_371.2_F8lowcov_3H5_run1_R2.fastq.gz
ISC_371.2	9395x9454_rep2	ISC_371.2_F8lowcov	3H5	2022-12-03	01_unzip_raw_data/02_unzip_lowcov_F8/H32TKDSX5_4_R14689_20230126/demultiplexed/216112/216112_CAGTAATTACCGAGGCGGTA_S136_L004_R1_001.fastq.gz	01_unzip_raw_data/02_unzip_lowcov_F8/H32TKDSX5_4_R14689_20230126/demultiplexed/216112/216112_CAGTAATTACCGAGGCGGTA_S136_L004_R2_001.fastq.gz	03_rename_fastq_files/F8_low_cov/ISC_371.2_F8lowcov_3H5_run2_R1.fastq.gz	03_rename_fastq_files/F8_low_cov/ISC_371.2_F8lowcov_3H5_run2_R2.fastq.gz
ISC_372.1	9399x6097_rep1	ISC_372.1_F8lowcov	1C6	2022-12-03	01_unzip_raw_data/02_unzip_lowcov_F8/H32TKDSX5_3_R14689_20230126/demultiplexed/216113/216113_CAATCCTTGTCGAAGACGCA_S43_L003_R1_001.fastq.gz	01_unzip_raw_data/02_unzip_lowcov_F8/H32TKDSX5_3_R14689_20230126/demultiplexed/216113/216113_CAATCCTTGTCGAAGACGCA_S43_L003_R2_001.fastq.gz	03_rename_fastq_files/F8_low_cov/ISC_372.1_F8lowcov_1C6_run1_R1.fastq.gz	03_rename_fastq_files/F8_low_cov/ISC_372.1_F8lowcov_1C6_run1_R2.fastq.gz
ISC_372.1	9399x6097_rep1	ISC_372.1_F8lowcov	1C6	2022-12-03	01_unzip_raw_data/02_unzip_lowcov_F8/H32TKDSX5_4_R14689_20230126/demultiplexed/216113/216113_CAATCCTTGTCGAAGACGCA_S43_L004_R1_001.fastq.gz	01_unzip_raw_data/02_unzip_lowcov_F8/H32TKDSX5_4_R14689_20230126/demultiplexed/216113/216113_CAATCCTTGTCGAAGACGCA_S43_L004_R2_001.fastq.gz	03_rename_fastq_files/F8_low_cov/ISC_372.1_F8lowcov_1C6_run2_R1.fastq.gz	03_rename_fastq_files/F8_low_cov/ISC_372.1_F8lowcov_1C6_run2_R2.fastq.gz
ISC_373.2	9399x6097_rep2	ISC_373.2_F8lowcov	3C11	2022-12-03	01_unzip_raw_data/02_unzip_lowcov_F8/H32TKDSX5_3_R14689_20230126/demultiplexed/216112/216112_AGCTAAGCGGATTAATACGC_S179_L003_R1_001.fastq.gz	01_unzip_raw_data/02_unzip_lowcov_F8/H32TKDSX5_3_R14689_20230126/demultiplexed/216112/216112_AGCTAAGCGGATTAATACGC_S179_L003_R2_001.fastq.gz	03_rename_fastq_files/F8_low_cov/ISC_373.2_F8lowcov_3C11_run1_R1.fastq.gz	03_rename_fastq_files/F8_low_cov/ISC_373.2_F8lowcov_3C11_run1_R2.fastq.gz
ISC_373.2	9399x6097_rep2	ISC_373.2_F8lowcov	3C11	2022-12-03	01_unzip_raw_data/02_unzip_lowcov_F8/H32TKDSX5_4_R14689_20230126/demultiplexed/216112/216112_AGCTAAGCGGATTAATACGC_S179_L004_R1_001.fastq.gz	01_unzip_raw_data/02_unzip_lowcov_F8/H32TKDSX5_4_R14689_20230126/demultiplexed/216112/216112_AGCTAAGCGGATTAATACGC_S179_L004_R2_001.fastq.gz	03_rename_fastq_files/F8_low_cov/ISC_373.2_F8lowcov_3C11_run2_R1.fastq.gz	03_rename_fastq_files/F8_low_cov/ISC_373.2_F8lowcov_3C11_run2_R2.fastq.gz
ISC_374.1	9402x6169_rep1	ISC_374.1_F8lowcov	4C7	2022-12-03	01_unzip_raw_data/02_unzip_lowcov_F8/H32TKDSX5_3_R14689_20230126/demultiplexed/216111/216111_ACGTTCCTTAGACCGCTGTG_S243_L003_R1_001.fastq.gz	01_unzip_raw_data/02_unzip_lowcov_F8/H32TKDSX5_3_R14689_20230126/demultiplexed/216111/216111_ACGTTCCTTAGACCGCTGTG_S243_L003_R2_001.fastq.gz	03_rename_fastq_files/F8_low_cov/ISC_374.1_F8lowcov_4C7_run1_R1.fastq.gz	03_rename_fastq_files/F8_low_cov/ISC_374.1_F8lowcov_4C7_run1_R2.fastq.gz
ISC_374.1	9402x6169_rep1	ISC_374.1_F8lowcov	4C7	2022-12-03	01_unzip_raw_data/02_unzip_lowcov_F8/H32TKDSX5_4_R14689_20230126/demultiplexed/216111/216111_ACGTTCCTTAGACCGCTGTG_S243_L004_R1_001.fastq.gz	01_unzip_raw_data/02_unzip_lowcov_F8/H32TKDSX5_4_R14689_20230126/demultiplexed/216111/216111_ACGTTCCTTAGACCGCTGTG_S243_L004_R2_001.fastq.gz	03_rename_fastq_files/F8_low_cov/ISC_374.1_F8lowcov_4C7_run2_R1.fastq.gz	03_rename_fastq_files/F8_low_cov/ISC_374.1_F8lowcov_4C7_run2_R2.fastq.gz
ISC_375.2	9402x6169_rep2	ISC_375.2_F8lowcov	3A5	2022-12-03	01_unzip_raw_data/02_unzip_lowcov_F8/H32TKDSX5_3_R14689_20230126/demultiplexed/216112/216112_TAGTGGAAGCAGTACCTATA_S129_L003_R1_001.fastq.gz	01_unzip_raw_data/02_unzip_lowcov_F8/H32TKDSX5_3_R14689_20230126/demultiplexed/216112/216112_TAGTGGAAGCAGTACCTATA_S129_L003_R2_001.fastq.gz	03_rename_fastq_files/F8_low_cov/ISC_375.2_F8lowcov_3A5_run1_R1.fastq.gz	03_rename_fastq_files/F8_low_cov/ISC_375.2_F8lowcov_3A5_run1_R2.fastq.gz
ISC_375.2	9402x6169_rep2	ISC_375.2_F8lowcov	3A5	2022-12-03	01_unzip_raw_data/02_unzip_lowcov_F8/H32TKDSX5_4_R14689_20230126/demultiplexed/216112/216112_TAGTGGAAGCAGTACCTATA_S129_L004_R1_001.fastq.gz	01_unzip_raw_data/02_unzip_lowcov_F8/H32TKDSX5_4_R14689_20230126/demultiplexed/216112/216112_TAGTGGAAGCAGTACCTATA_S129_L004_R2_001.fastq.gz	03_rename_fastq_files/F8_low_cov/ISC_375.2_F8lowcov_3A5_run2_R1.fastq.gz	03_rename_fastq_files/F8_low_cov/ISC_375.2_F8lowcov_3A5_run2_R2.fastq.gz
ISC_376.1	9404x9390_rep1	ISC_376.1_F8lowcov	1C5	2022-12-03	01_unzip_raw_data/02_unzip_lowcov_F8/H32TKDSX5_3_R14689_20230126/demultiplexed/216113/216113_AAGTTCTAGTGGTAAGATAA_S35_L003_R1_001.fastq.gz	01_unzip_raw_data/02_unzip_lowcov_F8/H32TKDSX5_3_R14689_20230126/demultiplexed/216113/216113_AAGTTCTAGTGGTAAGATAA_S35_L003_R2_001.fastq.gz	03_rename_fastq_files/F8_low_cov/ISC_376.1_F8lowcov_1C5_run1_R1.fastq.gz	03_rename_fastq_files/F8_low_cov/ISC_376.1_F8lowcov_1C5_run1_R2.fastq.gz
ISC_376.1	9404x9390_rep1	ISC_376.1_F8lowcov	1C5	2022-12-03	01_unzip_raw_data/02_unzip_lowcov_F8/H32TKDSX5_4_R14689_20230126/demultiplexed/216113/216113_AAGTTCTAGTGGTAAGATAA_S35_L004_R1_001.fastq.gz	01_unzip_raw_data/02_unzip_lowcov_F8/H32TKDSX5_4_R14689_20230126/demultiplexed/216113/216113_AAGTTCTAGTGGTAAGATAA_S35_L004_R2_001.fastq.gz	03_rename_fastq_files/F8_low_cov/ISC_376.1_F8lowcov_1C5_run2_R1.fastq.gz	03_rename_fastq_files/F8_low_cov/ISC_376.1_F8lowcov_1C5_run2_R2.fastq.gz
ISC_377.2	9404x9390_rep2	ISC_377.2_F8lowcov	1C1	2022-12-03	01_unzip_raw_data/02_unzip_lowcov_F8/H32TKDSX5_3_R14689_20230126/demultiplexed/216113/216113_CTTCTAAGTCACTCTACAGG_S3_L003_R1_001.fastq.gz	01_unzip_raw_data/02_unzip_lowcov_F8/H32TKDSX5_3_R14689_20230126/demultiplexed/216113/216113_CTTCTAAGTCACTCTACAGG_S3_L003_R2_001.fastq.gz	03_rename_fastq_files/F8_low_cov/ISC_377.2_F8lowcov_1C1_run1_R1.fastq.gz	03_rename_fastq_files/F8_low_cov/ISC_377.2_F8lowcov_1C1_run1_R2.fastq.gz
ISC_377.2	9404x9390_rep2	ISC_377.2_F8lowcov	1C1	2022-12-03	01_unzip_raw_data/02_unzip_lowcov_F8/H32TKDSX5_4_R14689_20230126/demultiplexed/216113/216113_CTTCTAAGTCACTCTACAGG_S3_L004_R1_001.fastq.gz	01_unzip_raw_data/02_unzip_lowcov_F8/H32TKDSX5_4_R14689_20230126/demultiplexed/216113/216113_CTTCTAAGTCACTCTACAGG_S3_L004_R2_001.fastq.gz	03_rename_fastq_files/F8_low_cov/ISC_377.2_F8lowcov_1C1_run2_R1.fastq.gz	03_rename_fastq_files/F8_low_cov/ISC_377.2_F8lowcov_1C1_run2_R2.fastq.gz
ISC_378.1	9405x6100_rep1	ISC_378.1_F8lowcov	4A7	2022-12-03	01_unzip_raw_data/02_unzip_lowcov_F8/H32TKDSX5_3_R14689_20230126/demultiplexed/216111/216111_TATGATGGCCGATTGTCATA_S241_L003_R1_001.fastq.gz	01_unzip_raw_data/02_unzip_lowcov_F8/H32TKDSX5_3_R14689_20230126/demultiplexed/216111/216111_TATGATGGCCGATTGTCATA_S241_L003_R2_001.fastq.gz	03_rename_fastq_files/F8_low_cov/ISC_378.1_F8lowcov_4A7_run1_R1.fastq.gz	03_rename_fastq_files/F8_low_cov/ISC_378.1_F8lowcov_4A7_run1_R2.fastq.gz
ISC_378.1	9405x6100_rep1	ISC_378.1_F8lowcov	4A7	2022-12-03	01_unzip_raw_data/02_unzip_lowcov_F8/H32TKDSX5_4_R14689_20230126/demultiplexed/216111/216111_TATGATGGCCGATTGTCATA_S241_L004_R1_001.fastq.gz	01_unzip_raw_data/02_unzip_lowcov_F8/H32TKDSX5_4_R14689_20230126/demultiplexed/216111/216111_TATGATGGCCGATTGTCATA_S241_L004_R2_001.fastq.gz	03_rename_fastq_files/F8_low_cov/ISC_378.1_F8lowcov_4A7_run2_R1.fastq.gz	03_rename_fastq_files/F8_low_cov/ISC_378.1_F8lowcov_4A7_run2_R2.fastq.gz
ISC_379.2	9405x6100_rep2	ISC_379.2_F8lowcov	2F11	2022-12-03	01_unzip_raw_data/02_unzip_lowcov_F8/H32TKDSX5_3_R14689_20230126/demultiplexed/216110/216110_GGAATTCCAAACGTCAATAC_S374_L003_R1_001.fastq.gz	01_unzip_raw_data/02_unzip_lowcov_F8/H32TKDSX5_3_R14689_20230126/demultiplexed/216110/216110_GGAATTCCAAACGTCAATAC_S374_L003_R2_001.fastq.gz	03_rename_fastq_files/F8_low_cov/ISC_379.2_F8lowcov_2F11_run1_R1.fastq.gz	03_rename_fastq_files/F8_low_cov/ISC_379.2_F8lowcov_2F11_run1_R2.fastq.gz
ISC_379.2	9405x6100_rep2	ISC_379.2_F8lowcov	2F11	2022-12-03	01_unzip_raw_data/02_unzip_lowcov_F8/H32TKDSX5_4_R14689_20230126/demultiplexed/216110/216110_GGAATTCCAAACGTCAATAC_S374_L004_R1_001.fastq.gz	01_unzip_raw_data/02_unzip_lowcov_F8/H32TKDSX5_4_R14689_20230126/demultiplexed/216110/216110_GGAATTCCAAACGTCAATAC_S374_L004_R2_001.fastq.gz	03_rename_fastq_files/F8_low_cov/ISC_379.2_F8lowcov_2F11_run2_R1.fastq.gz	03_rename_fastq_files/F8_low_cov/ISC_379.2_F8lowcov_2F11_run2_R2.fastq.gz
ISC_380.1	9407x6040_rep1	ISC_380.1_F8lowcov	2D3	2022-12-03	01_unzip_raw_data/02_unzip_lowcov_F8/H32TKDSX5_3_R14689_20230126/demultiplexed/216110/216110_TCGGCCTATCCGCACATGGC_S308_L003_R1_001.fastq.gz	01_unzip_raw_data/02_unzip_lowcov_F8/H32TKDSX5_3_R14689_20230126/demultiplexed/216110/216110_TCGGCCTATCCGCACATGGC_S308_L003_R2_001.fastq.gz	03_rename_fastq_files/F8_low_cov/ISC_380.1_F8lowcov_2D3_run1_R1.fastq.gz	03_rename_fastq_files/F8_low_cov/ISC_380.1_F8lowcov_2D3_run1_R2.fastq.gz
ISC_380.1	9407x6040_rep1	ISC_380.1_F8lowcov	2D3	2022-12-03	01_unzip_raw_data/02_unzip_lowcov_F8/H32TKDSX5_4_R14689_20230126/demultiplexed/216110/216110_TCGGCCTATCCGCACATGGC_S308_L004_R1_001.fastq.gz	01_unzip_raw_data/02_unzip_lowcov_F8/H32TKDSX5_4_R14689_20230126/demultiplexed/216110/216110_TCGGCCTATCCGCACATGGC_S308_L004_R2_001.fastq.gz	03_rename_fastq_files/F8_low_cov/ISC_380.1_F8lowcov_2D3_run2_R1.fastq.gz	03_rename_fastq_files/F8_low_cov/ISC_380.1_F8lowcov_2D3_run2_R2.fastq.gz
ISC_381.2	9407x6040_rep2	ISC_381.2_F8lowcov	2A3	2022-12-03	01_unzip_raw_data/02_unzip_lowcov_F8/H32TKDSX5_3_R14689_20230126/demultiplexed/216110/216110_AACCATTCTCTCGGCAGCAA_S305_L003_R1_001.fastq.gz	01_unzip_raw_data/02_unzip_lowcov_F8/H32TKDSX5_3_R14689_20230126/demultiplexed/216110/216110_AACCATTCTCTCGGCAGCAA_S305_L003_R2_001.fastq.gz	03_rename_fastq_files/F8_low_cov/ISC_381.2_F8lowcov_2A3_run1_R1.fastq.gz	03_rename_fastq_files/F8_low_cov/ISC_381.2_F8lowcov_2A3_run1_R2.fastq.gz
ISC_381.2	9407x6040_rep2	ISC_381.2_F8lowcov	2A3	2022-12-03	01_unzip_raw_data/02_unzip_lowcov_F8/H32TKDSX5_4_R14689_20230126/demultiplexed/216110/216110_AACCATTCTCTCGGCAGCAA_S305_L004_R1_001.fastq.gz	01_unzip_raw_data/02_unzip_lowcov_F8/H32TKDSX5_4_R14689_20230126/demultiplexed/216110/216110_AACCATTCTCTCGGCAGCAA_S305_L004_R2_001.fastq.gz	03_rename_fastq_files/F8_low_cov/ISC_381.2_F8lowcov_2A3_run2_R1.fastq.gz	03_rename_fastq_files/F8_low_cov/ISC_381.2_F8lowcov_2A3_run2_R2.fastq.gz
ISC_382.1	9408x9352_rep1	ISC_382.1_F8lowcov	5G6	2023-01-19	01_unzip_raw_data/02_unzip_lowcov_F8/HMN2MDRX2_0_R14837_20230130/demultiplexed/219242/219242_AAGGAAGAGTCACGTTAGGC_S47_R1_001.fastq.gz	01_unzip_raw_data/02_unzip_lowcov_F8/HMN2MDRX2_0_R14837_20230130/demultiplexed/219242/219242_AAGGAAGAGTCACGTTAGGC_S47_R2_001.fastq.gz	03_rename_fastq_files/F8_low_cov/ISC_382.1_F8lowcov_5G6_run1_R1.fastq.gz	03_rename_fastq_files/F8_low_cov/ISC_382.1_F8lowcov_5G6_run1_R2.fastq.gz
ISC_383.2	9408x9352_rep2	ISC_383.2_F8lowcov	5A5	2023-01-19	01_unzip_raw_data/02_unzip_lowcov_F8/HMN2MDRX2_0_R14837_20230130/demultiplexed/219242/219242_TAGTGGAAGCAGTACCTATA_S33_R1_001.fastq.gz	01_unzip_raw_data/02_unzip_lowcov_F8/HMN2MDRX2_0_R14837_20230130/demultiplexed/219242/219242_TAGTGGAAGCAGTACCTATA_S33_R2_001.fastq.gz	03_rename_fastq_files/F8_low_cov/ISC_383.2_F8lowcov_5A5_run1_R1.fastq.gz	03_rename_fastq_files/F8_low_cov/ISC_383.2_F8lowcov_5A5_run1_R2.fastq.gz
ISC_384.1	9409x6104_rep1	ISC_384.1_F8lowcov	2F3	2022-12-03	01_unzip_raw_data/02_unzip_lowcov_F8/H32TKDSX5_3_R14689_20230126/demultiplexed/216110/216110_GAGCGCAATACTGTGTTAGG_S310_L003_R1_001.fastq.gz	01_unzip_raw_data/02_unzip_lowcov_F8/H32TKDSX5_3_R14689_20230126/demultiplexed/216110/216110_GAGCGCAATACTGTGTTAGG_S310_L003_R2_001.fastq.gz	03_rename_fastq_files/F8_low_cov/ISC_384.1_F8lowcov_2F3_run1_R1.fastq.gz	03_rename_fastq_files/F8_low_cov/ISC_384.1_F8lowcov_2F3_run1_R2.fastq.gz
ISC_384.1	9409x6104_rep1	ISC_384.1_F8lowcov	2F3	2022-12-03	01_unzip_raw_data/02_unzip_lowcov_F8/H32TKDSX5_4_R14689_20230126/demultiplexed/216110/216110_GAGCGCAATACTGTGTTAGG_S310_L004_R1_001.fastq.gz	01_unzip_raw_data/02_unzip_lowcov_F8/H32TKDSX5_4_R14689_20230126/demultiplexed/216110/216110_GAGCGCAATACTGTGTTAGG_S310_L004_R2_001.fastq.gz	03_rename_fastq_files/F8_low_cov/ISC_384.1_F8lowcov_2F3_run2_R1.fastq.gz	03_rename_fastq_files/F8_low_cov/ISC_384.1_F8lowcov_2F3_run2_R2.fastq.gz
ISC_385.2	9409x6104_rep2	ISC_385.2_F8lowcov	2B12	2022-12-03	01_unzip_raw_data/02_unzip_lowcov_F8/H32TKDSX5_3_R14689_20230126/demultiplexed/216110/216110_CGCTTGAAGTGAACCATGAA_S378_L003_R1_001.fastq.gz	01_unzip_raw_data/02_unzip_lowcov_F8/H32TKDSX5_3_R14689_20230126/demultiplexed/216110/216110_CGCTTGAAGTGAACCATGAA_S378_L003_R2_001.fastq.gz	03_rename_fastq_files/F8_low_cov/ISC_385.2_F8lowcov_2B12_run1_R1.fastq.gz	03_rename_fastq_files/F8_low_cov/ISC_385.2_F8lowcov_2B12_run1_R2.fastq.gz
ISC_385.2	9409x6104_rep2	ISC_385.2_F8lowcov	2B12	2022-12-03	01_unzip_raw_data/02_unzip_lowcov_F8/H32TKDSX5_4_R14689_20230126/demultiplexed/216110/216110_CGCTTGAAGTGAACCATGAA_S378_L004_R1_001.fastq.gz	01_unzip_raw_data/02_unzip_lowcov_F8/H32TKDSX5_4_R14689_20230126/demultiplexed/216110/216110_CGCTTGAAGTGAACCATGAA_S378_L004_R2_001.fastq.gz	03_rename_fastq_files/F8_low_cov/ISC_385.2_F8lowcov_2B12_run2_R1.fastq.gz	03_rename_fastq_files/F8_low_cov/ISC_385.2_F8lowcov_2B12_run2_R2.fastq.gz
ISC_386.1	9412x6024_rep1	ISC_386.1_F8lowcov	1C9	2022-12-03	01_unzip_raw_data/02_unzip_lowcov_F8/H32TKDSX5_3_R14689_20230126/demultiplexed/216113/216113_TCACCGCGCTTCGATACTAG_S67_L003_R1_001.fastq.gz	01_unzip_raw_data/02_unzip_lowcov_F8/H32TKDSX5_3_R14689_20230126/demultiplexed/216113/216113_TCACCGCGCTTCGATACTAG_S67_L003_R2_001.fastq.gz	03_rename_fastq_files/F8_low_cov/ISC_386.1_F8lowcov_1C9_run1_R1.fastq.gz	03_rename_fastq_files/F8_low_cov/ISC_386.1_F8lowcov_1C9_run1_R2.fastq.gz
ISC_386.1	9412x6024_rep1	ISC_386.1_F8lowcov	1C9	2022-12-03	01_unzip_raw_data/02_unzip_lowcov_F8/H32TKDSX5_4_R14689_20230126/demultiplexed/216113/216113_TCACCGCGCTTCGATACTAG_S67_L004_R1_001.fastq.gz	01_unzip_raw_data/02_unzip_lowcov_F8/H32TKDSX5_4_R14689_20230126/demultiplexed/216113/216113_TCACCGCGCTTCGATACTAG_S67_L004_R2_001.fastq.gz	03_rename_fastq_files/F8_low_cov/ISC_386.1_F8lowcov_1C9_run2_R1.fastq.gz	03_rename_fastq_files/F8_low_cov/ISC_386.1_F8lowcov_1C9_run2_R2.fastq.gz
ISC_387.2	9412x6024_rep2	ISC_387.2_F8lowcov	1C2	2022-12-03	01_unzip_raw_data/02_unzip_lowcov_F8/H32TKDSX5_3_R14689_20230126/demultiplexed/216113/216113_TTCACTCACTTATCATGAGA_S11_L003_R1_001.fastq.gz	01_unzip_raw_data/02_unzip_lowcov_F8/H32TKDSX5_3_R14689_20230126/demultiplexed/216113/216113_TTCACTCACTTATCATGAGA_S11_L003_R2_001.fastq.gz	03_rename_fastq_files/F8_low_cov/ISC_387.2_F8lowcov_1C2_run1_R1.fastq.gz	03_rename_fastq_files/F8_low_cov/ISC_387.2_F8lowcov_1C2_run1_R2.fastq.gz
ISC_387.2	9412x6024_rep2	ISC_387.2_F8lowcov	1C2	2022-12-03	01_unzip_raw_data/02_unzip_lowcov_F8/H32TKDSX5_4_R14689_20230126/demultiplexed/216113/216113_TTCACTCACTTATCATGAGA_S11_L004_R1_001.fastq.gz	01_unzip_raw_data/02_unzip_lowcov_F8/H32TKDSX5_4_R14689_20230126/demultiplexed/216113/216113_TTCACTCACTTATCATGAGA_S11_L004_R2_001.fastq.gz	03_rename_fastq_files/F8_low_cov/ISC_387.2_F8lowcov_1C2_run2_R1.fastq.gz	03_rename_fastq_files/F8_low_cov/ISC_387.2_F8lowcov_1C2_run2_R2.fastq.gz
ISC_388.1	9413x8423_rep1	ISC_388.1_F8lowcov	1A3	2022-12-03	01_unzip_raw_data/02_unzip_lowcov_F8/H32TKDSX5_3_R14689_20230126/demultiplexed/216113/216113_ATACATCACATCTCCATTGA_S17_L003_R1_001.fastq.gz	01_unzip_raw_data/02_unzip_lowcov_F8/H32TKDSX5_3_R14689_20230126/demultiplexed/216113/216113_ATACATCACATCTCCATTGA_S17_L003_R2_001.fastq.gz	03_rename_fastq_files/F8_low_cov/ISC_388.1_F8lowcov_1A3_run1_R1.fastq.gz	03_rename_fastq_files/F8_low_cov/ISC_388.1_F8lowcov_1A3_run1_R2.fastq.gz
ISC_388.1	9413x8423_rep1	ISC_388.1_F8lowcov	1A3	2022-12-03	01_unzip_raw_data/02_unzip_lowcov_F8/H32TKDSX5_4_R14689_20230126/demultiplexed/216113/216113_ATACATCACATCTCCATTGA_S17_L004_R1_001.fastq.gz	01_unzip_raw_data/02_unzip_lowcov_F8/H32TKDSX5_4_R14689_20230126/demultiplexed/216113/216113_ATACATCACATCTCCATTGA_S17_L004_R2_001.fastq.gz	03_rename_fastq_files/F8_low_cov/ISC_388.1_F8lowcov_1A3_run2_R1.fastq.gz	03_rename_fastq_files/F8_low_cov/ISC_388.1_F8lowcov_1A3_run2_R2.fastq.gz
ISC_389.2	9413x8423_rep2	ISC_389.2_F8lowcov	1B1	2022-12-03	01_unzip_raw_data/02_unzip_lowcov_F8/H32TKDSX5_3_R14689_20230126/demultiplexed/216113/216113_TGTGGTCCGGAGAGCACTAG_S2_L003_R1_001.fastq.gz	01_unzip_raw_data/02_unzip_lowcov_F8/H32TKDSX5_3_R14689_20230126/demultiplexed/216113/216113_TGTGGTCCGGAGAGCACTAG_S2_L003_R2_001.fastq.gz	03_rename_fastq_files/F8_low_cov/ISC_389.2_F8lowcov_1B1_run1_R1.fastq.gz	03_rename_fastq_files/F8_low_cov/ISC_389.2_F8lowcov_1B1_run1_R2.fastq.gz
ISC_389.2	9413x8423_rep2	ISC_389.2_F8lowcov	1B1	2022-12-03	01_unzip_raw_data/02_unzip_lowcov_F8/H32TKDSX5_4_R14689_20230126/demultiplexed/216113/216113_TGTGGTCCGGAGAGCACTAG_S2_L004_R1_001.fastq.gz	01_unzip_raw_data/02_unzip_lowcov_F8/H32TKDSX5_4_R14689_20230126/demultiplexed/216113/216113_TGTGGTCCGGAGAGCACTAG_S2_L004_R2_001.fastq.gz	03_rename_fastq_files/F8_low_cov/ISC_389.2_F8lowcov_1B1_run2_R1.fastq.gz	03_rename_fastq_files/F8_low_cov/ISC_389.2_F8lowcov_1B1_run2_R2.fastq.gz
ISC_390.1	9416x6086_rep1	ISC_390.1_F8lowcov	3C4	2022-12-03	01_unzip_raw_data/02_unzip_lowcov_F8/H32TKDSX5_3_R14689_20230126/demultiplexed/216112/216112_TTACAGTTAGACATGCATAT_S123_L003_R1_001.fastq.gz	01_unzip_raw_data/02_unzip_lowcov_F8/H32TKDSX5_3_R14689_20230126/demultiplexed/216112/216112_TTACAGTTAGACATGCATAT_S123_L003_R2_001.fastq.gz	03_rename_fastq_files/F8_low_cov/ISC_390.1_F8lowcov_3C4_run1_R1.fastq.gz	03_rename_fastq_files/F8_low_cov/ISC_390.1_F8lowcov_3C4_run1_R2.fastq.gz
ISC_390.1	9416x6086_rep1	ISC_390.1_F8lowcov	3C4	2022-12-03	01_unzip_raw_data/02_unzip_lowcov_F8/H32TKDSX5_4_R14689_20230126/demultiplexed/216112/216112_TTACAGTTAGACATGCATAT_S123_L004_R1_001.fastq.gz	01_unzip_raw_data/02_unzip_lowcov_F8/H32TKDSX5_4_R14689_20230126/demultiplexed/216112/216112_TTACAGTTAGACATGCATAT_S123_L004_R2_001.fastq.gz	03_rename_fastq_files/F8_low_cov/ISC_390.1_F8lowcov_3C4_run2_R1.fastq.gz	03_rename_fastq_files/F8_low_cov/ISC_390.1_F8lowcov_3C4_run2_R2.fastq.gz
ISC_391.2	9416x6086_rep2	ISC_391.2_F8lowcov	4B7	2022-12-03	01_unzip_raw_data/02_unzip_lowcov_F8/H32TKDSX5_3_R14689_20230126/demultiplexed/216111/216111_CGCAGCAATTATTCCGCTAT_S242_L003_R1_001.fastq.gz	01_unzip_raw_data/02_unzip_lowcov_F8/H32TKDSX5_3_R14689_20230126/demultiplexed/216111/216111_CGCAGCAATTATTCCGCTAT_S242_L003_R2_001.fastq.gz	03_rename_fastq_files/F8_low_cov/ISC_391.2_F8lowcov_4B7_run1_R1.fastq.gz	03_rename_fastq_files/F8_low_cov/ISC_391.2_F8lowcov_4B7_run1_R2.fastq.gz
ISC_391.2	9416x6086_rep2	ISC_391.2_F8lowcov	4B7	2022-12-03	01_unzip_raw_data/02_unzip_lowcov_F8/H32TKDSX5_4_R14689_20230126/demultiplexed/216111/216111_CGCAGCAATTATTCCGCTAT_S242_L004_R1_001.fastq.gz	01_unzip_raw_data/02_unzip_lowcov_F8/H32TKDSX5_4_R14689_20230126/demultiplexed/216111/216111_CGCAGCAATTATTCCGCTAT_S242_L004_R2_001.fastq.gz	03_rename_fastq_files/F8_low_cov/ISC_391.2_F8lowcov_4B7_run2_R1.fastq.gz	03_rename_fastq_files/F8_low_cov/ISC_391.2_F8lowcov_4B7_run2_R2.fastq.gz
ISC_392.1	9421x8256_rep1	ISC_392.1_F8lowcov	1H11	2022-12-03	01_unzip_raw_data/02_unzip_lowcov_F8/H32TKDSX5_3_R14689_20230126/demultiplexed/216113/216113_CAAGACGTCCAGTATACGGA_S88_L003_R1_001.fastq.gz	01_unzip_raw_data/02_unzip_lowcov_F8/H32TKDSX5_3_R14689_20230126/demultiplexed/216113/216113_CAAGACGTCCAGTATACGGA_S88_L003_R2_001.fastq.gz	03_rename_fastq_files/F8_low_cov/ISC_392.1_F8lowcov_1H11_run1_R1.fastq.gz	03_rename_fastq_files/F8_low_cov/ISC_392.1_F8lowcov_1H11_run1_R2.fastq.gz
ISC_392.1	9421x8256_rep1	ISC_392.1_F8lowcov	1H11	2022-12-03	01_unzip_raw_data/02_unzip_lowcov_F8/H32TKDSX5_4_R14689_20230126/demultiplexed/216113/216113_CAAGACGTCCAGTATACGGA_S88_L004_R1_001.fastq.gz	01_unzip_raw_data/02_unzip_lowcov_F8/H32TKDSX5_4_R14689_20230126/demultiplexed/216113/216113_CAAGACGTCCAGTATACGGA_S88_L004_R2_001.fastq.gz	03_rename_fastq_files/F8_low_cov/ISC_392.1_F8lowcov_1H11_run2_R1.fastq.gz	03_rename_fastq_files/F8_low_cov/ISC_392.1_F8lowcov_1H11_run2_R2.fastq.gz
ISC_393.2	9421x8256_rep2	ISC_393.2_F8lowcov	2E3	2022-12-03	01_unzip_raw_data/02_unzip_lowcov_F8/H32TKDSX5_3_R14689_20230126/demultiplexed/216110/216110_AGTCAACCATGGCCTGTCCT_S309_L003_R1_001.fastq.gz	01_unzip_raw_data/02_unzip_lowcov_F8/H32TKDSX5_3_R14689_20230126/demultiplexed/216110/216110_AGTCAACCATGGCCTGTCCT_S309_L003_R2_001.fastq.gz	03_rename_fastq_files/F8_low_cov/ISC_393.2_F8lowcov_2E3_run1_R1.fastq.gz	03_rename_fastq_files/F8_low_cov/ISC_393.2_F8lowcov_2E3_run1_R2.fastq.gz
ISC_393.2	9421x8256_rep2	ISC_393.2_F8lowcov	2E3	2022-12-03	01_unzip_raw_data/02_unzip_lowcov_F8/H32TKDSX5_4_R14689_20230126/demultiplexed/216110/216110_AGTCAACCATGGCCTGTCCT_S309_L004_R1_001.fastq.gz	01_unzip_raw_data/02_unzip_lowcov_F8/H32TKDSX5_4_R14689_20230126/demultiplexed/216110/216110_AGTCAACCATGGCCTGTCCT_S309_L004_R2_001.fastq.gz	03_rename_fastq_files/F8_low_cov/ISC_393.2_F8lowcov_2E3_run2_R1.fastq.gz	03_rename_fastq_files/F8_low_cov/ISC_393.2_F8lowcov_2E3_run2_R2.fastq.gz
ISC_394.1	9427x8387_rep1	ISC_394.1_F8lowcov	2H3	2022-12-03	01_unzip_raw_data/02_unzip_lowcov_F8/H32TKDSX5_3_R14689_20230126/demultiplexed/216110/216110_GTATGTAGAACTAACTGTAA_S312_L003_R1_001.fastq.gz	01_unzip_raw_data/02_unzip_lowcov_F8/H32TKDSX5_3_R14689_20230126/demultiplexed/216110/216110_GTATGTAGAACTAACTGTAA_S312_L003_R2_001.fastq.gz	03_rename_fastq_files/F8_low_cov/ISC_394.1_F8lowcov_2H3_run1_R1.fastq.gz	03_rename_fastq_files/F8_low_cov/ISC_394.1_F8lowcov_2H3_run1_R2.fastq.gz
ISC_394.1	9427x8387_rep1	ISC_394.1_F8lowcov	2H3	2022-12-03	01_unzip_raw_data/02_unzip_lowcov_F8/H32TKDSX5_4_R14689_20230126/demultiplexed/216110/216110_GTATGTAGAACTAACTGTAA_S312_L004_R1_001.fastq.gz	01_unzip_raw_data/02_unzip_lowcov_F8/H32TKDSX5_4_R14689_20230126/demultiplexed/216110/216110_GTATGTAGAACTAACTGTAA_S312_L004_R2_001.fastq.gz	03_rename_fastq_files/F8_low_cov/ISC_394.1_F8lowcov_2H3_run2_R1.fastq.gz	03_rename_fastq_files/F8_low_cov/ISC_394.1_F8lowcov_2H3_run2_R2.fastq.gz
ISC_395.2	9427x8387_rep2	ISC_395.2_F8lowcov	3G1	2022-12-03	01_unzip_raw_data/02_unzip_lowcov_F8/H32TKDSX5_3_R14689_20230126/demultiplexed/216112/216112_CGCACGACTGGGACCAACAG_S103_L003_R1_001.fastq.gz	01_unzip_raw_data/02_unzip_lowcov_F8/H32TKDSX5_3_R14689_20230126/demultiplexed/216112/216112_CGCACGACTGGGACCAACAG_S103_L003_R2_001.fastq.gz	03_rename_fastq_files/F8_low_cov/ISC_395.2_F8lowcov_3G1_run1_R1.fastq.gz	03_rename_fastq_files/F8_low_cov/ISC_395.2_F8lowcov_3G1_run1_R2.fastq.gz
ISC_395.2	9427x8387_rep2	ISC_395.2_F8lowcov	3G1	2022-12-03	01_unzip_raw_data/02_unzip_lowcov_F8/H32TKDSX5_4_R14689_20230126/demultiplexed/216112/216112_CGCACGACTGGGACCAACAG_S103_L004_R1_001.fastq.gz	01_unzip_raw_data/02_unzip_lowcov_F8/H32TKDSX5_4_R14689_20230126/demultiplexed/216112/216112_CGCACGACTGGGACCAACAG_S103_L004_R2_001.fastq.gz	03_rename_fastq_files/F8_low_cov/ISC_395.2_F8lowcov_3G1_run2_R1.fastq.gz	03_rename_fastq_files/F8_low_cov/ISC_395.2_F8lowcov_3G1_run2_R2.fastq.gz
ISC_396.1	9433x6030_rep1	ISC_396.1_F8lowcov	5E1	2023-01-19	01_unzip_raw_data/02_unzip_lowcov_F8/HMN2MDRX2_0_R14837_20230130/demultiplexed/219242/219242_TCCTGGTTGTCTGACCGGCA_S5_R1_001.fastq.gz	01_unzip_raw_data/02_unzip_lowcov_F8/HMN2MDRX2_0_R14837_20230130/demultiplexed/219242/219242_TCCTGGTTGTCTGACCGGCA_S5_R2_001.fastq.gz	03_rename_fastq_files/F8_low_cov/ISC_396.1_F8lowcov_5E1_run1_R1.fastq.gz	03_rename_fastq_files/F8_low_cov/ISC_396.1_F8lowcov_5E1_run1_R2.fastq.gz
ISC_397.2	9433x6030_rep2	ISC_397.2_F8lowcov	4H8	2022-12-03	01_unzip_raw_data/02_unzip_lowcov_F8/H32TKDSX5_3_R14689_20230126/demultiplexed/216111/216111_GTGACGGAGCTGGCGGTCCA_S256_L003_R1_001.fastq.gz	01_unzip_raw_data/02_unzip_lowcov_F8/H32TKDSX5_3_R14689_20230126/demultiplexed/216111/216111_GTGACGGAGCTGGCGGTCCA_S256_L003_R2_001.fastq.gz	03_rename_fastq_files/F8_low_cov/ISC_397.2_F8lowcov_4H8_run1_R1.fastq.gz	03_rename_fastq_files/F8_low_cov/ISC_397.2_F8lowcov_4H8_run1_R2.fastq.gz
ISC_397.2	9433x6030_rep2	ISC_397.2_F8lowcov	4H8	2022-12-03	01_unzip_raw_data/02_unzip_lowcov_F8/H32TKDSX5_4_R14689_20230126/demultiplexed/216111/216111_GTGACGGAGCTGGCGGTCCA_S256_L004_R1_001.fastq.gz	01_unzip_raw_data/02_unzip_lowcov_F8/H32TKDSX5_4_R14689_20230126/demultiplexed/216111/216111_GTGACGGAGCTGGCGGTCCA_S256_L004_R2_001.fastq.gz	03_rename_fastq_files/F8_low_cov/ISC_397.2_F8lowcov_4H8_run2_R1.fastq.gz	03_rename_fastq_files/F8_low_cov/ISC_397.2_F8lowcov_4H8_run2_R2.fastq.gz
ISC_398.1	9434x6177_rep1	ISC_398.1_F8lowcov	3H8	2022-12-03	01_unzip_raw_data/02_unzip_lowcov_F8/H32TKDSX5_3_R14689_20230126/demultiplexed/216112/216112_TGCAAGATAATTGAGGACGG_S160_L003_R1_001.fastq.gz	01_unzip_raw_data/02_unzip_lowcov_F8/H32TKDSX5_3_R14689_20230126/demultiplexed/216112/216112_TGCAAGATAATTGAGGACGG_S160_L003_R2_001.fastq.gz	03_rename_fastq_files/F8_low_cov/ISC_398.1_F8lowcov_3H8_run1_R1.fastq.gz	03_rename_fastq_files/F8_low_cov/ISC_398.1_F8lowcov_3H8_run1_R2.fastq.gz
ISC_398.1	9434x6177_rep1	ISC_398.1_F8lowcov	3H8	2022-12-03	01_unzip_raw_data/02_unzip_lowcov_F8/H32TKDSX5_4_R14689_20230126/demultiplexed/216112/216112_TGCAAGATAATTGAGGACGG_S160_L004_R1_001.fastq.gz	01_unzip_raw_data/02_unzip_lowcov_F8/H32TKDSX5_4_R14689_20230126/demultiplexed/216112/216112_TGCAAGATAATTGAGGACGG_S160_L004_R2_001.fastq.gz	03_rename_fastq_files/F8_low_cov/ISC_398.1_F8lowcov_3H8_run2_R1.fastq.gz	03_rename_fastq_files/F8_low_cov/ISC_398.1_F8lowcov_3H8_run2_R2.fastq.gz
ISC_399.2	9434x6177_rep2	ISC_399.2_F8lowcov	2G3	2022-12-03	01_unzip_raw_data/02_unzip_lowcov_F8/H32TKDSX5_3_R14689_20230126/demultiplexed/216110/216110_AACAAGGCGTTAAGGAACGT_S311_L003_R1_001.fastq.gz	01_unzip_raw_data/02_unzip_lowcov_F8/H32TKDSX5_3_R14689_20230126/demultiplexed/216110/216110_AACAAGGCGTTAAGGAACGT_S311_L003_R2_001.fastq.gz	03_rename_fastq_files/F8_low_cov/ISC_399.2_F8lowcov_2G3_run1_R1.fastq.gz	03_rename_fastq_files/F8_low_cov/ISC_399.2_F8lowcov_2G3_run1_R2.fastq.gz
ISC_399.2	9434x6177_rep2	ISC_399.2_F8lowcov	2G3	2022-12-03	01_unzip_raw_data/02_unzip_lowcov_F8/H32TKDSX5_4_R14689_20230126/demultiplexed/216110/216110_AACAAGGCGTTAAGGAACGT_S311_L004_R1_001.fastq.gz	01_unzip_raw_data/02_unzip_lowcov_F8/H32TKDSX5_4_R14689_20230126/demultiplexed/216110/216110_AACAAGGCGTTAAGGAACGT_S311_L004_R2_001.fastq.gz	03_rename_fastq_files/F8_low_cov/ISC_399.2_F8lowcov_2G3_run2_R1.fastq.gz	03_rename_fastq_files/F8_low_cov/ISC_399.2_F8lowcov_2G3_run2_R2.fastq.gz
ISC_400.1	9437x6197_rep1	ISC_400.1_F8lowcov	1H10	2022-12-03	01_unzip_raw_data/02_unzip_lowcov_F8/H32TKDSX5_3_R14689_20230126/demultiplexed/216113/216113_TCCAGCCTGCGCCAGATCCA_S80_L003_R1_001.fastq.gz	01_unzip_raw_data/02_unzip_lowcov_F8/H32TKDSX5_3_R14689_20230126/demultiplexed/216113/216113_TCCAGCCTGCGCCAGATCCA_S80_L003_R2_001.fastq.gz	03_rename_fastq_files/F8_low_cov/ISC_400.1_F8lowcov_1H10_run1_R1.fastq.gz	03_rename_fastq_files/F8_low_cov/ISC_400.1_F8lowcov_1H10_run1_R2.fastq.gz
ISC_400.1	9437x6197_rep1	ISC_400.1_F8lowcov	1H10	2022-12-03	01_unzip_raw_data/02_unzip_lowcov_F8/H32TKDSX5_4_R14689_20230126/demultiplexed/216113/216113_TCCAGCCTGCGCCAGATCCA_S80_L004_R1_001.fastq.gz	01_unzip_raw_data/02_unzip_lowcov_F8/H32TKDSX5_4_R14689_20230126/demultiplexed/216113/216113_TCCAGCCTGCGCCAGATCCA_S80_L004_R2_001.fastq.gz	03_rename_fastq_files/F8_low_cov/ISC_400.1_F8lowcov_1H10_run2_R1.fastq.gz	03_rename_fastq_files/F8_low_cov/ISC_400.1_F8lowcov_1H10_run2_R2.fastq.gz
ISC_401.2	9437x6197_rep2	ISC_401.2_F8lowcov	1H6	2022-12-03	01_unzip_raw_data/02_unzip_lowcov_F8/H32TKDSX5_3_R14689_20230126/demultiplexed/216113/216113_TTAGGCTCAATCGAATGGAA_S48_L003_R1_001.fastq.gz	01_unzip_raw_data/02_unzip_lowcov_F8/H32TKDSX5_3_R14689_20230126/demultiplexed/216113/216113_TTAGGCTCAATCGAATGGAA_S48_L003_R2_001.fastq.gz	03_rename_fastq_files/F8_low_cov/ISC_401.2_F8lowcov_1H6_run1_R1.fastq.gz	03_rename_fastq_files/F8_low_cov/ISC_401.2_F8lowcov_1H6_run1_R2.fastq.gz
ISC_401.2	9437x6197_rep2	ISC_401.2_F8lowcov	1H6	2022-12-03	01_unzip_raw_data/02_unzip_lowcov_F8/H32TKDSX5_4_R14689_20230126/demultiplexed/216113/216113_TTAGGCTCAATCGAATGGAA_S48_L004_R1_001.fastq.gz	01_unzip_raw_data/02_unzip_lowcov_F8/H32TKDSX5_4_R14689_20230126/demultiplexed/216113/216113_TTAGGCTCAATCGAATGGAA_S48_L004_R2_001.fastq.gz	03_rename_fastq_files/F8_low_cov/ISC_401.2_F8lowcov_1H6_run2_R1.fastq.gz	03_rename_fastq_files/F8_low_cov/ISC_401.2_F8lowcov_1H6_run2_R2.fastq.gz
ISC_402.1	9450x9356_rep1	ISC_402.1_F8lowcov	2A9	2022-12-03	01_unzip_raw_data/02_unzip_lowcov_F8/H32TKDSX5_3_R14689_20230126/demultiplexed/216110/216110_AGACACATTAGTAAGGCATA_S353_L003_R1_001.fastq.gz	01_unzip_raw_data/02_unzip_lowcov_F8/H32TKDSX5_3_R14689_20230126/demultiplexed/216110/216110_AGACACATTAGTAAGGCATA_S353_L003_R2_001.fastq.gz	03_rename_fastq_files/F8_low_cov/ISC_402.1_F8lowcov_2A9_run1_R1.fastq.gz	03_rename_fastq_files/F8_low_cov/ISC_402.1_F8lowcov_2A9_run1_R2.fastq.gz
ISC_402.1	9450x9356_rep1	ISC_402.1_F8lowcov	2A9	2022-12-03	01_unzip_raw_data/02_unzip_lowcov_F8/H32TKDSX5_4_R14689_20230126/demultiplexed/216110/216110_AGACACATTAGTAAGGCATA_S353_L004_R1_001.fastq.gz	01_unzip_raw_data/02_unzip_lowcov_F8/H32TKDSX5_4_R14689_20230126/demultiplexed/216110/216110_AGACACATTAGTAAGGCATA_S353_L004_R2_001.fastq.gz	03_rename_fastq_files/F8_low_cov/ISC_402.1_F8lowcov_2A9_run2_R1.fastq.gz	03_rename_fastq_files/F8_low_cov/ISC_402.1_F8lowcov_2A9_run2_R2.fastq.gz
ISC_403.2	9450x9356_rep2	ISC_403.2_F8lowcov	3F3	2022-12-03	01_unzip_raw_data/02_unzip_lowcov_F8/H32TKDSX5_3_R14689_20230126/demultiplexed/216112/216112_TTATACGCGAGCCGTCTGTT_S118_L003_R1_001.fastq.gz	01_unzip_raw_data/02_unzip_lowcov_F8/H32TKDSX5_3_R14689_20230126/demultiplexed/216112/216112_TTATACGCGAGCCGTCTGTT_S118_L003_R2_001.fastq.gz	03_rename_fastq_files/F8_low_cov/ISC_403.2_F8lowcov_3F3_run1_R1.fastq.gz	03_rename_fastq_files/F8_low_cov/ISC_403.2_F8lowcov_3F3_run1_R2.fastq.gz
ISC_403.2	9450x9356_rep2	ISC_403.2_F8lowcov	3F3	2022-12-03	01_unzip_raw_data/02_unzip_lowcov_F8/H32TKDSX5_4_R14689_20230126/demultiplexed/216112/216112_TTATACGCGAGCCGTCTGTT_S118_L004_R1_001.fastq.gz	01_unzip_raw_data/02_unzip_lowcov_F8/H32TKDSX5_4_R14689_20230126/demultiplexed/216112/216112_TTATACGCGAGCCGTCTGTT_S118_L004_R2_001.fastq.gz	03_rename_fastq_files/F8_low_cov/ISC_403.2_F8lowcov_3F3_run2_R1.fastq.gz	03_rename_fastq_files/F8_low_cov/ISC_403.2_F8lowcov_3F3_run2_R2.fastq.gz
ISC_404.1	9451x9437_rep1	ISC_404.1_F8lowcov	3H1	2022-12-03	01_unzip_raw_data/02_unzip_lowcov_F8/H32TKDSX5_3_R14689_20230126/demultiplexed/216112/216112_GAGGTTAGACAATGTATTGC_S104_L003_R1_001.fastq.gz	01_unzip_raw_data/02_unzip_lowcov_F8/H32TKDSX5_3_R14689_20230126/demultiplexed/216112/216112_GAGGTTAGACAATGTATTGC_S104_L003_R2_001.fastq.gz	03_rename_fastq_files/F8_low_cov/ISC_404.1_F8lowcov_3H1_run1_R1.fastq.gz	03_rename_fastq_files/F8_low_cov/ISC_404.1_F8lowcov_3H1_run1_R2.fastq.gz
ISC_404.1	9451x9437_rep1	ISC_404.1_F8lowcov	3H1	2022-12-03	01_unzip_raw_data/02_unzip_lowcov_F8/H32TKDSX5_4_R14689_20230126/demultiplexed/216112/216112_GAGGTTAGACAATGTATTGC_S104_L004_R1_001.fastq.gz	01_unzip_raw_data/02_unzip_lowcov_F8/H32TKDSX5_4_R14689_20230126/demultiplexed/216112/216112_GAGGTTAGACAATGTATTGC_S104_L004_R2_001.fastq.gz	03_rename_fastq_files/F8_low_cov/ISC_404.1_F8lowcov_3H1_run2_R1.fastq.gz	03_rename_fastq_files/F8_low_cov/ISC_404.1_F8lowcov_3H1_run2_R2.fastq.gz
ISC_405.2	9451x9437_rep2	ISC_405.2_F8lowcov	4A12	2022-12-03	01_unzip_raw_data/02_unzip_lowcov_F8/H32TKDSX5_3_R14689_20230126/demultiplexed/216111/216111_ACGGTCCAACTCTTACATCA_S281_L003_R1_001.fastq.gz	01_unzip_raw_data/02_unzip_lowcov_F8/H32TKDSX5_3_R14689_20230126/demultiplexed/216111/216111_ACGGTCCAACTCTTACATCA_S281_L003_R2_001.fastq.gz	03_rename_fastq_files/F8_low_cov/ISC_405.2_F8lowcov_4A12_run1_R1.fastq.gz	03_rename_fastq_files/F8_low_cov/ISC_405.2_F8lowcov_4A12_run1_R2.fastq.gz
ISC_405.2	9451x9437_rep2	ISC_405.2_F8lowcov	4A12	2022-12-03	01_unzip_raw_data/02_unzip_lowcov_F8/H32TKDSX5_4_R14689_20230126/demultiplexed/216111/216111_ACGGTCCAACTCTTACATCA_S281_L004_R1_001.fastq.gz	01_unzip_raw_data/02_unzip_lowcov_F8/H32TKDSX5_4_R14689_20230126/demultiplexed/216111/216111_ACGGTCCAACTCTTACATCA_S281_L004_R2_001.fastq.gz	03_rename_fastq_files/F8_low_cov/ISC_405.2_F8lowcov_4A12_run2_R1.fastq.gz	03_rename_fastq_files/F8_low_cov/ISC_405.2_F8lowcov_4A12_run2_R2.fastq.gz
ISC_406.1	9452x6114_rep1	ISC_406.1_F8lowcov	4B12	2022-12-03	01_unzip_raw_data/02_unzip_lowcov_F8/H32TKDSX5_3_R14689_20230126/demultiplexed/216111/216111_GTAACTTGGTCGCCATACCT_S282_L003_R1_001.fastq.gz	01_unzip_raw_data/02_unzip_lowcov_F8/H32TKDSX5_3_R14689_20230126/demultiplexed/216111/216111_GTAACTTGGTCGCCATACCT_S282_L003_R2_001.fastq.gz	03_rename_fastq_files/F8_low_cov/ISC_406.1_F8lowcov_4B12_run1_R1.fastq.gz	03_rename_fastq_files/F8_low_cov/ISC_406.1_F8lowcov_4B12_run1_R2.fastq.gz
ISC_406.1	9452x6114_rep1	ISC_406.1_F8lowcov	4B12	2022-12-03	01_unzip_raw_data/02_unzip_lowcov_F8/H32TKDSX5_4_R14689_20230126/demultiplexed/216111/216111_GTAACTTGGTCGCCATACCT_S282_L004_R1_001.fastq.gz	01_unzip_raw_data/02_unzip_lowcov_F8/H32TKDSX5_4_R14689_20230126/demultiplexed/216111/216111_GTAACTTGGTCGCCATACCT_S282_L004_R2_001.fastq.gz	03_rename_fastq_files/F8_low_cov/ISC_406.1_F8lowcov_4B12_run2_R1.fastq.gz	03_rename_fastq_files/F8_low_cov/ISC_406.1_F8lowcov_4B12_run2_R2.fastq.gz
ISC_407.2	9452x6114_rep2	ISC_407.2_F8lowcov	4A4	2022-12-03	01_unzip_raw_data/02_unzip_lowcov_F8/H32TKDSX5_3_R14689_20230126/demultiplexed/216111/216111_AGAGAACCTAGGTTATGCTA_S217_L003_R1_001.fastq.gz	01_unzip_raw_data/02_unzip_lowcov_F8/H32TKDSX5_3_R14689_20230126/demultiplexed/216111/216111_AGAGAACCTAGGTTATGCTA_S217_L003_R2_001.fastq.gz	03_rename_fastq_files/F8_low_cov/ISC_407.2_F8lowcov_4A4_run1_R1.fastq.gz	03_rename_fastq_files/F8_low_cov/ISC_407.2_F8lowcov_4A4_run1_R2.fastq.gz
ISC_407.2	9452x6114_rep2	ISC_407.2_F8lowcov	4A4	2022-12-03	01_unzip_raw_data/02_unzip_lowcov_F8/H32TKDSX5_4_R14689_20230126/demultiplexed/216111/216111_AGAGAACCTAGGTTATGCTA_S217_L004_R1_001.fastq.gz	01_unzip_raw_data/02_unzip_lowcov_F8/H32TKDSX5_4_R14689_20230126/demultiplexed/216111/216111_AGAGAACCTAGGTTATGCTA_S217_L004_R2_001.fastq.gz	03_rename_fastq_files/F8_low_cov/ISC_407.2_F8lowcov_4A4_run2_R1.fastq.gz	03_rename_fastq_files/F8_low_cov/ISC_407.2_F8lowcov_4A4_run2_R2.fastq.gz
ISC_408.1	9453x6106_rep1	ISC_408.1_F8lowcov	2C6	2022-12-03	01_unzip_raw_data/02_unzip_lowcov_F8/H32TKDSX5_3_R14689_20230126/demultiplexed/216110/216110_GGCGAGATGGTTCTATGGTT_S331_L003_R1_001.fastq.gz	01_unzip_raw_data/02_unzip_lowcov_F8/H32TKDSX5_3_R14689_20230126/demultiplexed/216110/216110_GGCGAGATGGTTCTATGGTT_S331_L003_R2_001.fastq.gz	03_rename_fastq_files/F8_low_cov/ISC_408.1_F8lowcov_2C6_run1_R1.fastq.gz	03_rename_fastq_files/F8_low_cov/ISC_408.1_F8lowcov_2C6_run1_R2.fastq.gz
ISC_408.1	9453x6106_rep1	ISC_408.1_F8lowcov	2C6	2022-12-03	01_unzip_raw_data/02_unzip_lowcov_F8/H32TKDSX5_4_R14689_20230126/demultiplexed/216110/216110_GGCGAGATGGTTCTATGGTT_S331_L004_R1_001.fastq.gz	01_unzip_raw_data/02_unzip_lowcov_F8/H32TKDSX5_4_R14689_20230126/demultiplexed/216110/216110_GGCGAGATGGTTCTATGGTT_S331_L004_R2_001.fastq.gz	03_rename_fastq_files/F8_low_cov/ISC_408.1_F8lowcov_2C6_run2_R1.fastq.gz	03_rename_fastq_files/F8_low_cov/ISC_408.1_F8lowcov_2C6_run2_R2.fastq.gz
ISC_409.2	9453x6106_rep2	ISC_409.2_F8lowcov	4D9	2022-12-03	01_unzip_raw_data/02_unzip_lowcov_F8/H32TKDSX5_3_R14689_20230126/demultiplexed/216111/216111_CGTGTACCAGAGGATAAGTT_S260_L003_R1_001.fastq.gz	01_unzip_raw_data/02_unzip_lowcov_F8/H32TKDSX5_3_R14689_20230126/demultiplexed/216111/216111_CGTGTACCAGAGGATAAGTT_S260_L003_R2_001.fastq.gz	03_rename_fastq_files/F8_low_cov/ISC_409.2_F8lowcov_4D9_run1_R1.fastq.gz	03_rename_fastq_files/F8_low_cov/ISC_409.2_F8lowcov_4D9_run1_R2.fastq.gz
ISC_409.2	9453x6106_rep2	ISC_409.2_F8lowcov	4D9	2022-12-03	01_unzip_raw_data/02_unzip_lowcov_F8/H32TKDSX5_4_R14689_20230126/demultiplexed/216111/216111_CGTGTACCAGAGGATAAGTT_S260_L004_R1_001.fastq.gz	01_unzip_raw_data/02_unzip_lowcov_F8/H32TKDSX5_4_R14689_20230126/demultiplexed/216111/216111_CGTGTACCAGAGGATAAGTT_S260_L004_R2_001.fastq.gz	03_rename_fastq_files/F8_low_cov/ISC_409.2_F8lowcov_4D9_run2_R1.fastq.gz	03_rename_fastq_files/F8_low_cov/ISC_409.2_F8lowcov_4D9_run2_R2.fastq.gz
ISC_410.1	9454x1363_rep1	ISC_410.1_F8lowcov	3A9	2022-12-03	01_unzip_raw_data/02_unzip_lowcov_F8/H32TKDSX5_3_R14689_20230126/demultiplexed/216112/216112_GTAACAATCTCTCTGTATAC_S161_L003_R1_001.fastq.gz	01_unzip_raw_data/02_unzip_lowcov_F8/H32TKDSX5_3_R14689_20230126/demultiplexed/216112/216112_GTAACAATCTCTCTGTATAC_S161_L003_R2_001.fastq.gz	03_rename_fastq_files/F8_low_cov/ISC_410.1_F8lowcov_3A9_run1_R1.fastq.gz	03_rename_fastq_files/F8_low_cov/ISC_410.1_F8lowcov_3A9_run1_R2.fastq.gz
ISC_410.1	9454x1363_rep1	ISC_410.1_F8lowcov	3A9	2022-12-03	01_unzip_raw_data/02_unzip_lowcov_F8/H32TKDSX5_4_R14689_20230126/demultiplexed/216112/216112_GTAACAATCTCTCTGTATAC_S161_L004_R1_001.fastq.gz	01_unzip_raw_data/02_unzip_lowcov_F8/H32TKDSX5_4_R14689_20230126/demultiplexed/216112/216112_GTAACAATCTCTCTGTATAC_S161_L004_R2_001.fastq.gz	03_rename_fastq_files/F8_low_cov/ISC_410.1_F8lowcov_3A9_run2_R1.fastq.gz	03_rename_fastq_files/F8_low_cov/ISC_410.1_F8lowcov_3A9_run2_R2.fastq.gz
ISC_411.2	9454x1363_rep2	ISC_411.2_F8lowcov	4H6	2022-12-03	01_unzip_raw_data/02_unzip_lowcov_F8/H32TKDSX5_3_R14689_20230126/demultiplexed/216111/216111_AATCCAATTGCATGTAGAGG_S240_L003_R1_001.fastq.gz	01_unzip_raw_data/02_unzip_lowcov_F8/H32TKDSX5_3_R14689_20230126/demultiplexed/216111/216111_AATCCAATTGCATGTAGAGG_S240_L003_R2_001.fastq.gz	03_rename_fastq_files/F8_low_cov/ISC_411.2_F8lowcov_4H6_run1_R1.fastq.gz	03_rename_fastq_files/F8_low_cov/ISC_411.2_F8lowcov_4H6_run1_R2.fastq.gz
ISC_411.2	9454x1363_rep2	ISC_411.2_F8lowcov	4H6	2022-12-03	01_unzip_raw_data/02_unzip_lowcov_F8/H32TKDSX5_4_R14689_20230126/demultiplexed/216111/216111_AATCCAATTGCATGTAGAGG_S240_L004_R1_001.fastq.gz	01_unzip_raw_data/02_unzip_lowcov_F8/H32TKDSX5_4_R14689_20230126/demultiplexed/216111/216111_AATCCAATTGCATGTAGAGG_S240_L004_R2_001.fastq.gz	03_rename_fastq_files/F8_low_cov/ISC_411.2_F8lowcov_4H6_run2_R1.fastq.gz	03_rename_fastq_files/F8_low_cov/ISC_411.2_F8lowcov_4H6_run2_R2.fastq.gz
ISC_412.1	9455x9371_rep1	ISC_412.1_F8lowcov	4D12	2022-12-03	01_unzip_raw_data/02_unzip_lowcov_F8/H32TKDSX5_3_R14689_20230126/demultiplexed/216111/216111_TGCTACTGCCCAACCGGAGG_S284_L003_R1_001.fastq.gz	01_unzip_raw_data/02_unzip_lowcov_F8/H32TKDSX5_3_R14689_20230126/demultiplexed/216111/216111_TGCTACTGCCCAACCGGAGG_S284_L003_R2_001.fastq.gz	03_rename_fastq_files/F8_low_cov/ISC_412.1_F8lowcov_4D12_run1_R1.fastq.gz	03_rename_fastq_files/F8_low_cov/ISC_412.1_F8lowcov_4D12_run1_R2.fastq.gz
ISC_412.1	9455x9371_rep1	ISC_412.1_F8lowcov	4D12	2022-12-03	01_unzip_raw_data/02_unzip_lowcov_F8/H32TKDSX5_4_R14689_20230126/demultiplexed/216111/216111_TGCTACTGCCCAACCGGAGG_S284_L004_R1_001.fastq.gz	01_unzip_raw_data/02_unzip_lowcov_F8/H32TKDSX5_4_R14689_20230126/demultiplexed/216111/216111_TGCTACTGCCCAACCGGAGG_S284_L004_R2_001.fastq.gz	03_rename_fastq_files/F8_low_cov/ISC_412.1_F8lowcov_4D12_run2_R1.fastq.gz	03_rename_fastq_files/F8_low_cov/ISC_412.1_F8lowcov_4D12_run2_R2.fastq.gz
ISC_413.2	9455x9371_rep2	ISC_413.2_F8lowcov	4E1	2022-12-03	01_unzip_raw_data/02_unzip_lowcov_F8/H32TKDSX5_3_R14689_20230126/demultiplexed/216111/216111_ATATGCATGTTGGTGCCTGG_S197_L003_R1_001.fastq.gz	01_unzip_raw_data/02_unzip_lowcov_F8/H32TKDSX5_3_R14689_20230126/demultiplexed/216111/216111_ATATGCATGTTGGTGCCTGG_S197_L003_R2_001.fastq.gz	03_rename_fastq_files/F8_low_cov/ISC_413.2_F8lowcov_4E1_run1_R1.fastq.gz	03_rename_fastq_files/F8_low_cov/ISC_413.2_F8lowcov_4E1_run1_R2.fastq.gz
ISC_413.2	9455x9371_rep2	ISC_413.2_F8lowcov	4E1	2022-12-03	01_unzip_raw_data/02_unzip_lowcov_F8/H32TKDSX5_4_R14689_20230126/demultiplexed/216111/216111_ATATGCATGTTGGTGCCTGG_S197_L004_R1_001.fastq.gz	01_unzip_raw_data/02_unzip_lowcov_F8/H32TKDSX5_4_R14689_20230126/demultiplexed/216111/216111_ATATGCATGTTGGTGCCTGG_S197_L004_R2_001.fastq.gz	03_rename_fastq_files/F8_low_cov/ISC_413.2_F8lowcov_4E1_run2_R1.fastq.gz	03_rename_fastq_files/F8_low_cov/ISC_413.2_F8lowcov_4E1_run2_R2.fastq.gz
ISC_414.1	9470x6107_rep1	ISC_414.1_F8lowcov	1B6	2022-12-03	01_unzip_raw_data/02_unzip_lowcov_F8/H32TKDSX5_3_R14689_20230126/demultiplexed/216113/216113_AGCTAGCTTCTAATACGGAG_S42_L003_R1_001.fastq.gz	01_unzip_raw_data/02_unzip_lowcov_F8/H32TKDSX5_3_R14689_20230126/demultiplexed/216113/216113_AGCTAGCTTCTAATACGGAG_S42_L003_R2_001.fastq.gz	03_rename_fastq_files/F8_low_cov/ISC_414.1_F8lowcov_1B6_run1_R1.fastq.gz	03_rename_fastq_files/F8_low_cov/ISC_414.1_F8lowcov_1B6_run1_R2.fastq.gz
ISC_414.1	9470x6107_rep1	ISC_414.1_F8lowcov	1B6	2022-12-03	01_unzip_raw_data/02_unzip_lowcov_F8/H32TKDSX5_4_R14689_20230126/demultiplexed/216113/216113_AGCTAGCTTCTAATACGGAG_S42_L004_R1_001.fastq.gz	01_unzip_raw_data/02_unzip_lowcov_F8/H32TKDSX5_4_R14689_20230126/demultiplexed/216113/216113_AGCTAGCTTCTAATACGGAG_S42_L004_R2_001.fastq.gz	03_rename_fastq_files/F8_low_cov/ISC_414.1_F8lowcov_1B6_run2_R1.fastq.gz	03_rename_fastq_files/F8_low_cov/ISC_414.1_F8lowcov_1B6_run2_R2.fastq.gz
ISC_415.2	9470x6107_rep2	ISC_415.2_F8lowcov	3B9	2022-12-03	01_unzip_raw_data/02_unzip_lowcov_F8/H32TKDSX5_3_R14689_20230126/demultiplexed/216112/216112_CAGCGGTAGAGCAACAGGTG_S162_L003_R1_001.fastq.gz	01_unzip_raw_data/02_unzip_lowcov_F8/H32TKDSX5_3_R14689_20230126/demultiplexed/216112/216112_CAGCGGTAGAGCAACAGGTG_S162_L003_R2_001.fastq.gz	03_rename_fastq_files/F8_low_cov/ISC_415.2_F8lowcov_3B9_run1_R1.fastq.gz	03_rename_fastq_files/F8_low_cov/ISC_415.2_F8lowcov_3B9_run1_R2.fastq.gz
ISC_415.2	9470x6107_rep2	ISC_415.2_F8lowcov	3B9	2022-12-03	01_unzip_raw_data/02_unzip_lowcov_F8/H32TKDSX5_4_R14689_20230126/demultiplexed/216112/216112_CAGCGGTAGAGCAACAGGTG_S162_L004_R1_001.fastq.gz	01_unzip_raw_data/02_unzip_lowcov_F8/H32TKDSX5_4_R14689_20230126/demultiplexed/216112/216112_CAGCGGTAGAGCAACAGGTG_S162_L004_R2_001.fastq.gz	03_rename_fastq_files/F8_low_cov/ISC_415.2_F8lowcov_3B9_run2_R1.fastq.gz	03_rename_fastq_files/F8_low_cov/ISC_415.2_F8lowcov_3B9_run2_R2.fastq.gz
ISC_416.1	9471x9450_rep1	ISC_416.1_F8lowcov	2H8	2022-12-03	01_unzip_raw_data/02_unzip_lowcov_F8/H32TKDSX5_3_R14689_20230126/demultiplexed/216110/216110_GTTCGCGCCAAACTGATACT_S352_L003_R1_001.fastq.gz	01_unzip_raw_data/02_unzip_lowcov_F8/H32TKDSX5_3_R14689_20230126/demultiplexed/216110/216110_GTTCGCGCCAAACTGATACT_S352_L003_R2_001.fastq.gz	03_rename_fastq_files/F8_low_cov/ISC_416.1_F8lowcov_2H8_run1_R1.fastq.gz	03_rename_fastq_files/F8_low_cov/ISC_416.1_F8lowcov_2H8_run1_R2.fastq.gz
ISC_416.1	9471x9450_rep1	ISC_416.1_F8lowcov	2H8	2022-12-03	01_unzip_raw_data/02_unzip_lowcov_F8/H32TKDSX5_4_R14689_20230126/demultiplexed/216110/216110_GTTCGCGCCAAACTGATACT_S352_L004_R1_001.fastq.gz	01_unzip_raw_data/02_unzip_lowcov_F8/H32TKDSX5_4_R14689_20230126/demultiplexed/216110/216110_GTTCGCGCCAAACTGATACT_S352_L004_R2_001.fastq.gz	03_rename_fastq_files/F8_low_cov/ISC_416.1_F8lowcov_2H8_run2_R1.fastq.gz	03_rename_fastq_files/F8_low_cov/ISC_416.1_F8lowcov_2H8_run2_R2.fastq.gz
ISC_417.2	9471x9450_rep2	ISC_417.2_F8lowcov	2B6	2022-12-03	01_unzip_raw_data/02_unzip_lowcov_F8/H32TKDSX5_3_R14689_20230126/demultiplexed/216110/216110_GCCATTAGACAGTGGTCAGG_S330_L003_R1_001.fastq.gz	01_unzip_raw_data/02_unzip_lowcov_F8/H32TKDSX5_3_R14689_20230126/demultiplexed/216110/216110_GCCATTAGACAGTGGTCAGG_S330_L003_R2_001.fastq.gz	03_rename_fastq_files/F8_low_cov/ISC_417.2_F8lowcov_2B6_run1_R1.fastq.gz	03_rename_fastq_files/F8_low_cov/ISC_417.2_F8lowcov_2B6_run1_R2.fastq.gz
ISC_417.2	9471x9450_rep2	ISC_417.2_F8lowcov	2B6	2022-12-03	01_unzip_raw_data/02_unzip_lowcov_F8/H32TKDSX5_4_R14689_20230126/demultiplexed/216110/216110_GCCATTAGACAGTGGTCAGG_S330_L004_R1_001.fastq.gz	01_unzip_raw_data/02_unzip_lowcov_F8/H32TKDSX5_4_R14689_20230126/demultiplexed/216110/216110_GCCATTAGACAGTGGTCAGG_S330_L004_R2_001.fastq.gz	03_rename_fastq_files/F8_low_cov/ISC_417.2_F8lowcov_2B6_run2_R1.fastq.gz	03_rename_fastq_files/F8_low_cov/ISC_417.2_F8lowcov_2B6_run2_R2.fastq.gz
ISC_418.1	9476x991_rep1	ISC_418.1_F8lowcov	3G8	2022-12-03	01_unzip_raw_data/02_unzip_lowcov_F8/H32TKDSX5_3_R14689_20230126/demultiplexed/216112/216112_TCAGTCTCGTCACGGATTAT_S159_L003_R1_001.fastq.gz	01_unzip_raw_data/02_unzip_lowcov_F8/H32TKDSX5_3_R14689_20230126/demultiplexed/216112/216112_TCAGTCTCGTCACGGATTAT_S159_L003_R2_001.fastq.gz	03_rename_fastq_files/F8_low_cov/ISC_418.1_F8lowcov_3G8_run1_R1.fastq.gz	03_rename_fastq_files/F8_low_cov/ISC_418.1_F8lowcov_3G8_run1_R2.fastq.gz
ISC_418.1	9476x991_rep1	ISC_418.1_F8lowcov	3G8	2022-12-03	01_unzip_raw_data/02_unzip_lowcov_F8/H32TKDSX5_4_R14689_20230126/demultiplexed/216112/216112_TCAGTCTCGTCACGGATTAT_S159_L004_R1_001.fastq.gz	01_unzip_raw_data/02_unzip_lowcov_F8/H32TKDSX5_4_R14689_20230126/demultiplexed/216112/216112_TCAGTCTCGTCACGGATTAT_S159_L004_R2_001.fastq.gz	03_rename_fastq_files/F8_low_cov/ISC_418.1_F8lowcov_3G8_run2_R1.fastq.gz	03_rename_fastq_files/F8_low_cov/ISC_418.1_F8lowcov_3G8_run2_R2.fastq.gz
ISC_419.2	9476x991_rep2	ISC_419.2_F8lowcov	3F8	2022-12-03	01_unzip_raw_data/02_unzip_lowcov_F8/H32TKDSX5_3_R14689_20230126/demultiplexed/216112/216112_AAGCATCTTGCATTCAACAA_S158_L003_R1_001.fastq.gz	01_unzip_raw_data/02_unzip_lowcov_F8/H32TKDSX5_3_R14689_20230126/demultiplexed/216112/216112_AAGCATCTTGCATTCAACAA_S158_L003_R2_001.fastq.gz	03_rename_fastq_files/F8_low_cov/ISC_419.2_F8lowcov_3F8_run1_R1.fastq.gz	03_rename_fastq_files/F8_low_cov/ISC_419.2_F8lowcov_3F8_run1_R2.fastq.gz
ISC_419.2	9476x991_rep2	ISC_419.2_F8lowcov	3F8	2022-12-03	01_unzip_raw_data/02_unzip_lowcov_F8/H32TKDSX5_4_R14689_20230126/demultiplexed/216112/216112_AAGCATCTTGCATTCAACAA_S158_L004_R1_001.fastq.gz	01_unzip_raw_data/02_unzip_lowcov_F8/H32TKDSX5_4_R14689_20230126/demultiplexed/216112/216112_AAGCATCTTGCATTCAACAA_S158_L004_R2_001.fastq.gz	03_rename_fastq_files/F8_low_cov/ISC_419.2_F8lowcov_3F8_run2_R1.fastq.gz	03_rename_fastq_files/F8_low_cov/ISC_419.2_F8lowcov_3F8_run2_R2.fastq.gz
ISC_420.1	9481x9399_rep1	ISC_420.1_F8lowcov	4E11	2022-12-03	01_unzip_raw_data/02_unzip_lowcov_F8/H32TKDSX5_3_R14689_20230126/demultiplexed/216111/216111_AATGCGAACAAATTGGCGGA_S277_L003_R1_001.fastq.gz	01_unzip_raw_data/02_unzip_lowcov_F8/H32TKDSX5_3_R14689_20230126/demultiplexed/216111/216111_AATGCGAACAAATTGGCGGA_S277_L003_R2_001.fastq.gz	03_rename_fastq_files/F8_low_cov/ISC_420.1_F8lowcov_4E11_run1_R1.fastq.gz	03_rename_fastq_files/F8_low_cov/ISC_420.1_F8lowcov_4E11_run1_R2.fastq.gz
ISC_420.1	9481x9399_rep1	ISC_420.1_F8lowcov	4E11	2022-12-03	01_unzip_raw_data/02_unzip_lowcov_F8/H32TKDSX5_4_R14689_20230126/demultiplexed/216111/216111_AATGCGAACAAATTGGCGGA_S277_L004_R1_001.fastq.gz	01_unzip_raw_data/02_unzip_lowcov_F8/H32TKDSX5_4_R14689_20230126/demultiplexed/216111/216111_AATGCGAACAAATTGGCGGA_S277_L004_R2_001.fastq.gz	03_rename_fastq_files/F8_low_cov/ISC_420.1_F8lowcov_4E11_run2_R1.fastq.gz	03_rename_fastq_files/F8_low_cov/ISC_420.1_F8lowcov_4E11_run2_R2.fastq.gz
ISC_421.2	9481x9399_rep2	ISC_421.2_F8lowcov	3E3	2022-12-03	01_unzip_raw_data/02_unzip_lowcov_F8/H32TKDSX5_3_R14689_20230126/demultiplexed/216112/216112_TTAGGATATCTATACCATGG_S117_L003_R1_001.fastq.gz	01_unzip_raw_data/02_unzip_lowcov_F8/H32TKDSX5_3_R14689_20230126/demultiplexed/216112/216112_TTAGGATATCTATACCATGG_S117_L003_R2_001.fastq.gz	03_rename_fastq_files/F8_low_cov/ISC_421.2_F8lowcov_3E3_run1_R1.fastq.gz	03_rename_fastq_files/F8_low_cov/ISC_421.2_F8lowcov_3E3_run1_R2.fastq.gz
ISC_421.2	9481x9399_rep2	ISC_421.2_F8lowcov	3E3	2022-12-03	01_unzip_raw_data/02_unzip_lowcov_F8/H32TKDSX5_4_R14689_20230126/demultiplexed/216112/216112_TTAGGATATCTATACCATGG_S117_L004_R1_001.fastq.gz	01_unzip_raw_data/02_unzip_lowcov_F8/H32TKDSX5_4_R14689_20230126/demultiplexed/216112/216112_TTAGGATATCTATACCATGG_S117_L004_R2_001.fastq.gz	03_rename_fastq_files/F8_low_cov/ISC_421.2_F8lowcov_3E3_run2_R1.fastq.gz	03_rename_fastq_files/F8_low_cov/ISC_421.2_F8lowcov_3E3_run2_R2.fastq.gz
ISC_422.1	991x6210_rep1	ISC_422.1_F8lowcov	3B7	2022-12-03	01_unzip_raw_data/02_unzip_lowcov_F8/H32TKDSX5_3_R14689_20230126/demultiplexed/216112/216112_CCTGCAACCTGTAGAGTCAG_S146_L003_R1_001.fastq.gz	01_unzip_raw_data/02_unzip_lowcov_F8/H32TKDSX5_3_R14689_20230126/demultiplexed/216112/216112_CCTGCAACCTGTAGAGTCAG_S146_L003_R2_001.fastq.gz	03_rename_fastq_files/F8_low_cov/ISC_422.1_F8lowcov_3B7_run1_R1.fastq.gz	03_rename_fastq_files/F8_low_cov/ISC_422.1_F8lowcov_3B7_run1_R2.fastq.gz
ISC_422.1	991x6210_rep1	ISC_422.1_F8lowcov	3B7	2022-12-03	01_unzip_raw_data/02_unzip_lowcov_F8/H32TKDSX5_4_R14689_20230126/demultiplexed/216112/216112_CCTGCAACCTGTAGAGTCAG_S146_L004_R1_001.fastq.gz	01_unzip_raw_data/02_unzip_lowcov_F8/H32TKDSX5_4_R14689_20230126/demultiplexed/216112/216112_CCTGCAACCTGTAGAGTCAG_S146_L004_R2_001.fastq.gz	03_rename_fastq_files/F8_low_cov/ISC_422.1_F8lowcov_3B7_run2_R1.fastq.gz	03_rename_fastq_files/F8_low_cov/ISC_422.1_F8lowcov_3B7_run2_R2.fastq.gz
ISC_423.2	991x6210_rep2	ISC_423.2_F8lowcov	2B4	2022-12-03	01_unzip_raw_data/02_unzip_lowcov_F8/H32TKDSX5_3_R14689_20230126/demultiplexed/216110/216110_CCTCGCAACCAATAGAGCAA_S314_L003_R1_001.fastq.gz	01_unzip_raw_data/02_unzip_lowcov_F8/H32TKDSX5_3_R14689_20230126/demultiplexed/216110/216110_CCTCGCAACCAATAGAGCAA_S314_L003_R2_001.fastq.gz	03_rename_fastq_files/F8_low_cov/ISC_423.2_F8lowcov_2B4_run1_R1.fastq.gz	03_rename_fastq_files/F8_low_cov/ISC_423.2_F8lowcov_2B4_run1_R2.fastq.gz
ISC_423.2	991x6210_rep2	ISC_423.2_F8lowcov	2B4	2022-12-03	01_unzip_raw_data/02_unzip_lowcov_F8/H32TKDSX5_4_R14689_20230126/demultiplexed/216110/216110_CCTCGCAACCAATAGAGCAA_S314_L004_R1_001.fastq.gz	01_unzip_raw_data/02_unzip_lowcov_F8/H32TKDSX5_4_R14689_20230126/demultiplexed/216110/216110_CCTCGCAACCAATAGAGCAA_S314_L004_R2_001.fastq.gz	03_rename_fastq_files/F8_low_cov/ISC_423.2_F8lowcov_2B4_run2_R1.fastq.gz	03_rename_fastq_files/F8_low_cov/ISC_423.2_F8lowcov_2B4_run2_R2.fastq.gz
ISC_424.1	992x9332_rep1	ISC_424.1_F8lowcov	3D10	2022-12-03	01_unzip_raw_data/02_unzip_lowcov_F8/H32TKDSX5_3_R14689_20230126/demultiplexed/216112/216112_AAGAGAGTCTTACGAATCTT_S172_L003_R1_001.fastq.gz	01_unzip_raw_data/02_unzip_lowcov_F8/H32TKDSX5_3_R14689_20230126/demultiplexed/216112/216112_AAGAGAGTCTTACGAATCTT_S172_L003_R2_001.fastq.gz	03_rename_fastq_files/F8_low_cov/ISC_424.1_F8lowcov_3D10_run1_R1.fastq.gz	03_rename_fastq_files/F8_low_cov/ISC_424.1_F8lowcov_3D10_run1_R2.fastq.gz
ISC_424.1	992x9332_rep1	ISC_424.1_F8lowcov	3D10	2022-12-03	01_unzip_raw_data/02_unzip_lowcov_F8/H32TKDSX5_4_R14689_20230126/demultiplexed/216112/216112_AAGAGAGTCTTACGAATCTT_S172_L004_R1_001.fastq.gz	01_unzip_raw_data/02_unzip_lowcov_F8/H32TKDSX5_4_R14689_20230126/demultiplexed/216112/216112_AAGAGAGTCTTACGAATCTT_S172_L004_R2_001.fastq.gz	03_rename_fastq_files/F8_low_cov/ISC_424.1_F8lowcov_3D10_run2_R1.fastq.gz	03_rename_fastq_files/F8_low_cov/ISC_424.1_F8lowcov_3D10_run2_R2.fastq.gz
ISC_425.2	992x9332_rep2	ISC_425.2_F8lowcov	2C7	2022-12-03	01_unzip_raw_data/02_unzip_lowcov_F8/H32TKDSX5_3_R14689_20230126/demultiplexed/216110/216110_GACAGACAGGACTGTTGTGA_S339_L003_R1_001.fastq.gz	01_unzip_raw_data/02_unzip_lowcov_F8/H32TKDSX5_3_R14689_20230126/demultiplexed/216110/216110_GACAGACAGGACTGTTGTGA_S339_L003_R2_001.fastq.gz	03_rename_fastq_files/F8_low_cov/ISC_425.2_F8lowcov_2C7_run1_R1.fastq.gz	03_rename_fastq_files/F8_low_cov/ISC_425.2_F8lowcov_2C7_run1_R2.fastq.gz
ISC_425.2	992x9332_rep2	ISC_425.2_F8lowcov	2C7	2022-12-03	01_unzip_raw_data/02_unzip_lowcov_F8/H32TKDSX5_4_R14689_20230126/demultiplexed/216110/216110_GACAGACAGGACTGTTGTGA_S339_L004_R1_001.fastq.gz	01_unzip_raw_data/02_unzip_lowcov_F8/H32TKDSX5_4_R14689_20230126/demultiplexed/216110/216110_GACAGACAGGACTGTTGTGA_S339_L004_R2_001.fastq.gz	03_rename_fastq_files/F8_low_cov/ISC_425.2_F8lowcov_2C7_run2_R1.fastq.gz	03_rename_fastq_files/F8_low_cov/ISC_425.2_F8lowcov_2C7_run2_R2.fastq.gz
ISC_426.1	997x8307_rep1	ISC_426.1_F8lowcov	2C2	2022-12-03	01_unzip_raw_data/02_unzip_lowcov_F8/H32TKDSX5_3_R14689_20230126/demultiplexed/216110/216110_GAACATACGGCATACACTGT_S299_L003_R1_001.fastq.gz	01_unzip_raw_data/02_unzip_lowcov_F8/H32TKDSX5_3_R14689_20230126/demultiplexed/216110/216110_GAACATACGGCATACACTGT_S299_L003_R2_001.fastq.gz	03_rename_fastq_files/F8_low_cov/ISC_426.1_F8lowcov_2C2_run1_R1.fastq.gz	03_rename_fastq_files/F8_low_cov/ISC_426.1_F8lowcov_2C2_run1_R2.fastq.gz
ISC_426.1	997x8307_rep1	ISC_426.1_F8lowcov	2C2	2022-12-03	01_unzip_raw_data/02_unzip_lowcov_F8/H32TKDSX5_4_R14689_20230126/demultiplexed/216110/216110_GAACATACGGCATACACTGT_S299_L004_R1_001.fastq.gz	01_unzip_raw_data/02_unzip_lowcov_F8/H32TKDSX5_4_R14689_20230126/demultiplexed/216110/216110_GAACATACGGCATACACTGT_S299_L004_R2_001.fastq.gz	03_rename_fastq_files/F8_low_cov/ISC_426.1_F8lowcov_2C2_run2_R1.fastq.gz	03_rename_fastq_files/F8_low_cov/ISC_426.1_F8lowcov_2C2_run2_R2.fastq.gz
ISC_427.2	997x8307_rep2	ISC_427.2_F8lowcov	2B11	2022-12-03	01_unzip_raw_data/02_unzip_lowcov_F8/H32TKDSX5_3_R14689_20230126/demultiplexed/216110/216110_TTGTAACGGTCTCATAGCGA_S370_L003_R1_001.fastq.gz	01_unzip_raw_data/02_unzip_lowcov_F8/H32TKDSX5_3_R14689_20230126/demultiplexed/216110/216110_TTGTAACGGTCTCATAGCGA_S370_L003_R2_001.fastq.gz	03_rename_fastq_files/F8_low_cov/ISC_427.2_F8lowcov_2B11_run1_R1.fastq.gz	03_rename_fastq_files/F8_low_cov/ISC_427.2_F8lowcov_2B11_run1_R2.fastq.gz
ISC_427.2	997x8307_rep2	ISC_427.2_F8lowcov	2B11	2022-12-03	01_unzip_raw_data/02_unzip_lowcov_F8/H32TKDSX5_4_R14689_20230126/demultiplexed/216110/216110_TTGTAACGGTCTCATAGCGA_S370_L004_R1_001.fastq.gz	01_unzip_raw_data/02_unzip_lowcov_F8/H32TKDSX5_4_R14689_20230126/demultiplexed/216110/216110_TTGTAACGGTCTCATAGCGA_S370_L004_R2_001.fastq.gz	03_rename_fastq_files/F8_low_cov/ISC_427.2_F8lowcov_2B11_run2_R1.fastq.gz	03_rename_fastq_files/F8_low_cov/ISC_427.2_F8lowcov_2B11_run2_R2.fastq.gz
ISC_428.2	9369x9434_rep2	ISC_428.2_F8lowcov	4D2	2022-12-03	01_unzip_raw_data/02_unzip_lowcov_F8/H32TKDSX5_3_R14689_20230126/demultiplexed/216111/216111_AGTACTCATGATGTCGTGGT_S204_L003_R1_001.fastq.gz	01_unzip_raw_data/02_unzip_lowcov_F8/H32TKDSX5_3_R14689_20230126/demultiplexed/216111/216111_AGTACTCATGATGTCGTGGT_S204_L003_R2_001.fastq.gz	03_rename_fastq_files/F8_low_cov/ISC_428.2_F8lowcov_4D2_run1_R1.fastq.gz	03_rename_fastq_files/F8_low_cov/ISC_428.2_F8lowcov_4D2_run1_R2.fastq.gz
ISC_428.2	9369x9434_rep2	ISC_428.2_F8lowcov	4D2	2022-12-03	01_unzip_raw_data/02_unzip_lowcov_F8/H32TKDSX5_4_R14689_20230126/demultiplexed/216111/216111_AGTACTCATGATGTCGTGGT_S204_L004_R1_001.fastq.gz	01_unzip_raw_data/02_unzip_lowcov_F8/H32TKDSX5_4_R14689_20230126/demultiplexed/216111/216111_AGTACTCATGATGTCGTGGT_S204_L004_R2_001.fastq.gz	03_rename_fastq_files/F8_low_cov/ISC_428.2_F8lowcov_4D2_run2_R1.fastq.gz	03_rename_fastq_files/F8_low_cov/ISC_428.2_F8lowcov_4D2_run2_R2.fastq.gz
ISC_429.1	6113x6917_rep1	ISC_429.1_F8lowcov	5A4	2023-01-19	01_unzip_raw_data/02_unzip_lowcov_F8/HMN2MDRX2_0_R14837_20230130/demultiplexed/219242/219242_CACTATCAACTCAGTTAATG_S25_R1_001.fastq.gz	01_unzip_raw_data/02_unzip_lowcov_F8/HMN2MDRX2_0_R14837_20230130/demultiplexed/219242/219242_CACTATCAACTCAGTTAATG_S25_R2_001.fastq.gz	03_rename_fastq_files/F8_low_cov/ISC_429.1_F8lowcov_5A4_run1_R1.fastq.gz	03_rename_fastq_files/F8_low_cov/ISC_429.1_F8lowcov_5A4_run1_R2.fastq.gz
